postid,userid,time_created,tweet_uris,tweet_urls
ffedf78b8973944588301b78830568e52b15083,61d90a57eb2dd9e494ff0bc1ae07c905,2019-10-01T08:39:22,['http://dbpedia.org/resource/Louie_Rankin'],[]
ffedf78b8973944588301b78830568e52b26013,5694b1df8a645f2da1c4006272b25e2d,2019-10-01T15:43:25,['http://dbpedia.org/resource/Feminism'],[]
ffedf78b8973944588301b78830568e52b26442,02e19b491ca155d5a2a6548963ce4590,2019-10-01T15:56:05,['http://dbpedia.org/resource/Twitter'],[]
ffedf78b8973944588301b78830568e52b17010,147f062baf81c264245fd14bdf601301,2019-10-01T10:12:17,['http://dbpedia.org/resource/United_States'],[]
ffedf78b8973944588301b78830568e52b12883,e11721d4bed3b6eea3292a33bf252652,2019-10-01T06:54:23,['http://dbpedia.org/resource/MacBook'],[]
ffedf78b8973944588301b78830568e52b4913,7cf2cdfbddf5d1183cd0b5a3bfee3258,2019-10-01T02:34:11,['http://dbpedia.org/resource/Jesus'],[]
ffedf78b8973944588301b78830568e52b4523,269f90eb1e9026b76ca44a3987956b65,2019-10-01T02:24:33,['http://dbpedia.org/resource/Heart_of_Midlothian_F.C.'],[]
ffedf78b8973944588301b78830568e52b5604,2fea5a33399005f54101d4a1b6cb44b1,2019-10-01T02:58:07,['http://dbpedia.org/resource/Sikhs'],[]
ffedf78b8973944588301b78830568e52b3272,b2e64c909602d621d7f5f325ad664069,2019-10-01T01:42:13,['http://dbpedia.org/resource/Coffee'],[]
ffedf78b8973944588301b78830568e52b34395,7ca7dcfad8c7e3ddce22dcc2b5cdd345,2019-10-01T19:06:12,['http://dbpedia.org/resource/Gmail'],[]
ffedf78b8973944588301b78830568e52b23275,ccecdcf91709f81b308eeb905802e909,2019-10-01T14:23:14,['http://dbpedia.org/resource/The_Beatles'],[]
ffedf78b8973944588301b78830568e52b32919,5b8428b441723029d85777f22e4a9165,2019-10-01T18:32:33,"['http://dbpedia.org/resource/Jungkook', 'http://dbpedia.org/resource/We_Love_You']",[]
ffedf78b8973944588301b78830568e52b5929,6460b9f0385f7af6e8f769e36ae55360,2019-10-01T03:09:27,['http://dbpedia.org/resource/James_Harden'],[]
ffedf78b8973944588301b78830568e52b5894,372c93779da46ebc4273d3aa1fed4de7,2019-10-01T03:07:20,"['http://dbpedia.org/resource/Feces', 'http://dbpedia.org/resource/Pest_control']",[]
ffedf78b8973944588301b78830568e52b3718,4439c0a8c23a5c74cf3ffe7b3222a322,2019-10-01T01:58:17,['http://dbpedia.org/resource/Walgreens'],[]
ffedf78b8973944588301b78830568e52b13373,046bcc441b03786d04b5cb47e8475b52,2019-10-01T07:13:00,['http://dbpedia.org/resource/Travis_Scott'],[]
ffedf78b8973944588301b78830568e52b9663,28fd2073cbaf7beb0e1aa5f100aea964,2019-10-01T04:55:03,['http://dbpedia.org/resource/We_Love_You'],[]
ffedf78b8973944588301b78830568e52b9058,8832e15b16d00ae7be230f885a848f67,2019-10-01T04:39:56,['http://dbpedia.org/resource/Halloween'],[]
ffedf78b8973944588301b78830568e52b986,7d5fb1da1fae27cde0e990e81f384974,2019-10-01T00:26:56,"['http://dbpedia.org/resource/Chicago', 'http://dbpedia.org/resource/Houston']",[]
ffedf78b8973944588301b78830568e52b12291,2d66a2116e0e11270fa79a7d18547051,2019-10-01T06:24:02,['http://dbpedia.org/resource/Nice'],[]
ffedf78b8973944588301b78830568e52b31743,07ae99416977d6e627a332c878e2d3ef,2019-10-01T18:02:23,['http://dbpedia.org/resource/BET'],[]
ffedf78b8973944588301b78830568e52b9904,1d0ad54083c5ab364324084701801742,2019-10-01T05:02:02,['http://dbpedia.org/resource/Twitter'],[]
ffedf78b8973944588301b78830568e52b31386,7d344dba372e45dc788f8c3e3e4106cc,2019-10-01T17:55:12,['http://dbpedia.org/resource/Soul_music'],[]
ffedf78b8973944588301b78830568e52b29689,4baac3573fb832854086e23e8d75a399,2019-10-01T17:18:03,['http://dbpedia.org/resource/Joe_Biden'],[]
ffedf78b8973944588301b78830568e52b34862,e61b558646b979b2496289615eefaece,2019-10-01T19:15:57,['http://dbpedia.org/resource/Engadget'],[]
ffedf78b8973944588301b78830568e52b1672,23364a2efb79e975c1e5544f3c0c8d6d,2019-10-01T00:47:00,['http://dbpedia.org/resource/Halloween'],[]
ffedf78b8973944588301b78830568e52b25366,61e71f5ed9d3141c0dc15d465ce9ba1f,2019-10-01T15:23:31,['http://dbpedia.org/resource/National_Collegiate_Athletic_Association'],[]
ffedf78b8973944588301b78830568e52b17937,1dd607ecda1f3982f4533b63462417f3,2019-10-01T10:59:06,['http://dbpedia.org/resource/Defensively_equipped_merchant_ship'],[]
ffedf78b8973944588301b78830568e52b10731,bf29004f52b577f81a06e42e1d4392b6,2019-10-01T05:24:14,['http://dbpedia.org/resource/Sexual_assault'],[]
ffedf78b8973944588301b78830568e52b35773,d144dd30182281282a7c3f81b3e6c57c,2019-10-01T19:42:03,['http://dbpedia.org/resource/Real_Madrid_CF'],[]
ffedf78b8973944588301b78830568e52b36315,36031982521bcd0603dd1baba2e3ed65,2019-10-01T19:52:26,['http://dbpedia.org/resource/Instagram'],[]
ffedf78b8973944588301b78830568e52b12604,6ddf9433e4e3fbc8ba31777db22f6c9e,2019-10-01T06:37:19,"['http://dbpedia.org/resource/BTS', 'http://dbpedia.org/resource/Thruxton_Circuit']",[]
ffedf78b8973944588301b78830568e52b5220,ad57935b7a411cf1f5f7254b82005806,2019-10-01T02:45:51,"['http://dbpedia.org/resource/JPMorgan_Chase', 'http://dbpedia.org/resource/Netflix']",[]
ffedf78b8973944588301b78830568e52b13482,e4bff4491169aef6dea99994e8272287,2019-10-01T07:17:21,['http://dbpedia.org/resource/Nice'],[]
ffedf78b8973944588301b78830568e52b17801,1fa94c84c31005eca38b9ee076b01db4,2019-10-01T10:54:19,['http://dbpedia.org/resource/Middle_Ages'],[]
ffedf78b8973944588301b78830568e52b284,e8ac03450a951f9b78ea460f408d3637,2019-10-01T00:06:13,['http://dbpedia.org/resource/East_Africa_Time'],[]
ffedf78b8973944588301b78830568e52b36091,bdfd3e269b73b8180da1bdf439891706,2019-10-01T19:48:30,['http://dbpedia.org/resource/Halloween'],[]
ffedf78b8973944588301b78830568e52b1835,e6afa6c44e313b1bb90152fedd1b4fb3,2019-10-01T00:53:06,['http://dbpedia.org/resource/Twitter'],[]
ffedf78b8973944588301b78830568e52b15706,1844b7b1b82b2668a9ceb6ebf48bbdca,2019-10-01T09:08:22,['http://dbpedia.org/resource/President_of_the_United_States'],[]
ffedf78b8973944588301b78830568e52b9116,7b667f4591867ad1483231cd212d44a5,2019-10-01T04:41:19,"['http://dbpedia.org/resource/ESPN', 'http://dbpedia.org/resource/Hulu', 'http://dbpedia.org/resource/Spotify']",[]
ffedf78b8973944588301b78830568e52b13113,1ff529ca98cbe950b4816a5f91cd7c96,2019-10-01T07:02:44,['http://dbpedia.org/resource/BTS'],[]
ffedf78b8973944588301b78830568e52b27522,3e0fec035398c8a6f39a83dde4823107,2019-10-01T16:23:42,"['http://dbpedia.org/resource/Gucci', 'http://dbpedia.org/resource/Gucci_Mane']",[]
ffedf78b8973944588301b78830568e52b10141,f56cfd621f41d45d1aa9f430885942bb,2019-10-01T05:08:05,['http://dbpedia.org/resource/President_of_the_United_States'],[]
ffedf78b8973944588301b78830568e52b30536,e30d5f11c2b5932a88147f32e2715a38,2019-10-01T17:36:05,['http://dbpedia.org/resource/Maine'],[]
ffedf78b8973944588301b78830568e52b16958,b27ee75e66320c5931e68529481fba04,2019-10-01T10:10:56,['http://dbpedia.org/resource/India'],[]
ffedf78b8973944588301b78830568e52b18586,a29629a27d9fa96070719e4553cca71b,2019-10-01T11:31:01,['http://dbpedia.org/resource/Air_pollution'],[]
ffedf78b8973944588301b78830568e52b35478,e7e5b73d83d8cee3aeb54cb221a0bac2,2019-10-01T19:34:56,"['http://dbpedia.org/resource/BTS', 'http://dbpedia.org/resource/Castilian_Party']",[]
ffedf78b8973944588301b78830568e52b12368,eb690f296b307da00543699a10850fe1,2019-10-01T06:27:11,['http://dbpedia.org/resource/Kamala_Harris'],[]
ffedf78b8973944588301b78830568e52b12691,b3c521757c1d151e9a7ee73d7503f8a1,2019-10-01T06:40:29,['http://dbpedia.org/resource/Social_media'],[]
ffedf78b8973944588301b78830568e52b16772,84d9c29a7071de8c40c14af7f687dfdd,2019-10-01T10:01:39,['http://dbpedia.org/resource/Four-wheel_drive'],[]
ffedf78b8973944588301b78830568e52b7007,b05ac5de8d245a0db147ef357452ffb3,2019-10-01T03:37:36,['http://dbpedia.org/resource/Trick-or-treating'],[]
ffedf78b8973944588301b78830568e52b33178,3035bd9c1d5ed186eb5bbc2c0ec0d1a1,2019-10-01T18:37:26,['http://dbpedia.org/resource/Becky_G'],[]
ffedf78b8973944588301b78830568e52b27878,f86cba83e7c58c6ef970495339fdccba,2019-10-01T16:33:49,['http://dbpedia.org/resource/Patrick_Kane'],[]
ffedf78b8973944588301b78830568e52b5396,aea74b8e604671580a86e62914ba093c,2019-10-01T02:53:31,['http://dbpedia.org/resource/Fox_News'],[]
ffedf78b8973944588301b78830568e52b32115,00c63ed0a3464914c17f9d045c88c9ce,2019-10-01T18:11:41,"['http://dbpedia.org/resource/Drew_Brees', 'http://dbpedia.org/resource/Teddy_Bridgewater']",[]
ffedf78b8973944588301b78830568e52b25638,c63900a6b01157ffa46285cbd678b7a5,2019-10-01T15:32:14,['http://dbpedia.org/resource/Jeffrey_Epstein'],[]
ffedf78b8973944588301b78830568e52b8223,21e277d0fec26efb8c2e70c4f0a8498a,2019-10-01T04:16:11,['http://dbpedia.org/resource/Chicago'],[]
ffedf78b8973944588301b78830568e52b556,9f11b4a2524391cf4ee32c8bf9fc8661,2019-10-01T00:17:12,['http://dbpedia.org/resource/The_Sydney_Morning_Herald'],[]
ffedf78b8973944588301b78830568e52b2872,f193705bc41fb382bb12e6ba6179874e,2019-10-01T01:22:26,['http://dbpedia.org/resource/Coffee'],[]
ffedf78b8973944588301b78830568e52b15165,b01a400f7915307dbd59da2795730a45,2019-10-01T08:42:44,['http://dbpedia.org/resource/Travis_Scott'],[]
ffedf78b8973944588301b78830568e52b4838,af50fc6b0b02702a5784a1d6588c5b06,2019-10-01T02:32:19,['http://dbpedia.org/resource/Qantas'],[]
ffedf78b8973944588301b78830568e52b22812,94ab650355378b04e24b39084bed91a0,2019-10-01T14:11:02,"['http://dbpedia.org/resource/Computer_security', 'http://dbpedia.org/resource/Digital_transformation']",[]
ffedf78b8973944588301b78830568e52b32776,c5072052711bd8da20c2bfe7c265c6fd,2019-10-01T18:28:26,['http://dbpedia.org/resource/Twitter'],[]
ffedf78b8973944588301b78830568e52b33186,be8ac49c52570ed37a0afe3aed264410,2019-10-01T18:38:05,['http://dbpedia.org/resource/Louie_Rankin'],[]
ffedf78b8973944588301b78830568e52b10966,e10036f29051386c7b8118979e6fef4b,2019-10-01T05:32:06,['http://dbpedia.org/resource/Chelsea_F.C.'],[]
ffedf78b8973944588301b78830568e52b9349,fae0001a875bcebdc33ae35a7555f5c7,2019-10-01T04:47:35,['http://dbpedia.org/resource/Chicago'],[]
ffedf78b8973944588301b78830568e52b27833,123720a550cca7d544aa4691e3ce1adf,2019-10-01T16:32:24,['http://dbpedia.org/resource/Twitter'],[]
ffedf78b8973944588301b78830568e52b34898,1c64c20054bbfc9a6af04e065a2b12e0,2019-10-01T19:17:09,['http://dbpedia.org/resource/Los_Angeles'],[]
ffedf78b8973944588301b78830568e52b25016,241712d705283a9f4c4ca74cb3eb6357,2019-10-01T15:15:16,['http://dbpedia.org/resource/Nice'],[]
ffedf78b8973944588301b78830568e52b15495,17bd8cced839aac6b684121ccf23a327,2019-10-01T09:01:20,['http://dbpedia.org/resource/Twitter'],[]
ffedf78b8973944588301b78830568e52b10582,b03c70427e049deb896470a33346317c,2019-10-01T05:18:30,['http://dbpedia.org/resource/Bengal'],[]
ffedf78b8973944588301b78830568e52b2165,8a03d29c2a38641f1a8b8f6c1fa2e6c5,2019-10-01T01:01:04,['http://dbpedia.org/resource/American_Airlines_Center'],[]
ffedf78b8973944588301b78830568e52b9259,2a1c18f10bf27d25c16d7507d0074cde,2019-10-01T04:45:35,['http://dbpedia.org/resource/TikTok'],[]
ffedf78b8973944588301b78830568e52b26775,6b1fe30f4354ef6a049a00e19da3128b,2019-10-01T16:03:10,"['http://dbpedia.org/resource/Frank_Gore', 'http://dbpedia.org/resource/South_Florida']",[]
ffedf78b8973944588301b78830568e52b28207,83a1ce864b3f8e00767d751c8a362d7f,2019-10-01T16:43:01,['http://dbpedia.org/resource/Nazism'],[]
ffedf78b8973944588301b78830568e52b12212,d858cc89e981227b3774058fe0d8019b,2019-10-01T06:21:13,['http://dbpedia.org/resource/Twitter'],[]
ffedf78b8973944588301b78830568e52b10803,8d78481ce1cbcaa86d7fc25be5802462,2019-10-01T05:26:06,['http://dbpedia.org/resource/Castilian_Party'],[]
ffedf78b8973944588301b78830568e52b33878,38f2c1a1f2e9ae64ff79dbd9be097f8e,2019-10-01T18:53:40,['http://dbpedia.org/resource/Attention_deficit_hyperactivity_disorder'],[]
ffedf78b8973944588301b78830568e52b25411,4c546c0a1bef7bb1265da55c537eaf64,2019-10-01T15:24:17,['http://dbpedia.org/resource/Evangelicalism'],[]
ffedf78b8973944588301b78830568e52b26632,0deab283f3e2911c89e72171af2deb44,2019-10-01T16:00:15,"['http://dbpedia.org/resource/IndyCar', 'http://dbpedia.org/resource/NBC', 'http://dbpedia.org/resource/NBCSN']",[]
ffedf78b8973944588301b78830568e52b28583,9494893d4f0ca98645e16228a67baade,2019-10-01T16:50:53,['http://dbpedia.org/resource/The_Washington_Post'],[]
ffedf78b8973944588301b78830568e52b9332,7cf4cd788afa277ebc785e79816ade23,2019-10-01T04:47:16,['http://dbpedia.org/resource/Twitter'],[]
ffedf78b8973944588301b78830568e52b17219,c725404ef2b61cf17fb95d3c93c607ae,2019-10-01T10:21:04,['http://dbpedia.org/resource/Becky_G'],[]
ffedf78b8973944588301b78830568e52b10213,68e1757e91d0f4eeeb78d45a83d485b7,2019-10-01T05:09:06,"['http://dbpedia.org/resource/BTS', 'http://dbpedia.org/resource/Thruxton_Circuit']",[]
ffedf78b8973944588301b78830568e52b13336,b892783736349841f463c97e8723d22d,2019-10-01T07:12:07,['http://dbpedia.org/resource/Text_messaging'],[]
ffedf78b8973944588301b78830568e52b30446,00c3a98d413e2f14ce891950db5d4d19,2019-10-01T17:34:17,['http://dbpedia.org/resource/Poshmark'],[]
ffedf78b8973944588301b78830568e52b34964,22c6c7242f78d53a9fc000c2da90964a,2019-10-01T19:19:05,['http://dbpedia.org/resource/GoPro'],[]
ffedf78b8973944588301b78830568e52b30598,44e1f9fa463031f856bbe4468c111225,2019-10-01T17:36:43,['http://dbpedia.org/resource/Twitter'],[]
ffedf78b8973944588301b78830568e52b16149,693cc32a5fd00e91ad7c4a444f2bbb4a,2019-10-01T09:32:10,['http://dbpedia.org/resource/Europe'],[]
ffedf78b8973944588301b78830568e52b17292,cb0b2ee19bdcf84b9a611779a3cc935b,2019-10-01T10:27:32,['http://dbpedia.org/resource/Castilian_Party'],[]
ffedf78b8973944588301b78830568e52b15649,dfaf285d40c82a88e98946879b816647,2019-10-01T09:06:52,['http://dbpedia.org/resource/Twitter'],[]
ffedf78b8973944588301b78830568e52b16660,634801e76f2dca32e82680cd7914d76a,2019-10-01T09:54:11,['http://dbpedia.org/resource/BTS'],[]
ffedf78b8973944588301b78830568e52b34796,1f056714ab41725cdaaf2753871d4986,2019-10-01T19:15:05,['http://dbpedia.org/resource/Tie_the_Knot'],[]
ffedf78b8973944588301b78830568e52b3036,e3cd6a9b9cf34b8a1eee0bc026bd74ce,2019-10-01T01:28:19,['http://dbpedia.org/resource/Maize'],[]
ffedf78b8973944588301b78830568e52b8632,3e8800a6e34a3dafdf024b3c8274c776,2019-10-01T04:29:29,['http://dbpedia.org/resource/BET'],[]
ffedf78b8973944588301b78830568e52b35001,29e6b279d85112e27ead45c312eecf30,2019-10-01T19:19:31,['http://dbpedia.org/resource/BTS'],[]
ffedf78b8973944588301b78830568e52b4115,ecd4fd03b9973c24df97ab923abd2854,2019-10-01T02:12:30,['http://dbpedia.org/resource/The_Washington_Post'],[]
ffedf78b8973944588301b78830568e52b15099,041d6859885e4c26dd619784b7035837,2019-10-01T08:40:57,['http://dbpedia.org/resource/Cold_War'],[]
ffedf78b8973944588301b78830568e52b18814,056a4c140f19a8f2a661170c3a959efc,2019-10-01T11:43:21,['http://dbpedia.org/resource/Rugby_World_Cup'],[]
ffedf78b8973944588301b78830568e52b23929,820523a9b96cb81045cf112fd4f3aa9b,2019-10-01T14:41:04,['http://dbpedia.org/resource/Midfielder'],[]
ffedf78b8973944588301b78830568e52b36081,367ec047db06b5893dcf254a273137e6,2019-10-01T19:48:15,['http://dbpedia.org/resource/Arron_Banks'],[]
ffedf78b8973944588301b78830568e52b29813,595be0c52b8d9e20882feab5cb8a6e9e,2019-10-01T17:20:38,['http://dbpedia.org/resource/Twitter'],[]
ffedf78b8973944588301b78830568e52b33380,34ffa28b8b12c7deda79151746ab10c0,2019-10-01T18:41:48,['http://dbpedia.org/resource/Black_people'],[]
ffedf78b8973944588301b78830568e52b663,483e630f507aaf05d536b16c45c9e307,2019-10-01T00:18:36,['http://dbpedia.org/resource/Houston'],[]
ffedf78b8973944588301b78830568e52b26389,f9fd14a26681174b83d75f444fa8708f,2019-10-01T15:55:29,['http://dbpedia.org/resource/NPR'],[]
ffedf78b8973944588301b78830568e52b603,cc00151a48a8df54e83fb0fe20036d54,2019-10-01T00:17:45,['http://dbpedia.org/resource/Roberto_Clemente'],[]
ffedf78b8973944588301b78830568e52b36477,85884bebd41ad3d83a59396e6eb3096d,2019-10-01T19:56:45,"['http://dbpedia.org/resource/UNICEF', 'http://dbpedia.org/resource/United_States_dollar', 'http://dbpedia.org/resource/Zimbabwe']",[]
ffedf78b8973944588301b78830568e52b12256,87df15af4580cf3dc93d669404f148e4,2019-10-01T06:22:55,['http://dbpedia.org/resource/European_Parliament'],[]
ffedf78b8973944588301b78830568e52b16700,f4731f2ebed1c4b8510b670105d0fce5,2019-10-01T09:55:30,"['http://dbpedia.org/resource/Pop_music', 'http://dbpedia.org/resource/YouTube']",[]
ffedf78b8973944588301b78830568e52b22237,77d3d28f71cf33abe9039963c14777b5,2019-10-01T13:52:51,['http://dbpedia.org/resource/Birmingham'],[]
ffedf78b8973944588301b78830568e52b1399,faa92035876980f01116f518bb92c2d7,2019-10-01T00:40:47,['http://dbpedia.org/resource/BTS'],[]
ffedf78b8973944588301b78830568e52b11140,0a7cb50415e2c9b669b54cd482a79ce0,2019-10-01T05:38:17,['http://dbpedia.org/resource/Entertainment_Weekly'],[]
ffedf78b8973944588301b78830568e52b6866,9660fdc0203e6f869383517a7a2f0966,2019-10-01T03:32:26,['http://dbpedia.org/resource/BTS'],[]
ffedf78b8973944588301b78830568e52b721,b2c45a62ac87af3a5a7e6db4bfc8fa38,2019-10-01T00:20:02,['http://dbpedia.org/resource/South_Africa'],[]
ffedf78b8973944588301b78830568e52b18130,047c057f65709108c9d3d1394eac2bc5,2019-10-01T11:05:17,['http://dbpedia.org/resource/K-pop'],[]
ffedf78b8973944588301b78830568e52b8079,4f3148465813070d8e9f4810c153bfaf,2019-10-01T04:12:45,['http://dbpedia.org/resource/The_Sydney_Morning_Herald'],[]
ffedf78b8973944588301b78830568e52b13594,3e1cf99649249e41732743997efc7db6,2019-10-01T07:22:47,['http://dbpedia.org/resource/Verizon_Communications'],[]
ffedf78b8973944588301b78830568e52b19492,ee692bad0ce74be1bb7b1a49eb3bf559,2019-10-01T12:12:05,['http://dbpedia.org/resource/Coffee'],[]
ffedf78b8973944588301b78830568e52b17584,89a5dde5ec5f83293ba31579ccc6f8b6,2019-10-01T10:44:02,['http://dbpedia.org/resource/Safety_car'],[]
ffedf78b8973944588301b78830568e52b32785,fc34b13838a461dfeee6c24e25dbaa8f,2019-10-01T18:28:54,['http://dbpedia.org/resource/Twitter'],[]
ffedf78b8973944588301b78830568e52b12466,8ab30e91bfadabca7494a602a30432f3,2019-10-01T06:30:18,['http://dbpedia.org/resource/Credit_card'],[]
ffedf78b8973944588301b78830568e52b11560,a1e515f36588aba59d3a30e1fc16a331,2019-10-01T05:58:06,['http://dbpedia.org/resource/6ix9ine'],[]
ffedf78b8973944588301b78830568e52b16015,8b9dbf4aa51bb7fc0a62079b778479e2,2019-10-01T09:24:16,['http://dbpedia.org/resource/Diwali'],[]
ffedf78b8973944588301b78830568e52b22245,9716ab85dd82b6b1e03e3eb252170243,2019-10-01T13:53:08,['http://dbpedia.org/resource/Imma'],[]
ffedf78b8973944588301b78830568e52b15790,83047d3561ffe1787d3dcb70a138ce8c,2019-10-01T09:11:22,['http://dbpedia.org/resource/Boris_Johnson'],[]
ffedf78b8973944588301b78830568e52b26488,94944daeb5f330d4015bca956fb58aba,2019-10-01T15:57:34,['http://dbpedia.org/resource/Manila'],[]
ffedf78b8973944588301b78830568e52b8354,78dea87b9a8d443a947e0789353b453d,2019-10-01T04:20:33,['http://dbpedia.org/resource/USA_Network'],[]
ffedf78b8973944588301b78830568e52b13241,dd32302aa6f7ba481d771c7c045a4712,2019-10-01T07:08:17,"['http://dbpedia.org/resource/BET', 'http://dbpedia.org/resource/Dallas']",[]
ffedf78b8973944588301b78830568e52b26289,146b32bb6dc7abed9b6393db50aa593d,2019-10-01T15:53:15,['http://dbpedia.org/resource/Coffee'],[]
ffedf78b8973944588301b78830568e52b32303,060c7dc436e9e20ad4b149d2a3ccd0df,2019-10-01T18:16:59,['http://dbpedia.org/resource/Donald_Trump'],[]
ffedf78b8973944588301b78830568e52b16543,146879f4266d03c2b8461e9412aee643,2019-10-01T09:49:38,['http://dbpedia.org/resource/Weight_loss'],[]
ffedf78b8973944588301b78830568e52b6108,3ad9d8bbe8826f9a8b69f33184b4a5d6,2019-10-01T03:14:33,['http://dbpedia.org/resource/Cy_Young_Award'],[]
ffedf78b8973944588301b78830568e52b30112,cb5ddb8c91ec0a26ffcbf898a4b7f955,2019-10-01T17:26:51,"['http://dbpedia.org/resource/Impeachment', 'http://dbpedia.org/resource/The_Washington_Post']",[]
ffedf78b8973944588301b78830568e52b16533,166825aaed8f909f556b184deabd11a6,2019-10-01T09:49:25,['http://dbpedia.org/resource/Netflix'],[]
ffedf78b8973944588301b78830568e52b32819,f201a3b98afb36aee8ae3f7f3ab00eef,2019-10-01T18:29:49,['http://dbpedia.org/resource/FIFA'],[]
ffedf78b8973944588301b78830568e52b34540,84ad16f5f18b86e942f98786d1446d66,2019-10-01T19:09:14,"['http://dbpedia.org/resource/Black_Lives_Matter', 'http://dbpedia.org/resource/YouTube']",[]
ffedf78b8973944588301b78830568e52b9440,3afff1784b808b5ed5325bd9747e344e,2019-10-01T04:50:47,['http://dbpedia.org/resource/Twitter'],[]
ffedf78b8973944588301b78830568e52b28192,f0815c12a62fc6e5afa43ee4e0eabd0a,2019-10-01T16:42:55,['http://dbpedia.org/resource/Canadian_Broadcasting_Corporation'],[]
ffedf78b8973944588301b78830568e52b4504,017ecfceeed7a17246fb90fdc26951a0,2019-10-01T02:23:58,['http://dbpedia.org/resource/Rudy_Giuliani'],[]
ffedf78b8973944588301b78830568e52b4830,8c3c8f91c4c50b7d830215f367ead503,2019-10-01T02:32:19,['http://dbpedia.org/resource/Robin_Williams'],[]
ffedf78b8973944588301b78830568e52b34218,8ef0df4c6404fcf4b41131940a44f5e4,2019-10-01T19:01:28,['http://dbpedia.org/resource/No_Doubt'],[]
ffedf78b8973944588301b78830568e52b33238,6d2485c3caa80edf265d379908bd1724,2019-10-01T18:39:20,['http://dbpedia.org/resource/Sexism'],[]
ffedf78b8973944588301b78830568e52b34646,6a1f80879cb887a182a1322e10ae2769,2019-10-01T19:12:14,['http://dbpedia.org/resource/Precedent'],[]
ffedf78b8973944588301b78830568e52b9066,4f5eb12ba7f43443b8ebcf6dc3277aff,2019-10-01T04:40:00,['http://dbpedia.org/resource/Mariah_Carey'],[]
ffedf78b8973944588301b78830568e52b24917,fc4bf87b79628b6d28c3888b21e1cc5f,2019-10-01T15:13:34,['http://dbpedia.org/resource/Fortnite'],[]
ffedf78b8973944588301b78830568e52b22665,5c1bf7e1a6c8f4d8ce7fd7eea787e20f,2019-10-01T14:05:32,['http://dbpedia.org/resource/WeatherTech_Raceway_Laguna_Seca'],[]
ffedf78b8973944588301b78830568e52b26407,2a225c0247eb8b0f9b920f15dc0b862b,2019-10-01T15:55:54,['http://dbpedia.org/resource/Human_Rights_Watch'],[]
ffedf78b8973944588301b78830568e52b27140,49c18acb85b7d46708919d84d80bed74,2019-10-01T16:13:20,"['http://dbpedia.org/resource/Golf', 'http://dbpedia.org/resource/Twitter']",[]
ffedf78b8973944588301b78830568e52b6523,60f88d2513dca111b526d5c801c38d8d,2019-10-01T03:23:28,['http://dbpedia.org/resource/Bachelor_of_Science'],[]
ffedf78b8973944588301b78830568e52b1596,4c928e32ea267dce8d42f81053fac046,2019-10-01T00:45:47,['http://dbpedia.org/resource/Olive_oil'],[]
ffedf78b8973944588301b78830568e52b12016,57d10a6a450bb61ec1d436c68c5eb850,2019-10-01T06:15:09,['http://dbpedia.org/resource/Lyft'],[]
ffedf78b8973944588301b78830568e52b4683,6b35339ff643b5f7bff6e4edeb6cea93,2019-10-01T02:28:40,['http://dbpedia.org/resource/International_Energy_Agency'],[]
ffedf78b8973944588301b78830568e52b30546,6043345f04e830fdbd84c9298e061c4e,2019-10-01T17:36:11,['http://dbpedia.org/resource/Virginia_Tech'],[]
ffedf78b8973944588301b78830568e52b16734,30c7d35340e88f6780e4a6ad96f4230a,2019-10-01T10:00:27,['http://dbpedia.org/resource/Twitter'],[]
ffedf78b8973944588301b78830568e52b8555,0aa5c0c5bea585f2e7e6d769d3855201,2019-10-01T04:26:28,['http://dbpedia.org/resource/Walkout'],[]
ffedf78b8973944588301b78830568e52b5277,43ae88d5828a20f30c4b87c98acdca24,2019-10-01T02:47:53,['http://dbpedia.org/resource/Dollar_Tree'],[]
ffedf78b8973944588301b78830568e52b23582,2b7db186344d5d0294b0bd50b1d24351,2019-10-01T14:32:14,['http://dbpedia.org/resource/Occupational_burnout'],[]
ffedf78b8973944588301b78830568e52b27381,59b18c89a1cf70dc0a8de9c4a8f521c5,2019-10-01T16:20:54,['http://dbpedia.org/resource/Zillow'],[]
ffedf78b8973944588301b78830568e52b30517,d86a6eaf76aabcd8a51ae7c20b640fe4,2019-10-01T17:35:51,['http://dbpedia.org/resource/Online_shopping'],[]
ffedf78b8973944588301b78830568e52b302,7e6eecd2eee91cf250e2858967e8795f,2019-10-01T00:07:33,['http://dbpedia.org/resource/Hulu'],[]
ffedf78b8973944588301b78830568e52b27668,361fc895dc934f47c9257d8050ebccee,2019-10-01T16:27:49,['http://dbpedia.org/resource/Twitter'],[]
ffedf78b8973944588301b78830568e52b36396,e64c014570afe862bef07ee6bb283b6f,2019-10-01T19:55:12,['http://dbpedia.org/resource/Todd_Phillips'],[]
ffedf78b8973944588301b78830568e52b26676,449bcd457a30b0599ff481305a8a035f,2019-10-01T16:01:23,"['http://dbpedia.org/resource/Donald_Trump', 'http://dbpedia.org/resource/Impeachment', 'http://dbpedia.org/resource/Mitch_McConnell']",[]
ffedf78b8973944588301b78830568e52b12443,e4c5a4a03d7d592d6ed4234aa24ace9b,2019-10-01T06:29:48,['http://dbpedia.org/resource/UNICEF'],[]
ffedf78b8973944588301b78830568e52b11798,ce0bdd4245c18531042255f75d6d4eb9,2019-10-01T06:07:45,['http://dbpedia.org/resource/Gun_violence'],[]
ffedf78b8973944588301b78830568e52b20263,0685e1fa825b9c53d962111cd68cc538,2019-10-01T12:43:54,['http://dbpedia.org/resource/Netflix'],[]
ffedf78b8973944588301b78830568e52b4784,487e3df40ecd0399dc81dec57f7bdd36,2019-10-01T02:30:45,['http://dbpedia.org/resource/Calgary'],[]
ffedf78b8973944588301b78830568e52b10340,52ad811dd6832f0d6dba0b98227da92c,2019-10-01T05:10:55,['http://dbpedia.org/resource/East_Africa_Time'],[]
ffedf78b8973944588301b78830568e52b28521,22513a6d3cf0472e30b0dcc2b5454567,2019-10-01T16:49:54,['http://dbpedia.org/resource/Phonograph_record'],[]
ffedf78b8973944588301b78830568e52b459,dcae4344ffb6eef47cea036f7791eb95,2019-10-01T00:14:17,['http://dbpedia.org/resource/Christians'],[]
ffedf78b8973944588301b78830568e52b15588,1624e5416178e335bba4502cbf9be351,2019-10-01T09:05:25,['http://dbpedia.org/resource/Sky_News'],[]
ffedf78b8973944588301b78830568e52b23313,74e929a19d2515e3124d7a2f99e5dbc9,2019-10-01T14:23:49,['http://dbpedia.org/resource/East_Africa_Time'],[]
ffedf78b8973944588301b78830568e52b15109,9671dab76996822ad6c2b2e936dc0e5f,2019-10-01T08:41:20,['http://dbpedia.org/resource/Dr._Seuss'],[]
ffedf78b8973944588301b78830568e52b22048,9923c5f03887f2b7e22465631da5a8e7,2019-10-01T13:45:13,"['http://dbpedia.org/resource/East_Africa_Time', 'http://dbpedia.org/resource/Hummus']",[]
ffedf78b8973944588301b78830568e52b35582,c9bad1dde8c2a49e9fe02fd148b56609,2019-10-01T19:37:13,['http://dbpedia.org/resource/Louie_Rankin'],[]
ffedf78b8973944588301b78830568e52b15331,7a209d4237ab809f9dce56512928f5fd,2019-10-01T08:51:14,"['http://dbpedia.org/resource/Arsenal_F.C.', 'http://dbpedia.org/resource/Manchester_United_F.C.', 'http://dbpedia.org/resource/Old_Trafford', 'http://dbpedia.org/resource/Scott_McTominay']",[]
ffedf78b8973944588301b78830568e52b36404,38c4d9033b72d75e9e6b94090edcfe2a,2019-10-01T19:55:28,['http://dbpedia.org/resource/Twitter'],[]
ffedf78b8973944588301b78830568e52b85,51d085eafde40ff6173d135cfbb5f66b,2019-10-01T00:02:37,"['http://dbpedia.org/resource/1080p', 'http://dbpedia.org/resource/Twitter']",[]
ffedf78b8973944588301b78830568e52b10497,18c640b19f1d16c4731fec93a88e0df5,2019-10-01T05:14:42,['http://dbpedia.org/resource/Carjacking'],[]
ffedf78b8973944588301b78830568e52b19140,b0d18648b15235096841b5419d6bdc78,2019-10-01T11:56:21,['http://dbpedia.org/resource/WeatherTech_Raceway_Laguna_Seca'],[]
ffedf78b8973944588301b78830568e52b12000,174761d61b452a36692e5efc47eb0dd0,2019-10-01T06:13:49,['http://dbpedia.org/resource/New_York_City'],[]
ffedf78b8973944588301b78830568e52b23684,f2be364f5c555ddbdcb09ed49034d7b8,2019-10-01T14:34:19,['http://dbpedia.org/resource/Eastern_Time_Zone'],[]
ffedf78b8973944588301b78830568e52b27105,be56e42bfb4eff129f6c1262e041b774,2019-10-01T16:11:42,['http://dbpedia.org/resource/Nice'],[]
ffedf78b8973944588301b78830568e52b19639,83d9d4f394eb46b80cf81c51e50963d6,2019-10-01T12:17:03,['http://dbpedia.org/resource/Forever_21'],[]
ffedf78b8973944588301b78830568e52b26184,5fa9d5c2883df50c208d598264beea53,2019-10-01T15:50:59,['http://dbpedia.org/resource/Exhibition_game'],[]
ffedf78b8973944588301b78830568e52b20562,77aa20f14d4fc87bf6b99026ab75c0da,2019-10-01T12:55:53,"['http://dbpedia.org/resource/Apple_Inc.', 'http://dbpedia.org/resource/Twitter']",[]
ffedf78b8973944588301b78830568e52b5692,87c88f4d60013d3d1f09983d228f431f,2019-10-01T03:00:00,['http://dbpedia.org/resource/Houston'],[]
ffedf78b8973944588301b78830568e52b34327,b511141644eaa25032b1de66a599c223,2019-10-01T19:04:21,['http://dbpedia.org/resource/Racism'],[]
ffedf78b8973944588301b78830568e52b22137,f4bd6334573225e88a457e449bd26736,2019-10-01T13:50:15,['http://dbpedia.org/resource/Donald_Trump'],[]
ffedf78b8973944588301b78830568e52b1562,b74ae5ee8d08a6ef287592eb3e27be0c,2019-10-01T00:45:12,['http://dbpedia.org/resource/Donald_Trump'],[]
ffedf78b8973944588301b78830568e52b22769,9dfda66daeb2ae72c0fb73626c798be5,2019-10-01T14:09:05,['http://dbpedia.org/resource/Tropical_savanna_climate'],[]
ffedf78b8973944588301b78830568e52b8990,83c9db6592f3c72b40e595dc26166e3d,2019-10-01T04:38:56,['http://dbpedia.org/resource/Taco_Bell'],[]
ffedf78b8973944588301b78830568e52b27559,771b7a8bb617fd0deb428475c6b93561,2019-10-01T16:24:24,['http://dbpedia.org/resource/Fox_News'],[]
ffedf78b8973944588301b78830568e52b24777,f1864123e91f02c0004a7c67d0a10262,2019-10-01T15:10:09,['http://dbpedia.org/resource/Eastern_Time_Zone'],[]
ffedf78b8973944588301b78830568e52b27683,1c46ec727e4248e6d8beccd892fd89af,2019-10-01T16:27:58,['http://dbpedia.org/resource/GoFundMe'],[]
ffedf78b8973944588301b78830568e52b13666,ca688389d26afc0895e34c5c9f937485,2019-10-01T07:28:30,['http://dbpedia.org/resource/Nigeria'],[]
ffedf78b8973944588301b78830568e52b27356,63c23496f69cf19dfe612995f85c888a,2019-10-01T16:20:46,"['http://dbpedia.org/resource/Arsenal_F.C.', 'http://dbpedia.org/resource/Manchester_United_F.C.']",[]
ffedf78b8973944588301b78830568e52b25621,056f3be3d8ef1b3b0066bcc62d7e465f,2019-10-01T15:31:48,['http://dbpedia.org/resource/Brie_Larson'],[]
ffedf78b8973944588301b78830568e52b22338,aa5b9c10a081ef7e86c427017bb9c4e6,2019-10-01T13:57:41,"['http://dbpedia.org/resource/Central_Intelligence_Agency', 'http://dbpedia.org/resource/Federal_Bureau_of_Investigation']",[]
ffedf78b8973944588301b78830568e52b18644,99aa6d9ee5b145a2e588d604ff2e43b6,2019-10-01T11:35:22,['http://dbpedia.org/resource/Wi-Fi'],[]
ffedf78b8973944588301b78830568e52b24537,b685ee14df53e41864c5449f971f8ca2,2019-10-01T15:03:26,"['http://dbpedia.org/resource/Louisiana', 'http://dbpedia.org/resource/Milwaukee', 'http://dbpedia.org/resource/North_Carolina']",[]
ffedf78b8973944588301b78830568e52b4588,ac32affd9d32db6ae95b7446cb1a2524,2019-10-01T02:25:58,['http://dbpedia.org/resource/Roberto_Clemente'],[]
ffedf78b8973944588301b78830568e52b33526,8e50eaedf75dc6c0a755f11c7f53b941,2019-10-01T18:44:12,['http://dbpedia.org/resource/Panic_attack'],[]
ffedf78b8973944588301b78830568e52b19559,246d99e4deabd0f190ed63c1fe30a1f6,2019-10-01T12:14:23,['http://dbpedia.org/resource/Prime_Minister_of_Pakistan'],[]
ffedf78b8973944588301b78830568e52b28761,fca3db358ba661f5491e833a8fbe95a8,2019-10-01T16:54:53,['http://dbpedia.org/resource/Mark_Hamill'],[]
ffedf78b8973944588301b78830568e52b12721,f7bb95e9c07d566fcfaf1d1c7f26e846,2019-10-01T06:42:40,['http://dbpedia.org/resource/Detroit_Tigers'],[]
ffedf78b8973944588301b78830568e52b31059,15c7279b49858eb2afacedc4f8c425e0,2019-10-01T17:47:34,['http://dbpedia.org/resource/Online_shopping'],[]
ffedf78b8973944588301b78830568e52b27204,6edb219a573b9bd2e01090c9cc7152e9,2019-10-01T16:15:08,"['http://dbpedia.org/resource/BTS', 'http://dbpedia.org/resource/Castilian_Party']",[]
ffedf78b8973944588301b78830568e52b25261,811dce9b35eec9fd0f199b1e7e6b8bed,2019-10-01T15:21:00,"['http://dbpedia.org/resource/Chris_Berman', 'http://dbpedia.org/resource/ESPN']",[]
ffedf78b8973944588301b78830568e52b7413,af306bc24bc96acb1dcebd608ec30cd1,2019-10-01T03:49:46,['http://dbpedia.org/resource/Skype'],[]
ffedf78b8973944588301b78830568e52b30705,20cc7b46077223e94082807d6d91df75,2019-10-01T17:38:23,['http://dbpedia.org/resource/Snapchat'],[]
ffedf78b8973944588301b78830568e52b35660,32d7c62ab915c35308ca64c5a4cc911b,2019-10-01T19:38:50,['http://dbpedia.org/resource/Twitter'],[]
ffedf78b8973944588301b78830568e52b11529,65092345e51274bc21a7e67f7386b673,2019-10-01T05:56:21,['http://dbpedia.org/resource/This_Is_Us'],[]
ffedf78b8973944588301b78830568e52b3486,8a44a6bafddd212ee823f0834a110e75,2019-10-01T01:51:17,['http://dbpedia.org/resource/Hockey_East'],[]
ffedf78b8973944588301b78830568e52b29491,7bc8da3dec4c043374e6b6da601a0177,2019-10-01T17:12:16,['http://dbpedia.org/resource/Twitter'],[]
ffedf78b8973944588301b78830568e52b5309,95de290bc9fce0d1dfc6d1d6d3e2641e,2019-10-01T02:48:09,['http://dbpedia.org/resource/Poshmark'],[]
ffedf78b8973944588301b78830568e52b24047,7177f685ca2388e1f92e296b5b21444b,2019-10-01T14:46:41,['http://dbpedia.org/resource/United_States_House_Permanent_Select_Committee_on_Intelligence'],[]
ffedf78b8973944588301b78830568e52b27623,2fed3d34d2061b45ac27c42cf1c97f94,2019-10-01T16:26:39,['http://dbpedia.org/resource/Chief_executive_officer'],[]
ffedf78b8973944588301b78830568e52b16297,adf9da9791bab931ac5195fb197cb862,2019-10-01T09:40:37,"['http://dbpedia.org/resource/Instagram', 'http://dbpedia.org/resource/Light-on-dark_color_scheme']",[]
ffedf78b8973944588301b78830568e52b24925,41d0d4e122014449a2cddd35d11ef2a7,2019-10-01T15:13:45,['http://dbpedia.org/resource/Hasbro'],[]
ffedf78b8973944588301b78830568e52b12901,2ae337c130f98fac2c5ecede4939fa74,2019-10-01T06:55:16,['http://dbpedia.org/resource/YouTube'],[]
ffedf78b8973944588301b78830568e52b31953,bb11b86388b6afc5b8ce5f429e36fe50,2019-10-01T18:08:35,['http://dbpedia.org/resource/World_War_I'],[]
ffedf78b8973944588301b78830568e52b3756,2402b53d986da2c2b04af8d27c2edb96,2019-10-01T01:59:39,['http://dbpedia.org/resource/Twitter'],[]
ffedf78b8973944588301b78830568e52b34012,ea69b9780262753dba0256ce5ce3b748,2019-10-01T18:58:21,['http://dbpedia.org/resource/Robert_Lewandowski'],[]
ffedf78b8973944588301b78830568e52b3303,d368b52915d9d3dea8de6e8a23b307a1,2019-10-01T01:44:20,"['http://dbpedia.org/resource/Impeachment', 'http://dbpedia.org/resource/Nancy_Pelosi']",[]
ffedf78b8973944588301b78830568e52b26162,575afc71100fa9404cef89943e044033,2019-10-01T15:48:14,['http://dbpedia.org/resource/Tax_break'],[]
ffedf78b8973944588301b78830568e52b24416,b6283722b4453929a55c5f33fc5b229c,2019-10-01T14:59:00,['http://dbpedia.org/resource/Cheers'],[]
ffedf78b8973944588301b78830568e52b3232,d5d760659a748c307901b70e34a57002,2019-10-01T01:39:06,['http://dbpedia.org/resource/President_of_the_United_States'],[]
ffedf78b8973944588301b78830568e52b1929,b5d84a9eec06547c2e148a4bc8a698a9,2019-10-01T00:55:59,['http://dbpedia.org/resource/Becky_G'],[]
ffedf78b8973944588301b78830568e52b18002,07b1299e3e3b0580ce7ad2c596e33342,2019-10-01T11:00:48,['http://dbpedia.org/resource/BTS'],[]
ffedf78b8973944588301b78830568e52b804,877f355b18296dfd9c96948c13db9108,2019-10-01T00:22:39,['http://dbpedia.org/resource/Chicago'],[]
ffedf78b8973944588301b78830568e52b17986,6c6067c5c1ae16edf43487a689abf089,2019-10-01T10:59:47,['http://dbpedia.org/resource/Adam_Sandler'],[]
ffedf78b8973944588301b78830568e52b14463,e65255021e3b706befb881e04f71f354,2019-10-01T08:10:10,['http://dbpedia.org/resource/Zooey_Deschanel'],[]
ffedf78b8973944588301b78830568e52b1705,3046a0f8f411d3183ce3632751ea2215,2019-10-01T00:47:20,['http://dbpedia.org/resource/Caracas'],[]
ffedf78b8973944588301b78830568e52b26356,9427f120cc47d82cd45aeb013f491b32,2019-10-01T15:54:17,['http://dbpedia.org/resource/Astrology'],[]
ffedf78b8973944588301b78830568e52b34734,9e299c387996b824ef719b04fa073708,2019-10-01T19:13:31,['http://dbpedia.org/resource/Harley_Quinn'],[]
ffedf78b8973944588301b78830568e52b34882,62f1ebea12904fa92536cb5ef7eb77f4,2019-10-01T19:17:04,['http://dbpedia.org/resource/Nicki_Minaj'],[]
ffedf78b8973944588301b78830568e52b18530,872787d551284af8bff0fc5fc93be6c6,2019-10-01T11:28:50,['http://dbpedia.org/resource/Israeli_settlement'],[]
ffedf78b8973944588301b78830568e52b2031,fe8bae4f09bb821d1e04aea077003881,2019-10-01T00:58:14,['http://dbpedia.org/resource/Grand_Theft_Auto_V'],[]
ffedf78b8973944588301b78830568e52b1488,7ac042ed5653ba0e526e6c50d74cf7c4,2019-10-01T00:42:52,['http://dbpedia.org/resource/Nice'],[]
ffedf78b8973944588301b78830568e52b25324,3128d2a26c4a9ceca07327a7453863f8,2019-10-01T15:22:26,"['http://dbpedia.org/resource/CNET', 'http://dbpedia.org/resource/MacBook_Air']",[]
ffedf78b8973944588301b78830568e52b15245,857f88fdd031ea2509bbaf4ce684abd9,2019-10-01T08:47:31,['http://dbpedia.org/resource/California'],[]
ffedf78b8973944588301b78830568e52b5349,967761d8646b28e7145162f74bb6650a,2019-10-01T02:50:38,['http://dbpedia.org/resource/Donald_Trump'],[]
ffedf78b8973944588301b78830568e52b12401,94fa52d5fb80193894f10069b5196bef,2019-10-01T06:28:17,"['http://dbpedia.org/resource/IPad', 'http://dbpedia.org/resource/Snapchat']",[]
ffedf78b8973944588301b78830568e52b23797,711cbbdf4392cf71f4f7458d701e22c4,2019-10-01T14:36:20,['http://dbpedia.org/resource/Astronomy'],[]
ffedf78b8973944588301b78830568e52b30555,82ccc2d562b70ef08bdab8bdbc44b746,2019-10-01T17:36:11,['http://dbpedia.org/resource/Minimum_wage'],[]
ffedf78b8973944588301b78830568e52b23138,04b1c917bcaab459bc5b292921bb2daa,2019-10-01T14:19:14,['http://dbpedia.org/resource/End_zone'],[]
ffedf78b8973944588301b78830568e52b16279,af359d99c9d855fbc8b6eab2d0fa32ef,2019-10-01T09:39:44,['http://dbpedia.org/resource/Impeachment'],[]
ffedf78b8973944588301b78830568e52b32629,d9969c13c706b0d6a1a62874fa62068b,2019-10-01T18:24:22,['http://dbpedia.org/resource/YouTube'],[]
ffedf78b8973944588301b78830568e52b24564,34426e93babe5d0b231ca70bfaa32af7,2019-10-01T15:04:11,['http://dbpedia.org/resource/Oval_Office'],[]
ffedf78b8973944588301b78830568e52b7785,b901fae794bd6b7abf817b3cb73b0a27,2019-10-01T04:02:01,"['http://dbpedia.org/resource/CNN', 'http://dbpedia.org/resource/Elizabeth_Warren']",[]
ffedf78b8973944588301b78830568e52b17075,ce64adec490fd459356b8f26262dc5da,2019-10-01T10:14:30,"['http://dbpedia.org/resource/English_language', 'http://dbpedia.org/resource/Jungkook']",[]
ffedf78b8973944588301b78830568e52b31011,9d73fd425a8d26211b794dd803141452,2019-10-01T17:46:22,"['http://dbpedia.org/resource/MarketWatch', 'http://dbpedia.org/resource/Old_Navy']",[]
ffedf78b8973944588301b78830568e52b8146,81a683571f287cbbd92b60da45ad5184,2019-10-01T04:13:33,['http://dbpedia.org/resource/AstroTurf'],[]
ffedf78b8973944588301b78830568e52b34684,085c02df5f842a40368b18ee1893dbd0,2019-10-01T19:12:41,['http://dbpedia.org/resource/Rock_music'],[]
ffedf78b8973944588301b78830568e52b31844,c4e58d06468bdf8484e4233bba482e21,2019-10-01T18:05:34,['http://dbpedia.org/resource/Impeachment'],[]
ffedf78b8973944588301b78830568e52b36324,3da36710ce822e8c24e791333fcb3d06,2019-10-01T19:52:29,['http://dbpedia.org/resource/Halloween'],[]
ffedf78b8973944588301b78830568e52b20838,7418aa011b4c2d20c6ee23da8e3a420d,2019-10-01T13:02:31,['http://dbpedia.org/resource/Netflix'],[]
ffedf78b8973944588301b78830568e52b449,297ec6c61137286df5e8bd58150bcbfe,2019-10-01T00:14:02,['http://dbpedia.org/resource/Universal_Music_Group'],[]
ffedf78b8973944588301b78830568e52b32429,307579d9c3eb0b917cdcba2552596b54,2019-10-01T18:19:53,['http://dbpedia.org/resource/Verizon_Communications'],[]
ffedf78b8973944588301b78830568e52b35669,c2c9855100fcd88b4061f576c5a86363,2019-10-01T19:38:56,['http://dbpedia.org/resource/Milwaukee_Brewers'],[]
ffedf78b8973944588301b78830568e52b6898,77d7ed7acc1d920bb6b73c6e566d2b2b,2019-10-01T03:34:09,['http://dbpedia.org/resource/President_of_the_United_States'],[]
ffedf78b8973944588301b78830568e52b3435,74d9ff227dc510edb1f9659227e23cbf,2019-10-01T01:50:18,['http://dbpedia.org/resource/LGBT'],[]
ffedf78b8973944588301b78830568e52b24252,760444c9640b7f90f6a08e5f8a67d253,2019-10-01T14:54:05,['http://dbpedia.org/resource/Cadbury'],[]
ffedf78b8973944588301b78830568e52b34420,5254a8569ff0082ad77693ef42044f37,2019-10-01T19:06:33,['http://dbpedia.org/resource/Eastern_Time_Zone'],[]
ffedf78b8973944588301b78830568e52b19525,b63454b62a7b078d3c2a1a9afb5c2092,2019-10-01T12:12:35,"['http://dbpedia.org/resource/Maize', 'http://dbpedia.org/resource/Pop_music']",[]
ffedf78b8973944588301b78830568e52b10319,a11a0b759ed41078e314d4b70d089ba8,2019-10-01T05:10:40,"['http://dbpedia.org/resource/BTS', 'http://dbpedia.org/resource/Jungkook']",[]
ffedf78b8973944588301b78830568e52b23522,e78f538057d992575b1f71eb09288859,2019-10-01T14:30:06,['http://dbpedia.org/resource/Veterans_of_Foreign_Wars'],[]
ffedf78b8973944588301b78830568e52b4948,326a26347985e735f9592aba11a41934,2019-10-01T02:35:47,['http://dbpedia.org/resource/Texas'],[]
ffedf78b8973944588301b78830568e52b27150,7d946c70c728214aa92250cda175b1b9,2019-10-01T16:13:20,['http://dbpedia.org/resource/Fortnite'],[]
ffedf78b8973944588301b78830568e52b25032,67f71aa135429b2004209293f1889e81,2019-10-01T15:15:40,['http://dbpedia.org/resource/Historically_black_colleges_and_universities'],[]
ffedf78b8973944588301b78830568e52b13508,b36eca10366a8680041314315d3d06f2,2019-10-01T07:17:38,['http://dbpedia.org/resource/Lawyer'],[]
ffedf78b8973944588301b78830568e52b33556,018deda4a6cceb28dd3bad35561188d7,2019-10-01T18:44:29,['http://dbpedia.org/resource/Light-on-dark_color_scheme'],[]
ffedf78b8973944588301b78830568e52b6169,9194687784f4325e263fc3072b165c05,2019-10-01T03:15:36,['http://dbpedia.org/resource/Twitter'],[]
ffedf78b8973944588301b78830568e52b15657,4f0254e33e725e37154c5a82fc1ececc,2019-10-01T09:07:41,"['http://dbpedia.org/resource/BTS', 'http://dbpedia.org/resource/Castilian_Party', 'http://dbpedia.org/resource/Concert_tour']",[]
ffedf78b8973944588301b78830568e52b34453,4a1f96b340de6f2aad1db949f9bad25d,2019-10-01T19:07:13,['http://dbpedia.org/resource/Minimum_wage'],[]
ffedf78b8973944588301b78830568e52b17171,450e0807489898982b412ccbe9ed2fcd,2019-10-01T10:20:03,['http://dbpedia.org/resource/Gender_equality'],[]
ffedf78b8973944588301b78830568e52b35097,95daf85e52e699ed16dc81d2def11f73,2019-10-01T19:21:41,"['http://dbpedia.org/resource/Donovan_Mitchell', 'http://dbpedia.org/resource/Joe_Ingles']",[]
ffedf78b8973944588301b78830568e52b31587,58caf4ae8931a5d86f4651b1e215ca61,2019-10-01T17:59:28,['http://dbpedia.org/resource/East_Africa_Time'],[]
ffedf78b8973944588301b78830568e52b32124,12ec1af60f84530666846eb4c7d4af0d,2019-10-01T18:11:54,['http://dbpedia.org/resource/Jojo_Rabbit'],[]
ffedf78b8973944588301b78830568e52b4106,e8923117dfc5e2795c34c564a85be99d,2019-10-01T02:11:51,['http://dbpedia.org/resource/Halloween'],[]
ffedf78b8973944588301b78830568e52b20952,b5d73c75d94e46f2883cd2c5d5a961ac,2019-10-01T13:07:03,['http://dbpedia.org/resource/Midfielder'],[]
ffedf78b8973944588301b78830568e52b15503,6e76cf6a3d1bb3ec6bf743c199a6a429,2019-10-01T09:02:11,['http://dbpedia.org/resource/Midfielder'],[]
ffedf78b8973944588301b78830568e52b3972,46516c6594d6484807427bffe4dd4627,2019-10-01T02:05:59,['http://dbpedia.org/resource/Twitter'],[]
ffedf78b8973944588301b78830568e52b21213,fb50cfa04296eff5af76845eb538a097,2019-10-01T13:16:17,['http://dbpedia.org/resource/NATO'],[]
ffedf78b8973944588301b78830568e52b4414,297fd3549355596254d90e7ea5fe116b,2019-10-01T02:21:10,['http://dbpedia.org/resource/Twitter'],[]
ffedf78b8973944588301b78830568e52b4357,c6433aa0d65ffd2cf5f0fba1f649f606,2019-10-01T02:19:19,['http://dbpedia.org/resource/60_Minutes'],[]
ffedf78b8973944588301b78830568e52b9625,e5b032ea81f9593d3bc7add9a313781a,2019-10-01T04:54:13,['http://dbpedia.org/resource/Twitter'],[]
ffedf78b8973944588301b78830568e52b20703,350b6584b0afcd207226b561fc9822bf,2019-10-01T13:00:00,['http://dbpedia.org/resource/Breast_Cancer_Awareness_Month'],[]
ffedf78b8973944588301b78830568e52b2723,1cf1d83e675e93076881e6378e80559f,2019-10-01T01:16:57,"['http://dbpedia.org/resource/Cenk_Uygur', 'http://dbpedia.org/resource/Defensively_equipped_merchant_ship', 'http://dbpedia.org/resource/Exhibition_game']",[]
ffedf78b8973944588301b78830568e52b15459,2c2fc3969a55d317e0320ddd105cf3ab,2019-10-01T09:00:00,['http://dbpedia.org/resource/World_Trade_Organization'],[]
ffedf78b8973944588301b78830568e52b4097,600a6a662e9b34f116c50e169d27a99c,2019-10-01T02:11:25,['http://dbpedia.org/resource/Donald_Trump'],[]
ffedf78b8973944588301b78830568e52b27341,cbfeaad5efdd1851744c62eb78b582b3,2019-10-01T16:20:26,['http://dbpedia.org/resource/BTS'],[]
ffedf78b8973944588301b78830568e52b5464,310152af58c36d16deabe23b0eef75a7,2019-10-01T02:54:48,['http://dbpedia.org/resource/Twitter'],[]
ffedf78b8973944588301b78830568e52b2889,ef423c2faed694c896df059b8d1a0abd,2019-10-01T01:22:58,['http://dbpedia.org/resource/Simone_Biles'],[]
ffedf78b8973944588301b78830568e52b27938,b88c35ca4f10fcfd4dc30f0fbd16adee,2019-10-01T16:35:46,['http://dbpedia.org/resource/Everytown_for_Gun_Safety'],[]
ffedf78b8973944588301b78830568e52b1262,02b8a0f45420fe8386c6fb7c3306af23,2019-10-01T00:34:07,['http://dbpedia.org/resource/Gavin_Newsom'],[]
ffedf78b8973944588301b78830568e52b12809,700cb86957fb57b9e55bf10878b73acc,2019-10-01T06:49:02,['http://dbpedia.org/resource/Midfielder'],[]
ffedf78b8973944588301b78830568e52b29371,00a3fe645592449d508de95ed82b8886,2019-10-01T17:08:06,['http://dbpedia.org/resource/Twitter'],[]
ffedf78b8973944588301b78830568e52b32811,7b776e8d742602950b0b67813ddec922,2019-10-01T18:29:13,['http://dbpedia.org/resource/Eastern_Time_Zone'],[]
ffedf78b8973944588301b78830568e52b35088,ec309625f461499987984d21b3c50c5f,2019-10-01T19:21:34,['http://dbpedia.org/resource/Victimology'],[]
ffedf78b8973944588301b78830568e52b26084,20bf625c60434ce253a5b9b1f2ec0553,2019-10-01T15:46:14,"['http://dbpedia.org/resource/BTS', 'http://dbpedia.org/resource/English_language', 'http://dbpedia.org/resource/Twitter']",[]
ffedf78b8973944588301b78830568e52b19166,ef31c216ebcbb52b653cbcc93b034979,2019-10-01T11:57:35,['http://dbpedia.org/resource/Rapping'],[]
ffedf78b8973944588301b78830568e52b22523,300bfa147ab0c344badd4c53b595c7c6,2019-10-01T14:01:22,"['http://dbpedia.org/resource/Defensively_equipped_merchant_ship', 'http://dbpedia.org/resource/Impeachment']",[]
ffedf78b8973944588301b78830568e52b16137,b8d11162e3f42fceb53745a44c5a47f3,2019-10-01T09:30:06,['http://dbpedia.org/resource/World_War_II'],[]
ffedf78b8973944588301b78830568e52b26596,819159fd8ded75a62cd1ffbb35d5bfff,2019-10-01T16:00:02,['http://dbpedia.org/resource/United_States_dollar'],[]
ffedf78b8973944588301b78830568e52b24992,34ec72fea685800acaa3917a8b35e001,2019-10-01T15:14:53,['http://dbpedia.org/resource/Nice'],[]
ffedf78b8973944588301b78830568e52b20536,bd2905d2882b4798ecf6938e4b51beda,2019-10-01T12:55:38,['http://dbpedia.org/resource/Twitter'],[]
ffedf78b8973944588301b78830568e52b22913,e0266db4850381dc69dd4fa20508e262,2019-10-01T14:13:34,['http://dbpedia.org/resource/East_Africa'],[]
ffedf78b8973944588301b78830568e52b1209,f422af2a5fe42b7546e5bf3b664fb467,2019-10-01T00:32:35,['http://dbpedia.org/resource/Midfielder'],[]
ffedf78b8973944588301b78830568e52b3643,629d91ea0416f9d66fccc150047c3fc1,2019-10-01T01:57:09,['http://dbpedia.org/resource/Martin_Luther_King_Jr.'],[]
ffedf78b8973944588301b78830568e52b21139,9e91ad8d1716a6716a06229ca8716c8d,2019-10-01T13:13:37,['http://dbpedia.org/resource/Sexual_harassment'],[]
ffedf78b8973944588301b78830568e52b31595,0d5f220d8481a0f5fdf520f20f894ef3,2019-10-01T17:59:31,['http://dbpedia.org/resource/Zionism'],[]
ffedf78b8973944588301b78830568e52b2389,ae402c4bb287d36f513e1bb50d878169,2019-10-01T01:08:36,['http://dbpedia.org/resource/Midfielder'],[]
ffedf78b8973944588301b78830568e52b2129,d510446bbff8fa3a17ac366378776884,2019-10-01T01:00:35,['http://dbpedia.org/resource/Seattle'],[]
ffedf78b8973944588301b78830568e52b12127,1f9218ca6e6e4be9ddef6ae74bc66686,2019-10-01T06:18:14,"['http://dbpedia.org/resource/Cambridge_Analytica', 'http://dbpedia.org/resource/Facebook']",[]
ffedf78b8973944588301b78830568e52b25501,23f6c3b21040825566899e6e8ccd49f7,2019-10-01T15:28:28,['http://dbpedia.org/resource/Lucha_libre'],[]
ffedf78b8973944588301b78830568e52b35451,a9e7300ba4a44bd2ef71e68b183ed8d2,2019-10-01T19:34:02,['http://dbpedia.org/resource/Halloween'],[]
ffedf78b8973944588301b78830568e52b35686,ab37c76b127535f0e57e454d7dcc5b07,2019-10-01T19:40:21,['http://dbpedia.org/resource/Midfielder'],[]
ffedf78b8973944588301b78830568e52b34461,7fbfd3715f444e945afeeb055450fedc,2019-10-01T19:07:43,['http://dbpedia.org/resource/Egypt'],[]
ffedf78b8973944588301b78830568e52b32982,aed192a27ac9adb3d9fea96951e967cb,2019-10-01T18:33:59,['http://dbpedia.org/resource/Coffee'],[]
ffedf78b8973944588301b78830568e52b21548,96fac9e6b16e57867608cfb5f3e91913,2019-10-01T13:28:10,['http://dbpedia.org/resource/Bowl_Championship_Series'],[]
ffedf78b8973944588301b78830568e52b3994,04e16568b52e13f1e140d38bc46f7efc,2019-10-01T02:06:56,['http://dbpedia.org/resource/LinkedIn'],[]
ffedf78b8973944588301b78830568e52b33818,079f331b7998269da2fab6626acf4010,2019-10-01T18:52:59,"['http://dbpedia.org/resource/Christian_Bale', 'http://dbpedia.org/resource/Matt_Damon']",[]
ffedf78b8973944588301b78830568e52b24528,9de86fc9e2d7145f7f122347ef0776e9,2019-10-01T15:03:13,['http://dbpedia.org/resource/Doctor_of_Philosophy'],[]
ffedf78b8973944588301b78830568e52b7569,3ccab66b1a5deeeb10b8f7fd7ed7e660,2019-10-01T03:54:36,['http://dbpedia.org/resource/The_Sydney_Morning_Herald'],[]
ffedf78b8973944588301b78830568e52b7750,f79cf7db575b16739ff73199c14b8894,2019-10-01T04:01:10,['http://dbpedia.org/resource/Bachelor_of_Science'],[]
ffedf78b8973944588301b78830568e52b21051,82e20524f1f9037478cfdcadc7aa8521,2019-10-01T13:09:46,['http://dbpedia.org/resource/Poshmark'],[]
ffedf78b8973944588301b78830568e52b24954,474824e34101460ac5bfe61a67f2bde3,2019-10-01T15:14:10,['http://dbpedia.org/resource/Twitter'],[]
ffedf78b8973944588301b78830568e52b23869,7b37f167ac45a4316a9a85f8b2f94fa3,2019-10-01T14:38:40,['http://dbpedia.org/resource/Veganism'],[]
ffedf78b8973944588301b78830568e52b36257,14d83ebcd2db32dc64b27c806b823e44,2019-10-01T19:51:41,['http://dbpedia.org/resource/WWE'],[]
ffedf78b8973944588301b78830568e52b15261,5af3fbd4331e38a0623297cfb342dbd9,2019-10-01T08:48:28,['http://dbpedia.org/resource/Nigeria'],[]
ffedf78b8973944588301b78830568e52b34786,18a8fecdc6e119550d1c22702d955a7b,2019-10-01T19:14:58,['http://dbpedia.org/resource/United_States_dollar'],[]
ffedf78b8973944588301b78830568e52b35816,e7a57db02403607bf8464da002b413f1,2019-10-01T19:42:17,['http://dbpedia.org/resource/Chelsea_F.C.'],[]
ffedf78b8973944588301b78830568e52b6416,9ebc2a0a1844955722692c17a1930320,2019-10-01T03:20:53,['http://dbpedia.org/resource/Midfielder'],[]
ffedf78b8973944588301b78830568e52b32254,88eff5e3c3647af95b24c5cfe01c42aa,2019-10-01T18:15:34,['http://dbpedia.org/resource/BP'],[]
ffedf78b8973944588301b78830568e52b15864,c40108fbf3c43cfd639c50e7b04a3821,2019-10-01T09:16:59,"['http://dbpedia.org/resource/YouTube', 'http://dbpedia.org/resource/YouTuber']",[]
ffedf78b8973944588301b78830568e52b29714,8c05c214e2cce43c63a3130edd773702,2019-10-01T17:18:33,['http://dbpedia.org/resource/Iowa'],[]
ffedf78b8973944588301b78830568e52b23641,4db9251008beddf112b7e0262026c77a,2019-10-01T14:33:30,['http://dbpedia.org/resource/Halloween'],[]
ffedf78b8973944588301b78830568e52b7578,e0a86ad1b6eda2ff52d7711dfad96312,2019-10-01T03:54:40,['http://dbpedia.org/resource/Twitter'],[]
ffedf78b8973944588301b78830568e52b5877,e992d267677542d61e9cdaf2ac6fb5ac,2019-10-01T03:07:13,['http://dbpedia.org/resource/Midfielder'],[]
ffedf78b8973944588301b78830568e52b9074,163936b6c2f3e9d24ace2a36f21f886c,2019-10-01T04:40:06,['http://dbpedia.org/resource/Racism'],[]
ffedf78b8973944588301b78830568e52b2801,b3bc81dbeaa4c08e9a3d2ded0926a5e2,2019-10-01T01:19:49,"['http://dbpedia.org/resource/American_Civil_War', 'http://dbpedia.org/resource/Twitter']",[]
ffedf78b8973944588301b78830568e52b26615,32b15d87063acf0ff5157b7ced0e3f3f,2019-10-01T16:00:05,['http://dbpedia.org/resource/Essex'],[]
ffedf78b8973944588301b78830568e52b15146,2076828abb2168aa11c284c37f9621c8,2019-10-01T08:41:38,['http://dbpedia.org/resource/Castilian_Party'],[]
f2df9c5bf2ce9454ead24ec7c6ca307f2b34269,242e10817730c3bba298541d63c3f613,2019-10-02T15:56:20,['http://dbpedia.org/resource/Weather_Underground'],[]
f2df9c5bf2ce9454ead24ec7c6ca307f2b12031,67e85a26502772928eccd22d3f259935,2019-10-02T01:13:06,['http://dbpedia.org/resource/Hulu'],[]
f2df9c5bf2ce9454ead24ec7c6ca307f2b6436,6f436e517baba11484b97a96ae37079a,2019-10-01T22:43:33,"['http://dbpedia.org/resource/California', 'http://dbpedia.org/resource/National_Collegiate_Athletic_Association']",[]
f2df9c5bf2ce9454ead24ec7c6ca307f2b12730,c927ea2645af8dadc698c3c432a3c39a,2019-10-02T01:31:22,"['http://dbpedia.org/resource/Handedness', 'http://dbpedia.org/resource/Quarterback', 'http://dbpedia.org/resource/Steve_Young', 'http://dbpedia.org/resource/Tua_Tagovailoa']",[]
f2df9c5bf2ce9454ead24ec7c6ca307f2b13866,bf4d2aab8982c9f38b43a27f14e7ccfe,2019-10-02T02:11:25,"['http://dbpedia.org/resource/Email', 'http://dbpedia.org/resource/Impeachment']",[]
f2df9c5bf2ce9454ead24ec7c6ca307f2b9789,c3d1815b22fc768a0050ebaf4b3447fc,2019-10-02T00:10:37,['http://dbpedia.org/resource/French_fries'],[]
f2df9c5bf2ce9454ead24ec7c6ca307f2b10364,40552d853edb34785077bc1f7003bca1,2019-10-02T00:25:59,['http://dbpedia.org/resource/Midfielder'],[]
f2df9c5bf2ce9454ead24ec7c6ca307f2b6763,3106f77103bc3a0c70939004e470abba,2019-10-01T22:52:06,['http://dbpedia.org/resource/FC_Bayern_Munich'],[]
f2df9c5bf2ce9454ead24ec7c6ca307f2b23702,75306124c0dd5533d977c6e6e278844b,2019-10-02T08:05:51,['http://dbpedia.org/resource/Baseball'],[]
f2df9c5bf2ce9454ead24ec7c6ca307f2b34772,ebfef4f41e7576acaeb80192d808e2fb,2019-10-02T16:09:36,['http://dbpedia.org/resource/Halloween'],[]
f2df9c5bf2ce9454ead24ec7c6ca307f2b7438,0f86cb78bb0320d9571e60796314c293,2019-10-01T23:06:27,['http://dbpedia.org/resource/Chelsea_F.C.'],[]
f2df9c5bf2ce9454ead24ec7c6ca307f2b866,56acc16f630e2b4b2a81e9cac15e2b54,2019-10-01T20:22:19,"['http://dbpedia.org/resource/Dubai', 'http://dbpedia.org/resource/Jaipur']",[]
f2df9c5bf2ce9454ead24ec7c6ca307f2b25995,d3432935462d63e131d9c067a2acf016,2019-10-02T10:36:21,['http://dbpedia.org/resource/Thruxton_Circuit'],[]
f2df9c5bf2ce9454ead24ec7c6ca307f2b7467,cb94ced182daaff6af48070187e64a55,2019-10-01T23:06:58,['http://dbpedia.org/resource/Midfielder'],[]
f2df9c5bf2ce9454ead24ec7c6ca307f2b4946,ef5e9acc51d5de9d97ade543b38d179f,2019-10-01T22:06:41,['http://dbpedia.org/resource/Friending_and_following'],[]
f2df9c5bf2ce9454ead24ec7c6ca307f2b25080,fbd3c3bea0263c1b6656408136c2e86b,2019-10-02T09:22:24,['http://dbpedia.org/resource/Xenophobia'],[]
f2df9c5bf2ce9454ead24ec7c6ca307f2b4754,184f8985e5545575eeb3146a5f1d4a3a,2019-10-01T22:01:16,['http://dbpedia.org/resource/Smart_People'],[]
f2df9c5bf2ce9454ead24ec7c6ca307f2b31084,2fadab108aeb7314927174bcb7bff63c,2019-10-02T14:20:37,"['http://dbpedia.org/resource/BTS', 'http://dbpedia.org/resource/Castilian_Party']",[]
f2df9c5bf2ce9454ead24ec7c6ca307f2b12438,477f74cfeb511701858cd77c0b36bc89,2019-10-02T01:21:49,['http://dbpedia.org/resource/President_of_the_United_States'],[]
f2df9c5bf2ce9454ead24ec7c6ca307f2b17161,9ac09dfe3b414d1b6005e695be0c122b,2019-10-02T03:56:16,['http://dbpedia.org/resource/Twitter'],[]
f2df9c5bf2ce9454ead24ec7c6ca307f2b27792,f9ca1f0f7b11809cd8c2f77363237337,2019-10-02T12:07:05,['http://dbpedia.org/resource/Midfielder'],[]
f2df9c5bf2ce9454ead24ec7c6ca307f2b30008,2a329d920e5ef539efd0061b69bc2431,2019-10-02T13:46:13,['http://dbpedia.org/resource/Guardian_Angels'],[]
f2df9c5bf2ce9454ead24ec7c6ca307f2b27910,a142b71809a15db5a2753a92f0959d63,2019-10-02T12:36:42,['http://dbpedia.org/resource/Twitter'],[]
f2df9c5bf2ce9454ead24ec7c6ca307f2b6397,94564095340c872180208d2ed3137a79,2019-10-01T22:41:57,['http://dbpedia.org/resource/Arsenal_F.C.'],[]
f2df9c5bf2ce9454ead24ec7c6ca307f2b27683,e9d03d3b805cb61bc8697d8efa69d41f,2019-10-02T12:04:12,"['http://dbpedia.org/resource/BTS', 'http://dbpedia.org/resource/Thruxton_Circuit']",[]
f2df9c5bf2ce9454ead24ec7c6ca307f2b24698,d40b03aa05267801d52e54ea9e740e51,2019-10-02T08:54:00,['http://dbpedia.org/resource/Yorkshire'],[]
f2df9c5bf2ce9454ead24ec7c6ca307f2b13633,0d8d1ef26444639c00ca2132e5e91639,2019-10-02T02:01:47,['http://dbpedia.org/resource/The_Sydney_Morning_Herald'],[]
f2df9c5bf2ce9454ead24ec7c6ca307f2b28069,58c4b690d22f9dee5709e2308a30bb2a,2019-10-02T12:43:31,['http://dbpedia.org/resource/Twitter'],[]
f2df9c5bf2ce9454ead24ec7c6ca307f2b16478,814402d61ed51c3176a815c9973a009d,2019-10-02T03:27:20,['http://dbpedia.org/resource/Twitter'],[]
f2df9c5bf2ce9454ead24ec7c6ca307f2b24965,127ade6206b5960cdb02236e7fdd2608,2019-10-02T09:10:31,['http://dbpedia.org/resource/Bulletproof_vest'],[]
f2df9c5bf2ce9454ead24ec7c6ca307f2b27713,da6eafba4eae1c4fae939d22e6d9bd19,2019-10-02T12:05:26,['http://dbpedia.org/resource/Texas'],[]
f2df9c5bf2ce9454ead24ec7c6ca307f2b11742,c9ae52f9e8c9eb27a4ef4bed4424554b,2019-10-02T01:04:19,['http://dbpedia.org/resource/Texas'],[]
f2df9c5bf2ce9454ead24ec7c6ca307f2b10542,38ad5a7fad6e5c88aa1365e67052a5f9,2019-10-02T00:29:47,['http://dbpedia.org/resource/Atlanta'],[]
f2df9c5bf2ce9454ead24ec7c6ca307f2b5872,1dead32845e0de80a178627c184cb1c7,2019-10-01T22:28:45,['http://dbpedia.org/resource/Destiny_2'],[]
f2df9c5bf2ce9454ead24ec7c6ca307f2b19238,2b90ce19839676ad09004e4a410d7dd0,2019-10-02T05:02:16,['http://dbpedia.org/resource/Josh_Hader'],[]
f2df9c5bf2ce9454ead24ec7c6ca307f2b4806,b2dc5d0f55a23522cf45cf2fd41bb573,2019-10-01T22:02:46,['http://dbpedia.org/resource/Texas'],[]
f2df9c5bf2ce9454ead24ec7c6ca307f2b1787,1ac12e37873e86faf85b6fc7a2d1621a,2019-10-01T20:46:30,"['http://dbpedia.org/resource/Adam_Schiff', 'http://dbpedia.org/resource/Twitter']",[]
f2df9c5bf2ce9454ead24ec7c6ca307f2b35747,326610434dd7b53c5a660b24a22ee8ea,2019-10-02T16:31:53,['http://dbpedia.org/resource/Midfielder'],[]
f2df9c5bf2ce9454ead24ec7c6ca307f2b252,55fe2a58be2e6a70cede8fbdde87e425,2019-10-01T20:06:16,['http://dbpedia.org/resource/BTS'],[]
f2df9c5bf2ce9454ead24ec7c6ca307f2b6029,61817a8db4e4a98a2b0e62d1eadd4610,2019-10-01T22:33:05,['http://dbpedia.org/resource/Southeastern_Conference'],[]
f2df9c5bf2ce9454ead24ec7c6ca307f2b18498,3e5ee71eaee733a5cc0c5a39f5d9d5db,2019-10-02T04:36:04,['http://dbpedia.org/resource/Josh_Hader'],[]
f2df9c5bf2ce9454ead24ec7c6ca307f2b26092,4c7af94daee41b6f51d462e5a08cb5ad,2019-10-02T10:48:32,"['http://dbpedia.org/resource/India', 'http://dbpedia.org/resource/YouTube']",[]
f2df9c5bf2ce9454ead24ec7c6ca307f2b5691,8d817546d7483ecb0f292ca018e3544e,2019-10-01T22:24:00,"['http://dbpedia.org/resource/Independent_politician', 'http://dbpedia.org/resource/Pensioner']",[]
f2df9c5bf2ce9454ead24ec7c6ca307f2b20358,2c519292a087ed336fd66a466473d6da,2019-10-02T05:46:48,['http://dbpedia.org/resource/Jack_Dorsey'],[]
f2df9c5bf2ce9454ead24ec7c6ca307f2b7,4b72cab08a280f5f6e03d9e85a748103,2019-10-01T20:01:14,['http://dbpedia.org/resource/Halloween'],[]
f2df9c5bf2ce9454ead24ec7c6ca307f2b24982,b35ec6f9c8909f34a254da0d3a1cda51,2019-10-02T09:12:11,['http://dbpedia.org/resource/David_Skaggs'],[]
f2df9c5bf2ce9454ead24ec7c6ca307f2b7062,90f90a14bfce6ef7f9f0c531441f6b0b,2019-10-01T22:57:55,['http://dbpedia.org/resource/Twitter'],[]
f2df9c5bf2ce9454ead24ec7c6ca307f2b33589,491edff4334551325000f028351ef169,2019-10-02T15:36:42,['http://dbpedia.org/resource/President_of_the_United_States'],[]
f2df9c5bf2ce9454ead24ec7c6ca307f2b15486,6a70272dd6715e00b3a96e4aba2c5a90,2019-10-02T02:54:09,"['http://dbpedia.org/resource/Carrie_Underwood', 'http://dbpedia.org/resource/Shania_Twain', 'http://dbpedia.org/resource/Taylor_Swift']",[]
f2df9c5bf2ce9454ead24ec7c6ca307f2b18281,aba19b199a1ba7b8e3803da027ed78b1,2019-10-02T04:30:09,"['http://dbpedia.org/resource/President_of_the_United_States', 'http://dbpedia.org/resource/Robert_De_Niro']",[]
f2df9c5bf2ce9454ead24ec7c6ca307f2b33567,3e1155138bd2bd06f8105219776c6db3,2019-10-02T15:35:21,['http://dbpedia.org/resource/Midfielder'],[]
f2df9c5bf2ce9454ead24ec7c6ca307f2b18360,91c63c7de66334aa4425f098516f8440,2019-10-02T04:31:20,['http://dbpedia.org/resource/North_Pole'],[]
f2df9c5bf2ce9454ead24ec7c6ca307f2b6039,132dcca50775dfa7ce78330709d71349,2019-10-01T22:33:15,['http://dbpedia.org/resource/Castilian_Party'],[]
f2df9c5bf2ce9454ead24ec7c6ca307f2b5287,af8636d77c10015b2187ceba3d021f8c,2019-10-01T22:14:01,['http://dbpedia.org/resource/White_House'],[]
f2df9c5bf2ce9454ead24ec7c6ca307f2b30510,621be7dd40e8c093a5d43453ac82d47b,2019-10-02T14:02:18,['http://dbpedia.org/resource/Ellen_DeGeneres'],[]
f2df9c5bf2ce9454ead24ec7c6ca307f2b20953,4a419cecfa5c7847c94d0944367c522a,2019-10-02T06:10:48,['http://dbpedia.org/resource/Twitter'],[]
f2df9c5bf2ce9454ead24ec7c6ca307f2b21262,b3807e5317015acf07db8d35af74f473,2019-10-02T06:21:22,"['http://dbpedia.org/resource/BET', 'http://dbpedia.org/resource/National_anthem']",[]
f2df9c5bf2ce9454ead24ec7c6ca307f2b5898,04fa7b6fd7058dd99fff9d33770d3794,2019-10-01T22:29:12,['http://dbpedia.org/resource/Curling'],[]
f2df9c5bf2ce9454ead24ec7c6ca307f2b23959,965a1046480d2f7c77b5fd0f904a0ab9,2019-10-02T08:15:44,['http://dbpedia.org/resource/Presidency_of_Donald_Trump'],[]
f2df9c5bf2ce9454ead24ec7c6ca307f2b7780,e0266db4850381dc69dd4fa20508e262,2019-10-01T23:13:59,['http://dbpedia.org/resource/Zimbabwe'],[]
f2df9c5bf2ce9454ead24ec7c6ca307f2b10619,07fa592fa989268a89753c670b575dfc,2019-10-02T00:32:03,"['http://dbpedia.org/resource/Imma', 'http://dbpedia.org/resource/Southeastern_Conference']",[]
f2df9c5bf2ce9454ead24ec7c6ca307f2b33888,f27929980f7516fbcabefc92f3f92302,2019-10-02T15:45:35,['http://dbpedia.org/resource/Ben_Shapiro'],[]
f2df9c5bf2ce9454ead24ec7c6ca307f2b2404,7f44e171ed9474a876ccfe8f4eec26c9,2019-10-01T20:59:03,['http://dbpedia.org/resource/Bunk_bed'],[]
f2df9c5bf2ce9454ead24ec7c6ca307f2b33360,1a5a9372047ae4a589c8bb0bf9f88ccb,2019-10-02T15:30:02,"['http://dbpedia.org/resource/Thailand', 'http://dbpedia.org/resource/Twitter']",[]
f2df9c5bf2ce9454ead24ec7c6ca307f2b18379,b3cc025e7f90ee039099146b64888cd6,2019-10-02T04:32:14,"['http://dbpedia.org/resource/American_Civil_War', 'http://dbpedia.org/resource/Evangelicalism', 'http://dbpedia.org/resource/Mobile_phone']",[]
f2df9c5bf2ce9454ead24ec7c6ca307f2b35988,a506ece901f2da8e726b2558c6e0b4b0,2019-10-02T16:35:53,['http://dbpedia.org/resource/Soulmate'],[]
f2df9c5bf2ce9454ead24ec7c6ca307f2b29949,369ebcc3fb0f51bc33b037f6fe103f06,2019-10-02T13:44:27,"['http://dbpedia.org/resource/Donald_Trump', 'http://dbpedia.org/resource/President_of_the_United_States']",[]
f2df9c5bf2ce9454ead24ec7c6ca307f2b17588,0e6a515e49803ce2dc3ea9209ff16d32,2019-10-02T04:08:04,['http://dbpedia.org/resource/Soul_music'],[]
f2df9c5bf2ce9454ead24ec7c6ca307f2b32895,b55ad08714c98272a07f22b81bcd0a3b,2019-10-02T15:16:47,['http://dbpedia.org/resource/Racism'],[]
f2df9c5bf2ce9454ead24ec7c6ca307f2b29169,53f4124d4221cd73df6bc4151756d2a2,2019-10-02T13:19:41,['http://dbpedia.org/resource/Tim_Hortons'],[]
f2df9c5bf2ce9454ead24ec7c6ca307f2b4417,485a4a805b6a1db7fe53d5b5dcefb1f6,2019-10-01T21:50:47,"['http://dbpedia.org/resource/Impeachment', 'http://dbpedia.org/resource/President_of_the_United_States']",[]
f2df9c5bf2ce9454ead24ec7c6ca307f2b3953,92ea4d42beb1e5cab207f191e058abe1,2019-10-01T21:36:21,['http://dbpedia.org/resource/White_supremacy'],[]
f2df9c5bf2ce9454ead24ec7c6ca307f2b4726,b95af2c43430174748e93c5b8f47b789,2019-10-01T22:00:03,['http://dbpedia.org/resource/Sweden'],[]
f2df9c5bf2ce9454ead24ec7c6ca307f2b32317,1be2e3d8d5919c95b2b122cbd5e1d137,2019-10-02T14:59:14,['http://dbpedia.org/resource/Body_positivity'],[]
f2df9c5bf2ce9454ead24ec7c6ca307f2b23901,a9f4c3952c5baa202b17f7aff353cc2b,2019-10-02T08:14:37,['http://dbpedia.org/resource/Lawyer'],[]
f2df9c5bf2ce9454ead24ec7c6ca307f2b31536,ce1e4247a72ed93ac15a1201eb0a6e5e,2019-10-02T14:37:16,['http://dbpedia.org/resource/Slang'],[]
f2df9c5bf2ce9454ead24ec7c6ca307f2b19319,b482e98e554f702495c10af5a8ce5d0b,2019-10-02T05:04:34,['http://dbpedia.org/resource/Playoffs'],[]
f2df9c5bf2ce9454ead24ec7c6ca307f2b2329,2a893a1fb735e7ad74869d394ff4370c,2019-10-01T20:58:20,['http://dbpedia.org/resource/BBC'],[]
f2df9c5bf2ce9454ead24ec7c6ca307f2b6877,3409ba0577312326a7d4d311cc71584e,2019-10-01T22:53:31,['http://dbpedia.org/resource/Midfielder'],[]
f2df9c5bf2ce9454ead24ec7c6ca307f2b260,d14907480c055e6dd8839a19eb0f448e,2019-10-01T20:06:24,['http://dbpedia.org/resource/Todd_Phillips'],[]
f2df9c5bf2ce9454ead24ec7c6ca307f2b3214,ee15268445ea026182b9bcc238d80a90,2019-10-01T21:15:40,['http://dbpedia.org/resource/Twitter'],[]
f2df9c5bf2ce9454ead24ec7c6ca307f2b17191,46e560b81309d52a53a3372c64c7bbe7,2019-10-02T03:57:23,['http://dbpedia.org/resource/Denver'],[]
f2df9c5bf2ce9454ead24ec7c6ca307f2b24473,a9e7905d7897d9b5f23b40370a1d3633,2019-10-02T08:41:13,['http://dbpedia.org/resource/Twitter'],[]
f2df9c5bf2ce9454ead24ec7c6ca307f2b6183,5a9c43a430014009ba46b9449bfc592f,2019-10-01T22:36:04,['http://dbpedia.org/resource/Panic_attack'],[]
f2df9c5bf2ce9454ead24ec7c6ca307f2b28573,d59b76c169bf0723ec0db0f967603d7f,2019-10-02T13:02:31,['http://dbpedia.org/resource/Costa_Rica'],[]
f2df9c5bf2ce9454ead24ec7c6ca307f2b20068,717b888631e88e2c22507ce0ef2fa55c,2019-10-02T05:33:11,['http://dbpedia.org/resource/NATS_Holdings'],[]
f2df9c5bf2ce9454ead24ec7c6ca307f2b32140,af849f5f8c99b20a33f8c75d2b76c9ba,2019-10-02T14:54:56,['http://dbpedia.org/resource/Call_of_Duty'],[]
f2df9c5bf2ce9454ead24ec7c6ca307f2b4837,8c87ad66cfad29f85f3738690c504d38,2019-10-01T22:03:06,['http://dbpedia.org/resource/Sky_News'],[]
f2df9c5bf2ce9454ead24ec7c6ca307f2b14516,62c8aaa80ce4eda5ef49b3028d009242,2019-10-02T02:27:48,['http://dbpedia.org/resource/Twitter'],[]
f2df9c5bf2ce9454ead24ec7c6ca307f2b11136,9b990483f2ea103f38a9c8c7d481b762,2019-10-02T00:47:23,['http://dbpedia.org/resource/Donald_Trump'],[]
f2df9c5bf2ce9454ead24ec7c6ca307f2b27515,8897f3b60da7c4fa2a0379331f7db420,2019-10-02T11:55:57,['http://dbpedia.org/resource/Nice'],[]
f2df9c5bf2ce9454ead24ec7c6ca307f2b28526,738693f8a861b3bd47d3af9311e08c01,2019-10-02T13:01:28,['http://dbpedia.org/resource/Twitter'],[]
f2df9c5bf2ce9454ead24ec7c6ca307f2b18074,4e52d91a1fe351007355b334e07c7278,2019-10-02T04:25:17,['http://dbpedia.org/resource/Cruelty_to_animals'],[]
f2df9c5bf2ce9454ead24ec7c6ca307f2b14201,d27b75c38d7b2871e3928c9ad73edc32,2019-10-02T02:19:09,['http://dbpedia.org/resource/Twitter'],[]
f2df9c5bf2ce9454ead24ec7c6ca307f2b23146,8c110f1708786c0e4e41756c3c8c30f3,2019-10-02T07:41:18,['http://dbpedia.org/resource/Maxine_Waters'],[]
f2df9c5bf2ce9454ead24ec7c6ca307f2b26812,9a1ef05877d805c4e1ca3a11510f2181,2019-10-02T11:29:32,['http://dbpedia.org/resource/East_Africa_Time'],[]
f2df9c5bf2ce9454ead24ec7c6ca307f2b7816,563ed0d05a00837718881891f52cf274,2019-10-01T23:14:19,['http://dbpedia.org/resource/Kurt_Volker'],[]
f2df9c5bf2ce9454ead24ec7c6ca307f2b11697,572231f2291fafa66d537ff1cf352300,2019-10-02T01:03:12,['http://dbpedia.org/resource/Vehicle_insurance'],[]
f2df9c5bf2ce9454ead24ec7c6ca307f2b19597,039f85974e525fbdd5ded9610cfb5a82,2019-10-02T05:16:38,['http://dbpedia.org/resource/ESPN'],[]
f2df9c5bf2ce9454ead24ec7c6ca307f2b19649,c8a50ead91e62afbbfddf2466b6e22d5,2019-10-02T05:17:56,['http://dbpedia.org/resource/Twitter'],[]
f2df9c5bf2ce9454ead24ec7c6ca307f2b22613,c9f2abb56826d421d43bc0542c9e601b,2019-10-02T07:17:10,['http://dbpedia.org/resource/Pop_music'],[]
f2df9c5bf2ce9454ead24ec7c6ca307f2b1374,78282b56a202318957ad6d1040e3468b,2019-10-01T20:35:17,"['http://dbpedia.org/resource/Cultural_appropriation', 'http://dbpedia.org/resource/Halloween']",[]
f2df9c5bf2ce9454ead24ec7c6ca307f2b11439,4f5a95064cb406f00dacd4afb7edc063,2019-10-02T00:56:39,['http://dbpedia.org/resource/Reuters'],[]
f2df9c5bf2ce9454ead24ec7c6ca307f2b5566,b9e5b231986b70601158fee91a5a6298,2019-10-01T22:20:01,['http://dbpedia.org/resource/PDF'],[]
f2df9c5bf2ce9454ead24ec7c6ca307f2b10978,9555f97df697d75d508081e02f4c6e46,2019-10-02T00:42:31,['http://dbpedia.org/resource/Electronic_dance_music'],[]
f2df9c5bf2ce9454ead24ec7c6ca307f2b20735,a3d7d79b196387ffb1dd46f5342e2d7e,2019-10-02T06:00:49,['http://dbpedia.org/resource/Walmart'],[]
f2df9c5bf2ce9454ead24ec7c6ca307f2b19679,750c27115b1fd8f8fc070547b37c450f,2019-10-02T05:19:15,['http://dbpedia.org/resource/The_Pentagon'],[]
f2df9c5bf2ce9454ead24ec7c6ca307f2b20232,37673a05bc0431492f1b54f17a0a03ce,2019-10-02T05:40:28,['http://dbpedia.org/resource/The_Sydney_Morning_Herald'],[]
f2df9c5bf2ce9454ead24ec7c6ca307f2b4169,03e83218fb7cfc89e67a9548dec5e14d,2019-10-01T21:42:39,"['http://dbpedia.org/resource/Mars', 'http://dbpedia.org/resource/Nice']",[]
f2df9c5bf2ce9454ead24ec7c6ca307f2b31013,221479612035f8f57a07e7b8e8eaca2c,2019-10-02T14:18:16,['http://dbpedia.org/resource/Twitter'],[]
f2df9c5bf2ce9454ead24ec7c6ca307f2b16625,0015ec7d6b40dc88bb63ae1656fe66e3,2019-10-02T03:35:57,['http://dbpedia.org/resource/Destiny_2'],[]
f2df9c5bf2ce9454ead24ec7c6ca307f2b1465,5586aaace12bfe7b7e495fb98a65f2c9,2019-10-01T20:37:03,['http://dbpedia.org/resource/Iowa'],[]
f2df9c5bf2ce9454ead24ec7c6ca307f2b6962,5cd4f56281e380a5414d9aea50b217ba,2019-10-01T22:54:32,['http://dbpedia.org/resource/Pretty_Little_Liars'],[]
f2df9c5bf2ce9454ead24ec7c6ca307f2b244,94c6c9ec5faa472315218fbcf5237cc5,2019-10-01T20:06:12,['http://dbpedia.org/resource/Coffee'],[]
f2df9c5bf2ce9454ead24ec7c6ca307f2b10417,763feb0f4deaa1caf64cb1ab0ec0bac1,2019-10-02T00:27:38,"['http://dbpedia.org/resource/Adam_Schiff', 'http://dbpedia.org/resource/President_of_Ukraine']",[]
f2df9c5bf2ce9454ead24ec7c6ca307f2b6059,cb3f926bc21035145e5923745e76d3d1,2019-10-01T22:33:40,['http://dbpedia.org/resource/Theodore_Roosevelt'],[]
f2df9c5bf2ce9454ead24ec7c6ca307f2b31428,8bc1893ef2acdcbf10cb66e0b230d116,2019-10-02T14:33:50,['http://dbpedia.org/resource/Veganism'],[]
f2df9c5bf2ce9454ead24ec7c6ca307f2b28646,304de18aa14ec379f29f4994c3716be9,2019-10-02T13:05:36,['http://dbpedia.org/resource/Baltimore'],[]
f2df9c5bf2ce9454ead24ec7c6ca307f2b19061,add85e36d7dd7910ea67c2a939889ddd,2019-10-02T04:57:23,"['http://dbpedia.org/resource/Josh_Hader', 'http://dbpedia.org/resource/Milwaukee_Brewers', 'http://dbpedia.org/resource/Postal_Index_Number']",[]
f2df9c5bf2ce9454ead24ec7c6ca307f2b26958,ef4d5da0cbd524b7314b835a86cdfcc0,2019-10-02T11:33:18,['http://dbpedia.org/resource/Racism'],[]
f2df9c5bf2ce9454ead24ec7c6ca307f2b8063,4568a75e8d3f567be6d9ef805d409ea9,2019-10-01T23:23:15,['http://dbpedia.org/resource/Halloween'],[]
f2df9c5bf2ce9454ead24ec7c6ca307f2b17435,5ce62e8ec5905da56be83aa2bb0dbf5b,2019-10-02T04:03:39,['http://dbpedia.org/resource/Imma'],[]
f2df9c5bf2ce9454ead24ec7c6ca307f2b27271,5dc0f8767970bd05a2d596576eafd81f,2019-10-02T11:44:07,['http://dbpedia.org/resource/Ireland'],[]
f2df9c5bf2ce9454ead24ec7c6ca307f2b1422,5b4a749e378d487b0213994723685547,2019-10-01T20:35:58,['http://dbpedia.org/resource/Cardi_B'],[]
f2df9c5bf2ce9454ead24ec7c6ca307f2b5913,b21a994f6476cbc8c50a15b916e618e5,2019-10-01T22:29:35,['http://dbpedia.org/resource/WeWork'],[]
f2df9c5bf2ce9454ead24ec7c6ca307f2b35089,e76a433f06133aedd7f6b7063f542463,2019-10-02T16:16:38,"['http://dbpedia.org/resource/Castilian_Party', 'http://dbpedia.org/resource/Zendaya']",[]
f2df9c5bf2ce9454ead24ec7c6ca307f2b9931,9cb53de3de6cd452a694f61397e07883,2019-10-02T00:15:35,['http://dbpedia.org/resource/Intel'],[]
f2df9c5bf2ce9454ead24ec7c6ca307f2b21238,8e1d17111c748d384ef6123897697c17,2019-10-02T06:20:30,['http://dbpedia.org/resource/Milwaukee_Brewers'],[]
f2df9c5bf2ce9454ead24ec7c6ca307f2b26921,629ab275ecded2562b7f9c69a60d7842,2019-10-02T11:32:17,['http://dbpedia.org/resource/Thruxton_Circuit'],[]
f2df9c5bf2ce9454ead24ec7c6ca307f2b7670,7f971aa1f697c2f0d4aff0d39e17aed6,2019-10-01T23:11:05,['http://dbpedia.org/resource/Politico'],[]
f2df9c5bf2ce9454ead24ec7c6ca307f2b3815,61e2d54c62ae340aa154461df17db2b7,2019-10-01T21:33:29,"['http://dbpedia.org/resource/Emerson_Electric', 'http://dbpedia.org/resource/Valve_Corporation']",[]
f2df9c5bf2ce9454ead24ec7c6ca307f2b25764,a368bb5a9648e7e2cd1ec96c9fe31eb7,2019-10-02T10:18:18,"['http://dbpedia.org/resource/Kylie_Jenner', 'http://dbpedia.org/resource/Travis_Scott']",[]
f2df9c5bf2ce9454ead24ec7c6ca307f2b31145,fda3d29311fd2e189343226c03c615a4,2019-10-02T14:23:17,['http://dbpedia.org/resource/Heart_of_Midlothian_F.C.'],[]
f2df9c5bf2ce9454ead24ec7c6ca307f2b21682,ee6f1e522e26f6521b2ae994db2400c6,2019-10-02T06:38:07,"['http://dbpedia.org/resource/Hawaii', 'http://dbpedia.org/resource/Houston']",[]
f2df9c5bf2ce9454ead24ec7c6ca307f2b26631,e797c6ad0302aa32748dd285bfa01742,2019-10-02T11:18:39,['http://dbpedia.org/resource/Ireland'],[]
f2df9c5bf2ce9454ead24ec7c6ca307f2b8300,d46aed623e7f396472c1e3078715c6a2,2019-10-01T23:31:01,['http://dbpedia.org/resource/Google'],[]
f2df9c5bf2ce9454ead24ec7c6ca307f2b20651,25f5ba864f5b0d0665c4543cdb8fca47,2019-10-02T05:55:49,['http://dbpedia.org/resource/Milwaukee_Brewers'],[]
f2df9c5bf2ce9454ead24ec7c6ca307f2b31097,5515354334100cacc40205e79aea6671,2019-10-02T14:20:46,['http://dbpedia.org/resource/Paris'],[]
f2df9c5bf2ce9454ead24ec7c6ca307f2b14147,94bb51a241f75558c85251dbb2a9dbef,2019-10-02T02:17:41,['http://dbpedia.org/resource/Elena_Delle_Donne'],[]
f2df9c5bf2ce9454ead24ec7c6ca307f2b840,4fc3cc3ee842286597d86e2df97960dc,2019-10-01T20:21:38,['http://dbpedia.org/resource/Midfielder'],[]
f2df9c5bf2ce9454ead24ec7c6ca307f2b32394,59e159673b83e7be91fe2839dec16926,2019-10-02T15:01:50,['http://dbpedia.org/resource/Twitter'],[]
f2df9c5bf2ce9454ead24ec7c6ca307f2b31461,c260da4cca58288296d86ca60a568589,2019-10-02T14:34:34,['http://dbpedia.org/resource/Twitter'],[]
f2df9c5bf2ce9454ead24ec7c6ca307f2b35765,f1297e9e9ef2edb602d4795d80a0f86d,2019-10-02T16:31:57,['http://dbpedia.org/resource/Minnesota_Twins'],[]
f2df9c5bf2ce9454ead24ec7c6ca307f2b2748,c789e02a92735943b923eac64db5043b,2019-10-01T21:07:15,['http://dbpedia.org/resource/IPad'],[]
f2df9c5bf2ce9454ead24ec7c6ca307f2b6731,95056134dc2c329a215122af1e32861b,2019-10-01T22:51:17,['http://dbpedia.org/resource/Destiny_2'],[]
f2df9c5bf2ce9454ead24ec7c6ca307f2b33075,ce3eefb05c491b213d5d14aa251d3c7b,2019-10-02T15:21:34,['http://dbpedia.org/resource/Facebook'],[]
f2df9c5bf2ce9454ead24ec7c6ca307f2b7963,8371178ea375d7251b2385d3a990ca31,2019-10-01T23:19:23,['http://dbpedia.org/resource/Sony'],[]
f2df9c5bf2ce9454ead24ec7c6ca307f2b22967,4a0714f8b0afffab28d419600a997260,2019-10-02T07:33:33,['http://dbpedia.org/resource/BTS'],[]
f2df9c5bf2ce9454ead24ec7c6ca307f2b35781,6327ec3d4438151e6e9d571f63bbac59,2019-10-02T16:32:08,['http://dbpedia.org/resource/Doug_Pederson'],[]
f2df9c5bf2ce9454ead24ec7c6ca307f2b563,3bab1f3d792d4299b2dc932bf616ef1d,2019-10-01T20:13:47,['http://dbpedia.org/resource/The_Sydney_Morning_Herald'],[]
f2df9c5bf2ce9454ead24ec7c6ca307f2b22008,850b906d954a8b51e15d8e7bb598ff31,2019-10-02T06:49:27,['http://dbpedia.org/resource/Cheers'],[]
f2df9c5bf2ce9454ead24ec7c6ca307f2b26536,34e225269dcc3c7a712cf82c0067f9c2,2019-10-02T11:13:20,['http://dbpedia.org/resource/Instagram'],[]
f2df9c5bf2ce9454ead24ec7c6ca307f2b20903,00bb4de1c39f837714d6321bd5209c92,2019-10-02T06:06:26,['http://dbpedia.org/resource/CNN'],[]
f2df9c5bf2ce9454ead24ec7c6ca307f2b19016,e64e43b95e418cf2e4a37e723b49e127,2019-10-02T04:56:57,['http://dbpedia.org/resource/Impeachment'],[]
f2df9c5bf2ce9454ead24ec7c6ca307f2b24004,cf4e9a2d3dcde1509ade6a7eec649193,2019-10-02T08:17:28,"['http://dbpedia.org/resource/FC_Bayern_Munich', 'http://dbpedia.org/resource/Mauricio_Pochettino']",[]
f2df9c5bf2ce9454ead24ec7c6ca307f2b16589,1c6562fc37932beefd4912f70739b059,2019-10-02T03:34:24,['http://dbpedia.org/resource/Evangelicalism'],[]
f2df9c5bf2ce9454ead24ec7c6ca307f2b33193,cbcd96fc9251a1b6753b69a03aa24dbb,2019-10-02T15:26:17,['http://dbpedia.org/resource/Twitter'],[]
f2df9c5bf2ce9454ead24ec7c6ca307f2b8716,01e69ed3b8701f2c9b86f29d9385959f,2019-10-01T23:41:54,['http://dbpedia.org/resource/Facebook'],[]
f2df9c5bf2ce9454ead24ec7c6ca307f2b1362,b4ea2d77d9c2a98c930fd823b65ca158,2019-10-01T20:34:55,['http://dbpedia.org/resource/Twitter'],[]
f2df9c5bf2ce9454ead24ec7c6ca307f2b1861,db00c4cf58f5a5995570e30ad60e7f77,2019-10-01T20:48:42,['http://dbpedia.org/resource/YouTube'],[]
f2df9c5bf2ce9454ead24ec7c6ca307f2b21083,efefd57db121299bc22a5404863c4128,2019-10-02T06:15:33,['http://dbpedia.org/resource/Dr_Pepper'],[]
f2df9c5bf2ce9454ead24ec7c6ca307f2b33624,281800cd2f675832b72debb66b74b162,2019-10-02T15:37:36,"['http://dbpedia.org/resource/Jamie_Vardy', 'http://dbpedia.org/resource/Leicester_City_F.C.']",[]
f2df9c5bf2ce9454ead24ec7c6ca307f2b28667,d0082588820d991c3ad2b54068e1b5b2,2019-10-02T13:06:00,['http://dbpedia.org/resource/Midfielder'],[]
f2df9c5bf2ce9454ead24ec7c6ca307f2b23213,c1c7c74d63a9f381e796c67428773e6b,2019-10-02T07:43:44,['http://dbpedia.org/resource/Impeachment'],[]
f2df9c5bf2ce9454ead24ec7c6ca307f2b31294,c8ddb439a40894ea1e46905dc24f9f54,2019-10-02T14:28:25,['http://dbpedia.org/resource/Israel'],[]
f2df9c5bf2ce9454ead24ec7c6ca307f2b35618,cffb41f8afd6fc1573cef3aa0ffc2b8a,2019-10-02T16:29:02,['http://dbpedia.org/resource/Live_with_Kelly_and_Ryan'],[]
f2df9c5bf2ce9454ead24ec7c6ca307f2b18818,7bd7d927f28a4258aae72d5ee485076d,2019-10-02T04:47:59,['http://dbpedia.org/resource/Unidentified_flying_object'],[]
f2df9c5bf2ce9454ead24ec7c6ca307f2b11600,3bbf9f737382ad886a6992708d83eac6,2019-10-02T01:00:04,['http://dbpedia.org/resource/Halloween'],[]
f2df9c5bf2ce9454ead24ec7c6ca307f2b27377,0eecba8091cfb13eb73b206be9120627,2019-10-02T11:48:53,"['http://dbpedia.org/resource/Jacoby_Brissett', 'http://dbpedia.org/resource/Quarterback']",[]
f2df9c5bf2ce9454ead24ec7c6ca307f2b28339,83d9d4f394eb46b80cf81c51e50963d6,2019-10-02T12:55:00,['http://dbpedia.org/resource/BTS'],[]
f2df9c5bf2ce9454ead24ec7c6ca307f2b32981,45a87abe697ad3ebce43f2d9a77449c3,2019-10-02T15:20:15,['http://dbpedia.org/resource/BTS'],[]
f2df9c5bf2ce9454ead24ec7c6ca307f2b12627,690b24e551b47a70cadb5601638a9fe3,2019-10-02T01:29:02,['http://dbpedia.org/resource/Fortnite'],[]
f2df9c5bf2ce9454ead24ec7c6ca307f2b24386,efa391393010d30eb97f56a16005cece,2019-10-02T08:34:47,['http://dbpedia.org/resource/Ethnic_group'],[]
f2df9c5bf2ce9454ead24ec7c6ca307f2b3188,f2611c334886489475e041feb6d6924d,2019-10-01T21:15:26,['http://dbpedia.org/resource/FC_Bayern_Munich'],[]
f2df9c5bf2ce9454ead24ec7c6ca307f2b14248,efdd55a0eccc69fc1d5f3c611e8e44af,2019-10-02T02:20:36,"['http://dbpedia.org/resource/No_Doubt', 'http://dbpedia.org/resource/RhoC']",[]
f2df9c5bf2ce9454ead24ec7c6ca307f2b29214,f95102f3be594278d4c336510e84bee6,2019-10-02T13:19:53,['http://dbpedia.org/resource/Halloween'],[]
f2df9c5bf2ce9454ead24ec7c6ca307f2b1926,32b0e3ce18602b9af4b92db0369b30a9,2019-10-01T20:49:46,['http://dbpedia.org/resource/MSNBC'],[]
f2df9c5bf2ce9454ead24ec7c6ca307f2b29404,d05ca7c0bf10cb049c9d9f4424e308eb,2019-10-02T13:25:20,['http://dbpedia.org/resource/Computer-aided_design'],[]
f2df9c5bf2ce9454ead24ec7c6ca307f2b15939,913db460d40bbe519a51aa9fa9d85c77,2019-10-02T03:09:53,['http://dbpedia.org/resource/Instagram'],[]
f2df9c5bf2ce9454ead24ec7c6ca307f2b13772,6ca98ad15bda97d88e05def5346a18cc,2019-10-02T02:08:25,['http://dbpedia.org/resource/Twitter'],[]
f2df9c5bf2ce9454ead24ec7c6ca307f2b28838,02fd23fb92f5fa7d6f59d48d43b00a3e,2019-10-02T13:11:22,['http://dbpedia.org/resource/Trans_woman'],[]
f2df9c5bf2ce9454ead24ec7c6ca307f2b2140,770f4949c7c5cd1d0ba61af054761f40,2019-10-01T20:54:41,['http://dbpedia.org/resource/PlayStation_4'],[]
f2df9c5bf2ce9454ead24ec7c6ca307f2b14328,c4ea3422438a7d2d8bdc3ff498958e6b,2019-10-02T02:22:07,['http://dbpedia.org/resource/Ranitidine'],[]
f2df9c5bf2ce9454ead24ec7c6ca307f2b19621,ce331db32173276e564c1d0b2b7bd1e1,2019-10-02T05:16:40,"['http://dbpedia.org/resource/QAnon', 'http://dbpedia.org/resource/United_States']",[]
f2df9c5bf2ce9454ead24ec7c6ca307f2b29721,38c785076c3efd078a2a02022b05b28a,2019-10-02T13:35:51,['http://dbpedia.org/resource/BET'],[]
f2df9c5bf2ce9454ead24ec7c6ca307f2b35224,be81166e0ae55688b7bdb73e9bffc0fe,2019-10-02T16:19:15,['http://dbpedia.org/resource/Adam_Schiff'],[]
f2df9c5bf2ce9454ead24ec7c6ca307f2b30480,58c3acf76edf0e76631e007076830ade,2019-10-02T14:00:44,['http://dbpedia.org/resource/Hawaiian_Airlines'],[]
f2df9c5bf2ce9454ead24ec7c6ca307f2b13157,9db12fce7caf862f0ca610b51e0de60d,2019-10-02T01:42:47,['http://dbpedia.org/resource/MSNBC'],[]
f2df9c5bf2ce9454ead24ec7c6ca307f2b32220,c14d5eb46e80bbd1f2c7d725de671ab0,2019-10-02T14:57:13,['http://dbpedia.org/resource/Impeachment'],[]
f2df9c5bf2ce9454ead24ec7c6ca307f2b32480,df0c56d198dda2bd0da9a4546bdf47cc,2019-10-02T15:05:18,"['http://dbpedia.org/resource/BTS', 'http://dbpedia.org/resource/Castilian_Party', 'http://dbpedia.org/resource/The_Hollywood_Reporter']",[]
f2df9c5bf2ce9454ead24ec7c6ca307f2b30786,aaf214650f4ca2dba41f5687d22c6206,2019-10-02T14:10:28,['http://dbpedia.org/resource/East_Africa_Time'],[]
f2df9c5bf2ce9454ead24ec7c6ca307f2b4636,67e1062151ed69d71cad130af2f12874,2019-10-01T21:56:54,['http://dbpedia.org/resource/PlayStation_4'],[]
f2df9c5bf2ce9454ead24ec7c6ca307f2b28494,059ce81da8cfbf96ff1bfc901e9dfee6,2019-10-02T13:00:37,['http://dbpedia.org/resource/Philippines'],[]
f2df9c5bf2ce9454ead24ec7c6ca307f2b3159,cc9799ba4c5bfd20b8917625f33d7321,2019-10-01T21:15:10,['http://dbpedia.org/resource/Red_carpet'],[]
f2df9c5bf2ce9454ead24ec7c6ca307f2b16331,9b96519b0fae49af40df021a3d5be2e3,2019-10-02T03:23:16,['http://dbpedia.org/resource/Pitcher'],[]
f2df9c5bf2ce9454ead24ec7c6ca307f2b14656,7a12a525bdc8229200bef448ecf56170,2019-10-02T02:30:43,['http://dbpedia.org/resource/Twitter'],[]
f2df9c5bf2ce9454ead24ec7c6ca307f2b5072,79db3473a33420000d1bccedbf624103,2019-10-01T22:10:06,['http://dbpedia.org/resource/The_CW'],[]
f2df9c5bf2ce9454ead24ec7c6ca307f2b20717,5edb6833906a20aeef5363b73ea22c5f,2019-10-02T05:59:51,['http://dbpedia.org/resource/New_Zealand_national_rugby_union_team'],[]
f2df9c5bf2ce9454ead24ec7c6ca307f2b1317,ef5c5d70d9a6b9290a0f5852c0d7d2b8,2019-10-01T20:33:12,"['http://dbpedia.org/resource/Midfielder', 'http://dbpedia.org/resource/Twitter']",[]
f2df9c5bf2ce9454ead24ec7c6ca307f2b30996,ad051dd96b05d2ae9d4409912967bfbc,2019-10-02T14:17:49,['http://dbpedia.org/resource/Cross_country_running'],[]
f2df9c5bf2ce9454ead24ec7c6ca307f2b5757,04a162ff74705903e5d00080b64cf33e,2019-10-01T22:25:23,['http://dbpedia.org/resource/Mobile_app'],[]
f2df9c5bf2ce9454ead24ec7c6ca307f2b17502,51dc9b7f0008e9828917236ce7312703,2019-10-02T04:05:45,['http://dbpedia.org/resource/Halloween'],[]
f2df9c5bf2ce9454ead24ec7c6ca307f2b22345,b5b316f7f8bd240c37c02db201dd65e2,2019-10-02T07:04:04,['http://dbpedia.org/resource/American_Civil_Liberties_Union'],[]
f2df9c5bf2ce9454ead24ec7c6ca307f2b26978,e490356c5f5dda7282c32c84dcabdfbf,2019-10-02T11:34:13,"['http://dbpedia.org/resource/Indonesia', 'http://dbpedia.org/resource/Jeep']",[]
f2df9c5bf2ce9454ead24ec7c6ca307f2b25011,19a515723ce91b5a7c4031366cb07f58,2019-10-02T09:15:15,"['http://dbpedia.org/resource/Nintendo_Entertainment_System', 'http://dbpedia.org/resource/YouTube']",[]
f2df9c5bf2ce9454ead24ec7c6ca307f2b34075,7e32292081a42a5a9b07576ff7b54b3c,2019-10-02T15:51:59,['http://dbpedia.org/resource/Student_athlete'],[]
f2df9c5bf2ce9454ead24ec7c6ca307f2b22355,5b00fc928d31a3ecf89a771c865353b7,2019-10-02T07:04:10,['http://dbpedia.org/resource/BTS'],[]
f2df9c5bf2ce9454ead24ec7c6ca307f2b25307,171619a2a89be125e5e870be17de815a,2019-10-02T09:35:47,['http://dbpedia.org/resource/Halloween'],[]
f2df9c5bf2ce9454ead24ec7c6ca307f2b35523,7f48484f5487cb330a451200b331955c,2019-10-02T16:27:08,['http://dbpedia.org/resource/Midfielder'],[]
f2df9c5bf2ce9454ead24ec7c6ca307f2b12965,870305603ddfa2b2a52c897fae97cef9,2019-10-02T01:39:01,['http://dbpedia.org/resource/Village_People'],[]
f2df9c5bf2ce9454ead24ec7c6ca307f2b19471,ba481801d3485607382edb03e968451e,2019-10-02T05:11:26,['http://dbpedia.org/resource/Facebook'],[]
f2df9c5bf2ce9454ead24ec7c6ca307f2b21601,9056a5f9e4a92746653397b23873006b,2019-10-02T06:34:39,['http://dbpedia.org/resource/Volleyball'],[]
f2df9c5bf2ce9454ead24ec7c6ca307f2b7141,6cc5681852e5aa9a1a7aec26315df007,2019-10-01T22:59:46,['http://dbpedia.org/resource/Sinusitis'],[]
f2df9c5bf2ce9454ead24ec7c6ca307f2b19182,ec6a6cd3bd71e398a376463539d58d34,2019-10-02T05:00:07,['http://dbpedia.org/resource/Halloween'],[]
f2df9c5bf2ce9454ead24ec7c6ca307f2b15114,5e5553ef997e2984d64010ff7ebbd96d,2019-10-02T02:44:17,['http://dbpedia.org/resource/Cha_Cha_Slide'],[]
f2df9c5bf2ce9454ead24ec7c6ca307f2b977,e83d3b4eab6c9c6f2faa631c5d6751cb,2019-10-01T20:24:26,['http://dbpedia.org/resource/Independent_politician'],[]
f2df9c5bf2ce9454ead24ec7c6ca307f2b7706,355bffb21e2cfcff640e37929a4ae769,2019-10-01T23:11:45,['http://dbpedia.org/resource/Midfielder'],[]
f2df9c5bf2ce9454ead24ec7c6ca307f2b10408,80e2acf4d0a2ce0a51f68de8b6eda7f5,2019-10-02T00:26:55,['http://dbpedia.org/resource/CNN'],[]
f2df9c5bf2ce9454ead24ec7c6ca307f2b27769,69f67f082571c13027c41db2b77f1493,2019-10-02T12:06:06,['http://dbpedia.org/resource/BTS'],[]
f2df9c5bf2ce9454ead24ec7c6ca307f2b28654,fd23d34a28a3a23414a5b910bd75210f,2019-10-02T13:05:57,['http://dbpedia.org/resource/Midfielder'],[]
f2df9c5bf2ce9454ead24ec7c6ca307f2b1383,701e251dfe50c6c926270649f2b6a2ca,2019-10-01T20:35:23,"['http://dbpedia.org/resource/Facebook', 'http://dbpedia.org/resource/Mark_Zuckerberg']",[]
f2df9c5bf2ce9454ead24ec7c6ca307f2b36637,a5c73cb7c0d8fa55e89e301cd6cd245d,2019-10-02T16:55:05,['http://dbpedia.org/resource/Computer_security'],[]
f2df9c5bf2ce9454ead24ec7c6ca307f2b12430,ff6c8885a731ed52b0433c3a193f3f0a,2019-10-02T01:21:48,['http://dbpedia.org/resource/Apple_Inc.'],[]
f2df9c5bf2ce9454ead24ec7c6ca307f2b11859,5af6d34c8739935d8135a60497cf233e,2019-10-02T01:06:37,['http://dbpedia.org/resource/Rapping'],[]
f2df9c5bf2ce9454ead24ec7c6ca307f2b27460,a76db21d46c56c3793a1be4060e066be,2019-10-02T11:53:25,['http://dbpedia.org/resource/Finland'],[]
f2df9c5bf2ce9454ead24ec7c6ca307f2b25331,16d3a308f0ab760c097b10c413804d3c,2019-10-02T09:37:50,['http://dbpedia.org/resource/Twitter'],[]
f2df9c5bf2ce9454ead24ec7c6ca307f2b27226,e1b4b58c96bc2ff2a829721c8d1d9b22,2019-10-02T11:43:48,['http://dbpedia.org/resource/Twitter'],[]
f2df9c5bf2ce9454ead24ec7c6ca307f2b9003,56c5ce7784d7bd8fccdda8a588662fe9,2019-10-01T23:50:31,['http://dbpedia.org/resource/G.I._Bill'],[]
f2df9c5bf2ce9454ead24ec7c6ca307f2b19723,49a47380eee0415d938489881c5407b0,2019-10-02T05:21:20,['http://dbpedia.org/resource/Defensively_equipped_merchant_ship'],[]
f2df9c5bf2ce9454ead24ec7c6ca307f2b17114,944c1920ff8636cdd416da02c0d7a7d1,2019-10-02T03:55:15,['http://dbpedia.org/resource/Pacific_Time_Zone'],[]
f2df9c5bf2ce9454ead24ec7c6ca307f2b28975,97a113578baaef545ba19c0195aee192,2019-10-02T13:14:05,"['http://dbpedia.org/resource/YouTube', 'http://dbpedia.org/resource/YouTuber']",[]
f2df9c5bf2ce9454ead24ec7c6ca307f2b4492,b8d473492a58640a3a90bf6d1059796f,2019-10-01T21:52:52,['http://dbpedia.org/resource/Halloween'],[]
f2df9c5bf2ce9454ead24ec7c6ca307f2b2526,e043aac54ec2555bb8d507e97b7d40c0,2019-10-01T21:02:14,['http://dbpedia.org/resource/EBay'],[]
f2df9c5bf2ce9454ead24ec7c6ca307f2b14821,ae505a5b8a4bc520d98443ed9a84d60f,2019-10-02T02:36:04,['http://dbpedia.org/resource/Everlane'],[]
f2df9c5bf2ce9454ead24ec7c6ca307f2b22982,ff7ec83d688054779fdbf63eb63dbcf7,2019-10-02T07:33:45,['http://dbpedia.org/resource/Nice'],[]
f2df9c5bf2ce9454ead24ec7c6ca307f2b16054,28515c55430a16379269cbf567289592,2019-10-02T03:13:27,"['http://dbpedia.org/resource/Instagram', 'http://dbpedia.org/resource/Kylie_Jenner']",[]
f2df9c5bf2ce9454ead24ec7c6ca307f2b14832,1980b0a96d5aa5491b7fe70f258d1ea5,2019-10-02T02:36:07,['http://dbpedia.org/resource/Computer-generated_imagery'],[]
f2df9c5bf2ce9454ead24ec7c6ca307f2b30370,19a2c4099350295caa5dcb26f4cc107b,2019-10-02T13:56:17,['http://dbpedia.org/resource/The_Holocaust'],[]
f2df9c5bf2ce9454ead24ec7c6ca307f2b35175,1a35dad17ec78b34ed79b0f27ab16da9,2019-10-02T16:18:48,['http://dbpedia.org/resource/President_of_the_United_States'],[]
f2df9c5bf2ce9454ead24ec7c6ca307f2b25144,6032fe55468db7938b43954b8eaf0b11,2019-10-02T09:26:24,['http://dbpedia.org/resource/Twitter'],[]
f2df9c5bf2ce9454ead24ec7c6ca307f2b20021,1bbd815f635e8d60d66816c5546e87e7,2019-10-02T05:32:03,['http://dbpedia.org/resource/Wisconsin'],[]
f2df9c5bf2ce9454ead24ec7c6ca307f2b29993,13dde6394f6503df84ea930622a77611,2019-10-02T13:45:57,['http://dbpedia.org/resource/Reddit'],[]
f2df9c5bf2ce9454ead24ec7c6ca307f2b21804,0081b30dd48d73eb432cfd44a1e1c6d7,2019-10-02T06:42:24,['http://dbpedia.org/resource/Home_Alone'],[]
f2df9c5bf2ce9454ead24ec7c6ca307f2b16191,cc2a465157bdfa33eec097eea302fa2c,2019-10-02T03:19:54,['http://dbpedia.org/resource/GoPro'],[]
f2df9c5bf2ce9454ead24ec7c6ca307f2b32878,e4d6a3a96a32755fb1ff6e1ff599033c,2019-10-02T15:15:28,['http://dbpedia.org/resource/EBay'],[]
f2df9c5bf2ce9454ead24ec7c6ca307f2b4117,6c84eb5eaf308f4b9b97aa39e5dbacd5,2019-10-01T21:41:16,['http://dbpedia.org/resource/United_Auto_Workers'],[]
f2df9c5bf2ce9454ead24ec7c6ca307f2b15286,73e9686a238d20c3667eb9bf42ba55f9,2019-10-02T02:48:19,"['http://dbpedia.org/resource/American_Broadcasting_Company', 'http://dbpedia.org/resource/CNN', 'http://dbpedia.org/resource/Central_Intelligence_Agency', 'http://dbpedia.org/resource/Federal_Bureau_of_Investigation', 'http://dbpedia.org/resource/MSNBC']",[]
f2df9c5bf2ce9454ead24ec7c6ca307f2b4989,5140e0060a2569bbdf9c83d05a5cf115,2019-10-01T22:08:47,['http://dbpedia.org/resource/Calorie'],[]
f2df9c5bf2ce9454ead24ec7c6ca307f2b4066,4b280b75fc6163b685d3bfa12c68caa4,2019-10-01T21:40:02,['http://dbpedia.org/resource/Casemiro'],[]
f2df9c5bf2ce9454ead24ec7c6ca307f2b18446,e439cc99d6e0e556a9e9d9e9fc9ceb91,2019-10-02T04:34:21,['http://dbpedia.org/resource/Invasive_species'],[]
f2df9c5bf2ce9454ead24ec7c6ca307f2b28686,1ba9186eadf822c7d3d172b3bbfa395b,2019-10-02T13:07:06,['http://dbpedia.org/resource/Mini_Countryman'],[]
f2df9c5bf2ce9454ead24ec7c6ca307f2b12007,5d9d08e36016320f68f50a3b7c201249,2019-10-02T01:12:42,['http://dbpedia.org/resource/Fake_news'],[]
f2df9c5bf2ce9454ead24ec7c6ca307f2b7772,2f90b10114215e7048700f74888c5ac5,2019-10-01T23:13:39,['http://dbpedia.org/resource/Instagram'],[]
f2df9c5bf2ce9454ead24ec7c6ca307f2b9762,7901498743f37846c10f14bcdc962cbb,2019-10-02T00:10:04,"['http://dbpedia.org/resource/Disney_Princess', 'http://dbpedia.org/resource/Halloween']",[]
f2df9c5bf2ce9454ead24ec7c6ca307f2b11119,901331bb53f0b353bb15302354827507,2019-10-02T00:47:19,['http://dbpedia.org/resource/BTS'],[]
f2df9c5bf2ce9454ead24ec7c6ca307f2b28027,75682fdb2e6230a5c5b7fb9b4c712b95,2019-10-02T12:41:24,['http://dbpedia.org/resource/Soul_music'],[]
f2df9c5bf2ce9454ead24ec7c6ca307f2b25831,8f89330d654c2ccaf1c79fc0b87ee43e,2019-10-02T10:23:53,['http://dbpedia.org/resource/Midfielder'],[]
f2df9c5bf2ce9454ead24ec7c6ca307f2b33261,f36e63517acc72eacdd6e2cce689b067,2019-10-02T15:27:29,['http://dbpedia.org/resource/Vienna'],[]
f2df9c5bf2ce9454ead24ec7c6ca307f2b19733,3cac8f792c0934fbba40ac81b1c2532c,2019-10-02T05:21:49,['http://dbpedia.org/resource/Music_programs_of_South_Korea'],[]
f2df9c5bf2ce9454ead24ec7c6ca307f2b27760,0963bb753a35726097eff2c605e315f6,2019-10-02T12:05:54,['http://dbpedia.org/resource/South_Africa'],[]
f2df9c5bf2ce9454ead24ec7c6ca307f2b7988,172674fe7d32a0577c0cd73c248ddd95,2019-10-01T23:19:55,['http://dbpedia.org/resource/United_Nations'],[]
f2df9c5bf2ce9454ead24ec7c6ca307f2b19399,d472fd4f955e5f972795c2c19df92cce,2019-10-02T05:06:50,['http://dbpedia.org/resource/Cheers'],[]
f2df9c5bf2ce9454ead24ec7c6ca307f2b31790,c4623e326d441c410bf88332f97f61af,2019-10-02T14:44:53,['http://dbpedia.org/resource/Chechens'],[]
f2df9c5bf2ce9454ead24ec7c6ca307f2b34878,cb0beb7231168301e704e98bbbbc4e83,2019-10-02T16:11:53,['http://dbpedia.org/resource/Trevor_Noah'],[]
f2df9c5bf2ce9454ead24ec7c6ca307f2b5279,d67e7d61a426f572776e49772154d7cb,2019-10-01T22:13:56,['http://dbpedia.org/resource/Impeachment'],[]
f2df9c5bf2ce9454ead24ec7c6ca307f2b35905,3b229046b78704e1e83f1c76656ae62b,2019-10-02T16:34:24,['http://dbpedia.org/resource/BET'],[]
f2df9c5bf2ce9454ead24ec7c6ca307f2b29894,efccd70c68aa7e9f4319f78f5cfd23c8,2019-10-02T13:43:00,['http://dbpedia.org/resource/First_Amendment_to_the_United_States_Constitution'],[]
f2df9c5bf2ce9454ead24ec7c6ca307f2b2839,6e0daf1f8f5ef6f0052e417b26fd1883,2019-10-01T21:08:34,"['http://dbpedia.org/resource/Dave_Matthews_Band', 'http://dbpedia.org/resource/Jesus']",[]
f2df9c5bf2ce9454ead24ec7c6ca307f2b17604,ced11c1ad3ad21991baf37d5cb462bbc,2019-10-02T04:08:19,['http://dbpedia.org/resource/Twitter'],[]
f2df9c5bf2ce9454ead24ec7c6ca307f2b31595,0df893f7edc280ef6877bb269c4557bf,2019-10-02T14:37:58,['http://dbpedia.org/resource/LinkedIn'],[]
f2df9c5bf2ce9454ead24ec7c6ca307f2b9950,a6e41ac536b635f0ae27c512335f5589,2019-10-02T00:15:59,['http://dbpedia.org/resource/The_New_York_Times'],[]
f2df9c5bf2ce9454ead24ec7c6ca307f2b18255,62c56f9333bfec4d0f766f0850dca924,2019-10-02T04:29:36,['http://dbpedia.org/resource/Twitter'],[]
f2df9c5bf2ce9454ead24ec7c6ca307f2b8325,b2ecdb5e71c8ddb86a4e586a65a52691,2019-10-01T23:31:28,"['http://dbpedia.org/resource/Hank_Aaron', 'http://dbpedia.org/resource/Home_run']",[]
f2df9c5bf2ce9454ead24ec7c6ca307f2b35455,61b00b1f35092783eab9eecf8a7c35ec,2019-10-02T16:25:59,['http://dbpedia.org/resource/Yellowstone_National_Park'],[]
f2df9c5bf2ce9454ead24ec7c6ca307f2b25615,fd5d46b9fd27ee46a24afa1d07413a08,2019-10-02T10:07:16,['http://dbpedia.org/resource/Twitter'],[]
f2df9c5bf2ce9454ead24ec7c6ca307f2b17911,2b663afe405474946e6e6d55b52bd2a4,2019-10-02T04:22:48,['http://dbpedia.org/resource/Nottinghamshire'],[]
f2df9c5bf2ce9454ead24ec7c6ca307f2b25986,0fddabbc6c5fc95799ee55de5713ad65,2019-10-02T10:36:18,['http://dbpedia.org/resource/Association_football'],[]
f2df9c5bf2ce9454ead24ec7c6ca307f2b30576,947d4a36b84ebc0346652e51ecdf3844,2019-10-02T14:03:21,['http://dbpedia.org/resource/Cereal'],[]
f2df9c5bf2ce9454ead24ec7c6ca307f2b31470,acc4fb91b59ff9d4f77703101f67f510,2019-10-02T14:34:40,['http://dbpedia.org/resource/Mariah_Carey'],[]
f2df9c5bf2ce9454ead24ec7c6ca307f2b29985,2b920ee90792d3edc2619a05e010ca10,2019-10-02T13:45:47,['http://dbpedia.org/resource/Twitter'],[]
f2df9c5bf2ce9454ead24ec7c6ca307f2b18147,0941d103761721d5a8e3bfd7a14af49c,2019-10-02T04:26:46,"['http://dbpedia.org/resource/CNN', 'http://dbpedia.org/resource/Fake_news']",[]
f2df9c5bf2ce9454ead24ec7c6ca307f2b32912,43bf70784a7cffe7c3fd03f30dd6f237,2019-10-02T15:17:25,"['http://dbpedia.org/resource/Association_football', 'http://dbpedia.org/resource/Mississippi', 'http://dbpedia.org/resource/Rangers_F.C.']",[]
f2df9c5bf2ce9454ead24ec7c6ca307f2b1242,99ddf1cfe685e026ca4a40b258c6e6b6,2019-10-01T20:31:07,['http://dbpedia.org/resource/Christmas_tree'],[]
f2df9c5bf2ce9454ead24ec7c6ca307f2b6275,856cb79376b0cf1f5497f177ff417f80,2019-10-01T22:38:56,['http://dbpedia.org/resource/Nice'],[]
f2df9c5bf2ce9454ead24ec7c6ca307f2b27013,df02ba43b9cfb59f89ca070a652c0cd1,2019-10-02T11:35:54,"['http://dbpedia.org/resource/Hamas', 'http://dbpedia.org/resource/Israel_Defense_Forces']",[]
f2df9c5bf2ce9454ead24ec7c6ca307f2b6853,93cf36eca24d0d447d64b7b9beb55426,2019-10-01T22:53:09,['http://dbpedia.org/resource/California'],[]
f2df9c5bf2ce9454ead24ec7c6ca307f2b32035,404f8bc4c65c304ae43a7ed55df193de,2019-10-02T14:52:01,['http://dbpedia.org/resource/Becky_G'],[]
f2df9c5bf2ce9454ead24ec7c6ca307f2b3384,076ee4f113e5a41ae72ef27660ea6188,2019-10-01T21:21:17,"['http://dbpedia.org/resource/Rihanna', 'http://dbpedia.org/resource/Sexual_attraction']",[]
f2df9c5bf2ce9454ead24ec7c6ca307f2b24210,e170b8711b406131d74e264aa574bed0,2019-10-02T08:27:17,['http://dbpedia.org/resource/Twitter'],[]
f2df9c5bf2ce9454ead24ec7c6ca307f2b1406,11268c156e8be718a5baf579cb6f995e,2019-10-01T20:35:50,['http://dbpedia.org/resource/Bible'],[]
f2df9c5bf2ce9454ead24ec7c6ca307f2b27183,28c93326ab31b03843796e52807a3259,2019-10-02T11:42:34,['http://dbpedia.org/resource/Credit_card'],[]
f2df9c5bf2ce9454ead24ec7c6ca307f2b5846,f2fb2e7abcc6c8cdf6d4d06fe77378f5,2019-10-01T22:27:51,"['http://dbpedia.org/resource/Impeachment', 'http://dbpedia.org/resource/John_Cornyn']",[]
f2df9c5bf2ce9454ead24ec7c6ca307f2b28245,8537f82b38df2827fb5d78e83ba2c52b,2019-10-02T12:51:57,['http://dbpedia.org/resource/Midfielder'],[]
f2df9c5bf2ce9454ead24ec7c6ca307f2b7037,58e0fdccc447294f574dfbab0a7fc2bf,2019-10-01T22:55:46,['http://dbpedia.org/resource/I_Feel_Bad'],[]
f2df9c5bf2ce9454ead24ec7c6ca307f2b15555,fe2d953aca03422236d4248c97b7c7c5,2019-10-02T02:56:20,"['http://dbpedia.org/resource/Donald_Trump', 'http://dbpedia.org/resource/Elizabeth_Warren']",[]
f2df9c5bf2ce9454ead24ec7c6ca307f2b30742,9be8084684695f00d065cba6caf80b48,2019-10-02T14:09:07,['http://dbpedia.org/resource/Instagram'],[]
f2df9c5bf2ce9454ead24ec7c6ca307f2b1817,dda2401775bf65c6884817cb14c9a904,2019-10-01T20:47:34,['http://dbpedia.org/resource/Halloween'],[]
f2df9c5bf2ce9454ead24ec7c6ca307f2b17992,f5dca8c866c4e2010e2778560be78250,2019-10-02T04:24:20,['http://dbpedia.org/resource/YouTube'],[]
f2df9c5bf2ce9454ead24ec7c6ca307f2b14560,caafbebd1242c86465cf02d3962580f5,2019-10-02T02:28:43,['http://dbpedia.org/resource/MarketWatch'],[]
f2df9c5bf2ce9454ead24ec7c6ca307f2b12560,45135166f0050c9033146e7e0517ff77,2019-10-02T01:26:25,"['http://dbpedia.org/resource/Michigan', 'http://dbpedia.org/resource/National_Rifle_Association']",[]
f2df9c5bf2ce9454ead24ec7c6ca307f2b13320,5150d576d1e2f94dd635416e4ee6c7c9,2019-10-02T01:48:33,"['http://dbpedia.org/resource/Batman', 'http://dbpedia.org/resource/Margot_Robbie', 'http://dbpedia.org/resource/Twitter']",[]
f2df9c5bf2ce9454ead24ec7c6ca307f2b25228,fe60447e73eb1c5984fd9cc39c74811d,2019-10-02T09:28:48,['http://dbpedia.org/resource/Nice'],[]
f2df9c5bf2ce9454ead24ec7c6ca307f2b36028,eea4ff90df8baaab940cf7388443617b,2019-10-02T16:37:25,"['http://dbpedia.org/resource/Abraham_Lincoln', 'http://dbpedia.org/resource/Hearthstone']",[]
f2df9c5bf2ce9454ead24ec7c6ca307f2b5372,9cea6e70c274b5afcbfce25e2a9f3cf5,2019-10-01T22:15:20,['http://dbpedia.org/resource/Midwestern_United_States'],[]
f2df9c5bf2ce9454ead24ec7c6ca307f2b12686,ef95185de7b5c59a26d0049aba06d9ff,2019-10-02T01:30:18,['http://dbpedia.org/resource/Amazon_Kindle'],[]
f2df9c5bf2ce9454ead24ec7c6ca307f2b5558,8c4d981177729bfe59343f7ef34207cb,2019-10-01T22:19:55,['http://dbpedia.org/resource/Nice'],[]
f2df9c5bf2ce9454ead24ec7c6ca307f2b451,cd2f9623444f05dc576170818bfb1294,2019-10-01T20:12:08,['http://dbpedia.org/resource/Cincinnati'],[]
f2df9c5bf2ce9454ead24ec7c6ca307f2b14857,01952bbc90495cfb0a7d09d20d5a0f13,2019-10-02T02:36:44,['http://dbpedia.org/resource/Midfielder'],[]
f2df9c5bf2ce9454ead24ec7c6ca307f2b15701,1a9e109ef3600ef8a59df98e2d8d9afe,2019-10-02T03:01:33,['http://dbpedia.org/resource/New_Jersey'],[]
f2df9c5bf2ce9454ead24ec7c6ca307f2b1700,6e28245efedacb4310ad5e42fe8e45ef,2019-10-01T20:45:00,['http://dbpedia.org/resource/FIFA_World_Cup'],[]
f2df9c5bf2ce9454ead24ec7c6ca307f2b10453,ea6f87cdc992076c9a020facc960f677,2019-10-02T00:28:07,['http://dbpedia.org/resource/Twitter'],[]
f2df9c5bf2ce9454ead24ec7c6ca307f2b17038,7a277a10f911d09ec7d7e327e4be1f39,2019-10-02T03:51:28,['http://dbpedia.org/resource/Joe_Biden'],[]
f2df9c5bf2ce9454ead24ec7c6ca307f2b648,3ca3237ca2d6252407d2f96b0bf78eaa,2019-10-01T20:16:34,['http://dbpedia.org/resource/Castilian_Party'],[]
f2df9c5bf2ce9454ead24ec7c6ca307f2b10678,d5fb6384bf451724f06e55d586c57f0b,2019-10-02T00:33:11,['http://dbpedia.org/resource/Bungie'],[]
f2df9c5bf2ce9454ead24ec7c6ca307f2b18552,5a89704574f3284ec79e5c967bfa318f,2019-10-02T04:38:35,"['http://dbpedia.org/resource/Buzz_Lightyear', 'http://dbpedia.org/resource/Sexual_harassment']",[]
f2df9c5bf2ce9454ead24ec7c6ca307f2b119,b5a5b045f650e32237796845a6cdebd7,2019-10-01T20:03:08,['http://dbpedia.org/resource/Coffee'],[]
f2df9c5bf2ce9454ead24ec7c6ca307f2b5828,bfbadc42d29c591525168ddfb77ad47e,2019-10-01T22:26:29,"['http://dbpedia.org/resource/Fortnite', 'http://dbpedia.org/resource/PlayStation_4']",[]
f2df9c5bf2ce9454ead24ec7c6ca307f2b18882,ee783cfc5c807df5bbc86c0c5078865d,2019-10-02T04:51:03,['http://dbpedia.org/resource/Twitter'],[]
f2df9c5bf2ce9454ead24ec7c6ca307f2b21626,5994ee730ad900660e6cb1ccffff0f3d,2019-10-02T06:35:48,['http://dbpedia.org/resource/Midfielder'],[]
f2df9c5bf2ce9454ead24ec7c6ca307f2b34993,0cb651a6114f8641445219aa93028109,2019-10-02T16:14:40,['http://dbpedia.org/resource/Queen_Latifah'],[]
f2df9c5bf2ce9454ead24ec7c6ca307f2b26355,38704624ca77f5162e1c088ab0c5d9af,2019-10-02T11:01:37,['http://dbpedia.org/resource/Kris_Jenner'],[]
f2df9c5bf2ce9454ead24ec7c6ca307f2b18966,e3d8cb444387aa9351563f1dde68a6ad,2019-10-02T04:54:26,['http://dbpedia.org/resource/Homelessness'],[]
f2df9c5bf2ce9454ead24ec7c6ca307f2b24943,1347291045a54b516d8c049114cc9c00,2019-10-02T09:09:00,['http://dbpedia.org/resource/Twitter'],[]
f2df9c5bf2ce9454ead24ec7c6ca307f2b12325,064eabcd729d6b4626d4fdc62feb8973,2019-10-02T01:17:51,['http://dbpedia.org/resource/Epic_Records'],[]
f2df9c5bf2ce9454ead24ec7c6ca307f2b36287,341af0d4431d4249ce441dfd12a8bf83,2019-10-02T16:43:54,['http://dbpedia.org/resource/Gender_equality'],[]
f2df9c5bf2ce9454ead24ec7c6ca307f2b236,b317d962cc1299aee29d8226896af586,2019-10-01T20:06:04,['http://dbpedia.org/resource/Communism'],[]
f2df9c5bf2ce9454ead24ec7c6ca307f2b23659,7c9eaa54ae2def8b11fa7cd9d1f7bf6d,2019-10-02T08:02:56,['http://dbpedia.org/resource/Midfielder'],[]
f2df9c5bf2ce9454ead24ec7c6ca307f2b34852,a48b114547ab3cf2756457aa4f216143,2019-10-02T16:11:32,"['http://dbpedia.org/resource/Deutsche_Bank', 'http://dbpedia.org/resource/Impeachment', 'http://dbpedia.org/resource/QAnon']",[]
f2df9c5bf2ce9454ead24ec7c6ca307f2b5921,45f43a285bad45bc36e529aae25959d2,2019-10-01T22:29:52,['http://dbpedia.org/resource/YouTube'],[]
f2df9c5bf2ce9454ead24ec7c6ca307f2b34603,3ff3f55fd09be2d81fede9cffb01ffbb,2019-10-02T16:03:31,['http://dbpedia.org/resource/New_York_City_Housing_Authority'],[]
f2df9c5bf2ce9454ead24ec7c6ca307f2b19098,3346b86621a27fd8f9ba8db28bb76d09,2019-10-02T04:57:57,"['http://dbpedia.org/resource/Baseball', 'http://dbpedia.org/resource/Major_League_Baseball']",[]
f2df9c5bf2ce9454ead24ec7c6ca307f2b31051,4edaa7055a12c5a017e13055de1e3b7d,2019-10-02T14:19:47,['http://dbpedia.org/resource/Twitter'],[]
f2df9c5bf2ce9454ead24ec7c6ca307f2b30657,a7d3717f94add8ec6852906a293744fb,2019-10-02T14:06:18,['http://dbpedia.org/resource/Twitter'],[]
f2df9c5bf2ce9454ead24ec7c6ca307f2b14428,7e98f8121d4faadbd201a148cb1397e6,2019-10-02T02:24:54,"['http://dbpedia.org/resource/Argentina', 'http://dbpedia.org/resource/BTS']",[]
f2df9c5bf2ce9454ead24ec7c6ca307f2b36439,68f6cda95a8876c66e752eecb411475a,2019-10-02T16:47:37,['http://dbpedia.org/resource/Enhanced_Fujita_scale'],[]
f2df9c5bf2ce9454ead24ec7c6ca307f2b8800,754ee3bb108cd9206f1d256f2453febf,2019-10-01T23:43:06,['http://dbpedia.org/resource/Candy_corn'],[]
f2df9c5bf2ce9454ead24ec7c6ca307f2b12387,d35cef9595a935771f5e8158f387227b,2019-10-02T01:20:30,['http://dbpedia.org/resource/North_Korea'],[]
f2df9c5bf2ce9454ead24ec7c6ca307f2b34903,5e402d90abbbaaad36ac4a423d4fc96c,2019-10-02T16:12:03,['http://dbpedia.org/resource/Adidas'],[]
f2df9c5bf2ce9454ead24ec7c6ca307f2b4320,2a37576a11fc7011805441e695a3fb75,2019-10-01T21:47:45,['http://dbpedia.org/resource/Robert_Lewandowski'],[]
f2df9c5bf2ce9454ead24ec7c6ca307f2b11427,ccf6f3c78b91ed1d038cc2f28c24cd99,2019-10-02T00:56:24,['http://dbpedia.org/resource/Downloadable_content'],[]
f2df9c5bf2ce9454ead24ec7c6ca307f2b22470,6c53039e1f222164515334be318d18b7,2019-10-02T07:07:54,['http://dbpedia.org/resource/Catholic_Church'],[]
f2df9c5bf2ce9454ead24ec7c6ca307f2b32737,d13783605ea066c4fee77fe8192de83a,2019-10-02T15:10:30,['http://dbpedia.org/resource/UNICEF'],[]
f2df9c5bf2ce9454ead24ec7c6ca307f2b176,175a5e068e946d92fccb1f22fa065906,2019-10-01T20:04:22,['http://dbpedia.org/resource/Dubai'],[]
f2df9c5bf2ce9454ead24ec7c6ca307f2b11456,d84f6f260124bb2a13a9202057d684e6,2019-10-02T00:57:05,"['http://dbpedia.org/resource/Game_of_Thrones', 'http://dbpedia.org/resource/Seinfeld']",[]
f2df9c5bf2ce9454ead24ec7c6ca307f2b8180,b0437657afd49214ce46c02a7d163924,2019-10-01T23:27:17,['http://dbpedia.org/resource/Epic_Records'],[]
f2df9c5bf2ce9454ead24ec7c6ca307f2b315,e5ad2eb5c3e8a589eb213b5b9ffcca9a,2019-10-01T20:08:22,['http://dbpedia.org/resource/Clothing'],[]
f2df9c5bf2ce9454ead24ec7c6ca307f2b4256,8cd310108d97e36f39e7f41ac1348bf3,2019-10-01T21:46:45,['http://dbpedia.org/resource/Halloween'],[]
f2df9c5bf2ce9454ead24ec7c6ca307f2b10550,e6fd539060ddc3637c5ca49faed3ebeb,2019-10-02T00:29:52,['http://dbpedia.org/resource/Avery_Bradley'],[]
f2df9c5bf2ce9454ead24ec7c6ca307f2b4100,84e7dc240118ba6c00edf91923761a06,2019-10-01T21:41:03,"['http://dbpedia.org/resource/BTS', 'http://dbpedia.org/resource/TikTok']",[]
f2df9c5bf2ce9454ead24ec7c6ca307f2b35339,58688db18370181ef228778c0c82ca8c,2019-10-02T16:22:50,['http://dbpedia.org/resource/American_Revolutionary_War'],[]
f2df9c5bf2ce9454ead24ec7c6ca307f2b34704,af409858e0cebee8551c327bfdd456c6,2019-10-02T16:06:49,['http://dbpedia.org/resource/Stephen_Gostkowski'],[]
f2df9c5bf2ce9454ead24ec7c6ca307f2b1179,2ad8e359b15efee340ba6814743bdd44,2019-10-01T20:30:17,['http://dbpedia.org/resource/Lawyer'],[]
f2df9c5bf2ce9454ead24ec7c6ca307f2b5389,05481a05eb13ba198b996c8a0f333f78,2019-10-01T22:15:57,['http://dbpedia.org/resource/Fox_News'],[]
f2df9c5bf2ce9454ead24ec7c6ca307f2b17940,5d5758b882c80b9e9189a99d7b4d8f4b,2019-10-02T04:23:32,['http://dbpedia.org/resource/PlayStation_4'],[]
f2df9c5bf2ce9454ead24ec7c6ca307f2b12292,95e7a76cc9993ed8e829e02eeb2ee18c,2019-10-02T01:16:48,"['http://dbpedia.org/resource/Electronic_dance_music', 'http://dbpedia.org/resource/Twitter']",[]
f2df9c5bf2ce9454ead24ec7c6ca307f2b14751,82cd1d3764d3bb4efb2d3a33f972b6f7,2019-10-02T02:33:20,['http://dbpedia.org/resource/Illinois_Department_of_Transportation'],[]
f2df9c5bf2ce9454ead24ec7c6ca307f2b7721,6de3e9d564fbd94c382552a2131f2a5f,2019-10-01T23:12:36,['http://dbpedia.org/resource/Puerto_Rico'],[]
f2df9c5bf2ce9454ead24ec7c6ca307f2b14454,7132a40fcd933fca25e248b58e991c81,2019-10-02T02:25:21,['http://dbpedia.org/resource/EBay'],[]
f2df9c5bf2ce9454ead24ec7c6ca307f2b32819,54d65bb1f325ba767ba39587cdeb22c5,2019-10-02T15:13:36,['http://dbpedia.org/resource/Purple_Heart'],[]
f2df9c5bf2ce9454ead24ec7c6ca307f2b913,1ea693e905976e3fe696290ccea66331,2019-10-01T20:23:15,['http://dbpedia.org/resource/Social_media'],[]
f2df9c5bf2ce9454ead24ec7c6ca307f2b6987,a03a9d6f36fc696bca9141ec87020f88,2019-10-01T22:54:59,['http://dbpedia.org/resource/Nice'],[]
f2df9c5bf2ce9454ead24ec7c6ca307f2b2893,209425538e53ae1ba9f7ed7f9977c0fd,2019-10-01T21:10:05,['http://dbpedia.org/resource/Twitter'],[]
f2df9c5bf2ce9454ead24ec7c6ca307f2b19053,6afa1f427d0237ff82a7fb920838af0e,2019-10-02T04:57:22,['http://dbpedia.org/resource/Milwaukee_Brewers'],[]
f2df9c5bf2ce9454ead24ec7c6ca307f2b8615,9319f3aafea84079d4c598dff930e67b,2019-10-01T23:39:19,['http://dbpedia.org/resource/Billie_Eilish'],[]
f2df9c5bf2ce9454ead24ec7c6ca307f2b15364,0b4cb3ef670bd5da0e00791c6a63dca5,2019-10-02T02:50:29,['http://dbpedia.org/resource/Quentin_Tarantino'],[]
f2df9c5bf2ce9454ead24ec7c6ca307f2b35414,6424034751a52ebdf99b8fbb1483f54b,2019-10-02T16:24:23,['http://dbpedia.org/resource/The_Sydney_Morning_Herald'],[]
f2df9c5bf2ce9454ead24ec7c6ca307f2b30921,c67379ed989e09955577c42b77a7ced9,2019-10-02T14:15:32,['http://dbpedia.org/resource/Facebook'],[]
f2df9c5bf2ce9454ead24ec7c6ca307f2b27741,c57e24295fc60452906024fcf4a7924a,2019-10-02T12:05:41,['http://dbpedia.org/resource/India'],[]
f2df9c5bf2ce9454ead24ec7c6ca307f2b2005,3227233de50a7ec4b0656b266fb4a349,2019-10-01T20:51:04,['http://dbpedia.org/resource/Midfielder'],[]
f2df9c5bf2ce9454ead24ec7c6ca307f2b9818,5a0335281b61fdaf66d821eff63aa55c,2019-10-02T00:11:11,['http://dbpedia.org/resource/PlayStation_4'],[]
f2df9c5bf2ce9454ead24ec7c6ca307f2b31868,6c38e09c157d7897e5b2cf902a564e95,2019-10-02T14:46:44,"['http://dbpedia.org/resource/Chromebook', 'http://dbpedia.org/resource/IPad']",[]
f2df9c5bf2ce9454ead24ec7c6ca307f2b11324,8176f915ace28b607422f6dcd4248c1c,2019-10-02T00:54:07,"['http://dbpedia.org/resource/HSBC', 'http://dbpedia.org/resource/Watt']",[]
f2df9c5bf2ce9454ead24ec7c6ca307f2b6938,0928d5eef4f869a277943ffd721433b3,2019-10-01T22:54:08,['http://dbpedia.org/resource/Hunter_Biden'],[]
f2df9c5bf2ce9454ead24ec7c6ca307f2b30247,0173ffb5d46b4ca43b3bba4532ed6299,2019-10-02T13:52:33,['http://dbpedia.org/resource/President_of_Ukraine'],[]
f2df9c5bf2ce9454ead24ec7c6ca307f2b5646,0f6e07a5aae6a582756c2a8e96e15efe,2019-10-01T22:22:46,"['http://dbpedia.org/resource/Midfielder', 'http://dbpedia.org/resource/WhatsApp']",[]
f2df9c5bf2ce9454ead24ec7c6ca307f2b31744,104619fd8f073ac3869c60751aa6dfd4,2019-10-02T14:42:34,['http://dbpedia.org/resource/Twitter'],[]
f2df9c5bf2ce9454ead24ec7c6ca307f2b16383,eee20bd779657f6203b1e9e8fcd5c0eb,2019-10-02T03:24:21,['http://dbpedia.org/resource/Halloween'],[]
f2df9c5bf2ce9454ead24ec7c6ca307f2b32755,e703328f048b34d96baa50541e850c22,2019-10-02T15:11:16,['http://dbpedia.org/resource/Portugal'],[]
f2df9c5bf2ce9454ead24ec7c6ca307f2b17919,193b73b8f7bc9fde69f424a4529b2138,2019-10-02T04:22:53,['http://dbpedia.org/resource/Charmin'],[]
f2df9c5bf2ce9454ead24ec7c6ca307f2b17570,e0e9e6f79154bc12688c21ed108df866,2019-10-02T04:07:31,['http://dbpedia.org/resource/Midfielder'],[]
f2df9c5bf2ce9454ead24ec7c6ca307f2b1233,a91b06f5301939f4fce7f66c0744cb79,2019-10-01T20:31:06,['http://dbpedia.org/resource/Michael_Avenatti'],[]
f2df9c5bf2ce9454ead24ec7c6ca307f2b34810,6ca889a07b3233b2c1fc41b9cca366ef,2019-10-02T16:11:06,['http://dbpedia.org/resource/Twitter'],[]
f2df9c5bf2ce9454ead24ec7c6ca307f2b23473,a00b63df8f71197b2fee869f5c84fdc5,2019-10-02T07:57:14,['http://dbpedia.org/resource/Vegetarianism'],[]
f2df9c5bf2ce9454ead24ec7c6ca307f2b8599,416d879d13dbc962059e68ade72edf9e,2019-10-01T23:39:06,['http://dbpedia.org/resource/Tropical_savanna_climate'],[]
f2df9c5bf2ce9454ead24ec7c6ca307f2b832,a8193cd36096bc5570ffe4ec7ce26de6,2019-10-01T20:21:28,['http://dbpedia.org/resource/Gwen_Stefani'],[]
f2df9c5bf2ce9454ead24ec7c6ca307f2b22934,bc709d6417e15fba877f242f8603eec6,2019-10-02T07:32:31,['http://dbpedia.org/resource/Michael_Jackson'],[]
f2df9c5bf2ce9454ead24ec7c6ca307f2b3,,,['http://dbpedia.org/resource/Homelessness'],[]
f2b4f28c45152472b82b231245250bd6bb2201,ad2c53b5669fdecf5b4bd6fc93f078a5,2019-10-02T17:45:09,['http://dbpedia.org/resource/The_Daily_Telegraph'],[]
f2b4f28c45152472b82b231245250bd6bb26705,bcd62f187a2f90efc0437787e7297c31,2019-10-03T04:35:24,['http://dbpedia.org/resource/National_Basketball_Association'],[]
f2b4f28c45152472b82b231245250bd6bb27531,3b4ef9374473ed724ba7f16dbbe24a67,2019-10-03T05:01:04,['http://dbpedia.org/resource/Halloween'],[]
f2b4f28c45152472b82b231245250bd6bb4405,8a9362133a316c93c63b9a81e34bf395,2019-10-02T18:39:53,['http://dbpedia.org/resource/Fox_Broadcasting_Company'],[]
f2b4f28c45152472b82b231245250bd6bb22956,7a1de7604b8025dc9f0fbff8b7429bbd,2019-10-03T02:40:28,['http://dbpedia.org/resource/Halloween'],[]
f2b4f28c45152472b82b231245250bd6bb14318,151f6f93d1cf70cabfb860810a4ed217,2019-10-02T22:39:46,['http://dbpedia.org/resource/Racism'],[]
f2b4f28c45152472b82b231245250bd6bb24225,0f828791dfb968b059e5190b3721fbd9,2019-10-03T03:19:44,['http://dbpedia.org/resource/Humanitarian_aid'],[]
f2b4f28c45152472b82b231245250bd6bb13398,2e154d440053d9a699187021062c24e4,2019-10-02T22:14:18,['http://dbpedia.org/resource/The_Baltimore_Sun'],[]
f2b4f28c45152472b82b231245250bd6bb22681,3ec172a8ada91bdf6e114867b959a946,2019-10-03T02:29:38,['http://dbpedia.org/resource/United_States_Department_of_State'],[]
f2b4f28c45152472b82b231245250bd6bb23640,794ab5bc8d87517d72f70b4f8ad1a150,2019-10-03T03:01:02,['http://dbpedia.org/resource/Bill_Hader'],[]
f2b4f28c45152472b82b231245250bd6bb24201,9ef999691c30cab7359a3d0c70ef354b,2019-10-03T03:18:30,['http://dbpedia.org/resource/VH1'],[]
f2b4f28c45152472b82b231245250bd6bb17239,0beceeaad1be34faa1bfd8178dac3117,2019-10-02T23:47:42,['http://dbpedia.org/resource/Texas'],[]
f2b4f28c45152472b82b231245250bd6bb24672,1a2519e25b8404f6fbb6b6bfbfbf0201,2019-10-03T03:31:00,['http://dbpedia.org/resource/Association_football'],[]
f2b4f28c45152472b82b231245250bd6bb21309,f3c76e870cd988c34b10027081d5219e,2019-10-03T01:40:57,['http://dbpedia.org/resource/Disneyland'],[]
f2b4f28c45152472b82b231245250bd6bb14407,4dec0ae5a2ea682bd72388a95f2fc194,2019-10-02T22:42:03,['http://dbpedia.org/resource/Pet_peeve'],[]
f2b4f28c45152472b82b231245250bd6bb8748,d10728086dd26f7b1f3ab0946acf931c,2019-10-02T20:20:15,['http://dbpedia.org/resource/We_Love_You'],[]
f2b4f28c45152472b82b231245250bd6bb31196,60e47788dd7145fba5024a566f593256,2019-10-03T07:11:03,['http://dbpedia.org/resource/BTS'],[]
f2b4f28c45152472b82b231245250bd6bb36300,c7aba124d2beec44af7190b4d3f43386,2019-10-03T11:14:25,['http://dbpedia.org/resource/Ireland'],[]
f2b4f28c45152472b82b231245250bd6bb23524,1fd4c4cd9f0faa580461577e3b7248ee,2019-10-03T02:59:38,"['http://dbpedia.org/resource/Independent_politician', 'http://dbpedia.org/resource/YouTube']",[]
f2b4f28c45152472b82b231245250bd6bb8903,a1bf7373ad338ed0b99cfc8f7ec16e5c,2019-10-02T20:23:38,['http://dbpedia.org/resource/Twitter'],[]
f2b4f28c45152472b82b231245250bd6bb26327,3794ba2d03ef8ed5e28d568ad19425ea,2019-10-03T04:22:48,['http://dbpedia.org/resource/Cincinnati'],[]
f2b4f28c45152472b82b231245250bd6bb32699,983d0684ef7e842158ba8aab2d139f21,2019-10-03T08:24:34,['http://dbpedia.org/resource/Twitter'],[]
f2b4f28c45152472b82b231245250bd6bb2765,2b93328e7a563609047565ec2ea5be3b,2019-10-02T18:01:14,['http://dbpedia.org/resource/Medicaid'],[]
f2b4f28c45152472b82b231245250bd6bb13367,0dce12c3964dfa47d8f737b45abfb03e,2019-10-02T22:13:38,['http://dbpedia.org/resource/Dodge'],[]
f2b4f28c45152472b82b231245250bd6bb26223,ba77b43bfde2445b6dfa779934a5a601,2019-10-03T04:20:35,['http://dbpedia.org/resource/Rock_music'],[]
f2b4f28c45152472b82b231245250bd6bb23140,a10007f50698ed49bcd387b336a45a12,2019-10-03T02:46:34,['http://dbpedia.org/resource/Eastern_Time_Zone'],[]
f2b4f28c45152472b82b231245250bd6bb2523,2799cfccfd406daa7fd462d86c82fe66,2019-10-02T17:54:54,['http://dbpedia.org/resource/Twitter'],[]
f2b4f28c45152472b82b231245250bd6bb31237,15c9d470f45edcd94fe3a92f58a00a17,2019-10-03T07:13:42,"['http://dbpedia.org/resource/Harvey_Weinstein', 'http://dbpedia.org/resource/Sexual_misconduct']",[]
f2b4f28c45152472b82b231245250bd6bb16752,56cd3bafd4adc479b5d6b18d19f4eefb,2019-10-02T23:36:52,"['http://dbpedia.org/resource/Argentina', 'http://dbpedia.org/resource/Association_football', 'http://dbpedia.org/resource/Lionel_Messi']",[]
f2b4f28c45152472b82b231245250bd6bb10680,760792fcd0aa9e1d28091498699da1c2,2019-10-02T21:03:56,['http://dbpedia.org/resource/Impeachment'],[]
f2b4f28c45152472b82b231245250bd6bb6934,d9887b6d636e5bc5b81543b6dad60d18,2019-10-02T19:33:38,['http://dbpedia.org/resource/American_Broadcasting_Company'],[]
f2b4f28c45152472b82b231245250bd6bb7945,1c651c45528d288ed89bfb6ddf50d2d9,2019-10-02T20:03:34,"['http://dbpedia.org/resource/Castilian_Party', 'http://dbpedia.org/resource/Halloween']",[]
f2b4f28c45152472b82b231245250bd6bb34547,a8024cf348ec4c4a1bfc5200e9964216,2019-10-03T09:41:24,['http://dbpedia.org/resource/Imma'],[]
f2b4f28c45152472b82b231245250bd6bb16786,8f8c30184c8c1bc41de64a1deca09096,2019-10-02T23:38:02,['http://dbpedia.org/resource/Midfielder'],[]
f2b4f28c45152472b82b231245250bd6bb2927,e03eb90516ceacfbafb86d5bb527369a,2019-10-02T18:03:47,['http://dbpedia.org/resource/Saquon_Barkley'],[]
f2b4f28c45152472b82b231245250bd6bb26618,cd09fa55309925c5ab7005f0d9d2ffe5,2019-10-03T04:32:39,['http://dbpedia.org/resource/The_Sydney_Morning_Herald'],[]
f2b4f28c45152472b82b231245250bd6bb8887,583ae227360b3ce7a4b174bcca1f2361,2019-10-02T20:23:29,['http://dbpedia.org/resource/We_Love_You'],[]
f2b4f28c45152472b82b231245250bd6bb176,d9a29c7d0b734fcd5d3bbf2d54e0a9b1,2019-10-02T16:59:53,['http://dbpedia.org/resource/GoFundMe'],[]
f2b4f28c45152472b82b231245250bd6bb8646,32c8c7f4043345690c2b24c70acf0c57,2019-10-02T20:16:58,['http://dbpedia.org/resource/Quarterback'],[]
f2b4f28c45152472b82b231245250bd6bb28398,cf300d9d93b4357b1358b5f1b4db68e5,2019-10-03T05:27:45,"['http://dbpedia.org/resource/Netflix', 'http://dbpedia.org/resource/Ukrainians']",[]
f2b4f28c45152472b82b231245250bd6bb29838,7b43811b6d693d8b17bebcba47e9ebe8,2019-10-03T06:23:02,"['http://dbpedia.org/resource/Edmonton_Oilers', 'http://dbpedia.org/resource/Vancouver_Canucks', 'http://dbpedia.org/resource/Zack_Kassian']",[]
f2b4f28c45152472b82b231245250bd6bb35231,70a1edde2fa4b27f5d4f9d9f4f1d4075,2019-10-03T10:27:21,['http://dbpedia.org/resource/Batman'],[]
f2b4f28c45152472b82b231245250bd6bb25241,731596a453557b2a8d8bb6af800b420c,2019-10-03T03:53:21,['http://dbpedia.org/resource/The_CW'],[]
f2b4f28c45152472b82b231245250bd6bb6152,7c13bcfe707cf37044602d43d53747e9,2019-10-02T19:15:32,['http://dbpedia.org/resource/Long_underwear'],[]
f2b4f28c45152472b82b231245250bd6bb13821,df7323eb0688efe58084b34c109365a6,2019-10-02T22:26:17,['http://dbpedia.org/resource/Russian_dressing'],[]
f2b4f28c45152472b82b231245250bd6bb25401,45bf55a931ac9ac01b0c0ee15d7200d7,2019-10-03T03:57:21,['http://dbpedia.org/resource/CNN'],[]
f2b4f28c45152472b82b231245250bd6bb19497,4f64bdeb1bf4c24d80cb6a633fa9e7e4,2019-10-03T00:46:11,['http://dbpedia.org/resource/United_States_Armed_Forces'],[]
f2b4f28c45152472b82b231245250bd6bb33709,e98fababa34ae5a4d64f1515152144b8,2019-10-03T09:08:37,['http://dbpedia.org/resource/Hit_the_Stage'],[]
f2b4f28c45152472b82b231245250bd6bb7286,a579710a341c13248a599a559015ec04,2019-10-02T19:44:32,['http://dbpedia.org/resource/Mathematics'],[]
f2b4f28c45152472b82b231245250bd6bb15702,18abeafef547c7265cb6b690f0dbb870,2019-10-02T23:13:28,"['http://dbpedia.org/resource/Imma', 'http://dbpedia.org/resource/Try_This']",[]
f2b4f28c45152472b82b231245250bd6bb1207,a5a856984bf25248409f56507eef57ec,2019-10-02T17:22:03,['http://dbpedia.org/resource/Spotify'],[]
f2b4f28c45152472b82b231245250bd6bb30728,1792ff48044813e78f15861cb4f17834,2019-10-03T06:50:37,['http://dbpedia.org/resource/United_States'],[]
f2b4f28c45152472b82b231245250bd6bb2967,02f6e9d0c9b44defd4be3238f5be0749,2019-10-02T18:04:36,"['http://dbpedia.org/resource/Epic_Records', 'http://dbpedia.org/resource/President_of_the_United_States', 'http://dbpedia.org/resource/Twitter']",[]
f2b4f28c45152472b82b231245250bd6bb14470,cb952a94c044ddaa855ca1d62da3f201,2019-10-02T22:43:55,['http://dbpedia.org/resource/Twitter'],[]
f2b4f28c45152472b82b231245250bd6bb6944,5af6b829f1d6d89e44b4b0c50cf68d4b,2019-10-02T19:34:07,['http://dbpedia.org/resource/Twitter'],[]
f2b4f28c45152472b82b231245250bd6bb8069,b22223075a0f08848146c939f39871c9,2019-10-02T20:05:41,"['http://dbpedia.org/resource/BTS', 'http://dbpedia.org/resource/Midfielder']",[]
f2b4f28c45152472b82b231245250bd6bb22656,da0b71655dafd88f79f961f492354507,2019-10-03T02:28:30,['http://dbpedia.org/resource/WhatsApp'],[]
f2b4f28c45152472b82b231245250bd6bb35987,79d36292fc992b55440c3c86d34ab9b6,2019-10-03T11:04:27,['http://dbpedia.org/resource/Tom_Steyer'],[]
f2b4f28c45152472b82b231245250bd6bb32626,50217ece79116ebdab4fd4eb2b406940,2019-10-03T08:21:57,['http://dbpedia.org/resource/Spider-Man'],[]
f2b4f28c45152472b82b231245250bd6bb23769,a1c682b6ac34061f0bd6d76c0f1fb6cd,2019-10-03T03:05:25,['http://dbpedia.org/resource/Trick-or-treating'],[]
f2b4f28c45152472b82b231245250bd6bb7160,5e2a4f6a4ae3661cb73282543ee0f1e1,2019-10-02T19:41:18,"['http://dbpedia.org/resource/Elizabeth_Olsen', 'http://dbpedia.org/resource/Joaquin_Phoenix']",[]
f2b4f28c45152472b82b231245250bd6bb2729,114f0191555abacfa4458318cb79241c,2019-10-02T18:00:08,['http://dbpedia.org/resource/5G'],[]
f2b4f28c45152472b82b231245250bd6bb10257,2d8f1ef4eab7eac1f50048ab1b4ffa76,2019-10-02T20:55:13,['http://dbpedia.org/resource/Black_people'],[]
f2b4f28c45152472b82b231245250bd6bb23288,e348d77dce1ec297b449f4d6e70201fa,2019-10-03T02:49:49,['http://dbpedia.org/resource/Disneyland'],[]
f2b4f28c45152472b82b231245250bd6bb27953,bf3adff0db4344618008b3fb44fcca06,2019-10-03T05:13:44,['http://dbpedia.org/resource/Reuters'],[]
f2b4f28c45152472b82b231245250bd6bb18698,b600117ad12c904a7175b247d058ee48,2019-10-03T00:20:57,['http://dbpedia.org/resource/Snapchat'],[]
f2b4f28c45152472b82b231245250bd6bb24169,8370b9d0d2243f198c1eedbaffc7c283,2019-10-03T03:17:08,['http://dbpedia.org/resource/Antisemitism'],[]
f2b4f28c45152472b82b231245250bd6bb8097,349760170ccabaf27bb7ea073a112b12,2019-10-02T20:06:02,['http://dbpedia.org/resource/Espionage'],[]
f2b4f28c45152472b82b231245250bd6bb34385,39a4eba738c922679dfd4ac1872fa1dc,2019-10-03T09:35:00,['http://dbpedia.org/resource/Bob_Dylan'],[]
f2b4f28c45152472b82b231245250bd6bb19293,93d306df0aa339723ec9548b69017bdd,2019-10-03T00:41:02,['http://dbpedia.org/resource/Pumpkin_Spice_Latte'],[]
f2b4f28c45152472b82b231245250bd6bb11218,6cfc307e21b94786d9f43f476174df39,2019-10-02T21:17:56,['http://dbpedia.org/resource/Brett_Brown'],[]
f2b4f28c45152472b82b231245250bd6bb1549,c2925361c14615cda3805f81889b0afb,2019-10-02T17:30:14,['http://dbpedia.org/resource/Poshmark'],[]
f2b4f28c45152472b82b231245250bd6bb2365,afcce6661d471af05388ae3a6dafbdc8,2019-10-02T17:50:11,['http://dbpedia.org/resource/Nice'],[]
f2b4f28c45152472b82b231245250bd6bb31440,61e225ed717352b67d4e5300cc10f33f,2019-10-03T07:26:54,['http://dbpedia.org/resource/Electronic_dance_music'],[]
f2b4f28c45152472b82b231245250bd6bb16480,020b926df79349b17d429793c5e427e5,2019-10-02T23:31:14,['http://dbpedia.org/resource/Sean_Combs'],[]
f2b4f28c45152472b82b231245250bd6bb6230,1c39e9912245775685fe62f93be2809b,2019-10-02T19:17:11,['http://dbpedia.org/resource/Gulf_of_Mexico'],[]
f2b4f28c45152472b82b231245250bd6bb13000,61ef306ce52234770549338dc0a89947,2019-10-02T22:02:26,"['http://dbpedia.org/resource/Midfielder', 'http://dbpedia.org/resource/Twitter']",[]
f2b4f28c45152472b82b231245250bd6bb9503,7a2ba39c2792d703e2b81e502ab29609,2019-10-02T20:38:15,['http://dbpedia.org/resource/Chicago'],[]
f2b4f28c45152472b82b231245250bd6bb24945,019f67a67f01ae7bb623349b70a93900,2019-10-03T03:43:31,['http://dbpedia.org/resource/CBS'],[]
f2b4f28c45152472b82b231245250bd6bb11834,158186c7e88ea456782b9aabf79fef0b,2019-10-02T21:30:33,['http://dbpedia.org/resource/Capital_punishment'],[]
f2b4f28c45152472b82b231245250bd6bb30953,b427c402834806eefc17170c5a1d2b7f,2019-10-03T07:02:17,['http://dbpedia.org/resource/Nice'],[]
f2b4f28c45152472b82b231245250bd6bb21679,b32ee465cde3844ee7fa7a27fb17d892,2019-10-03T01:52:16,['http://dbpedia.org/resource/Bachelor_of_Science'],[]
f2b4f28c45152472b82b231245250bd6bb12716,090264f1888056a96f32ccb7d91ba4e7,2019-10-02T21:57:37,['http://dbpedia.org/resource/Donald_Trump'],[]
f2b4f28c45152472b82b231245250bd6bb21514,8d9811f23e1b974f5487d3a09705c03b,2019-10-03T01:47:23,['http://dbpedia.org/resource/Harry_Potter'],[]
f2b4f28c45152472b82b231245250bd6bb3889,50ffe385be3b57c5f337cc76718cf568,2019-10-02T18:26:21,"['http://dbpedia.org/resource/Computer_security', 'http://dbpedia.org/resource/Walmart']",[]
f2b4f28c45152472b82b231245250bd6bb28539,ba33c267e2e88ac5d6caeb2266493f91,2019-10-03T05:31:25,['http://dbpedia.org/resource/BTS'],[]
f2b4f28c45152472b82b231245250bd6bb15661,9676bc2e7a0f035be7bf60709c3571c6,2019-10-02T23:12:51,['http://dbpedia.org/resource/The_Sydney_Morning_Herald'],[]
f2b4f28c45152472b82b231245250bd6bb4857,2fe7c3c5b431a1d365a4311cca14c85e,2019-10-02T18:49:26,['http://dbpedia.org/resource/Impeachment'],[]
f2b4f28c45152472b82b231245250bd6bb31253,f803dbcb3e9d319c338786ab5695fc05,2019-10-03T07:16:46,['http://dbpedia.org/resource/Nice'],[]
f2b4f28c45152472b82b231245250bd6bb29954,aa1a3c43c06831a0411e11fded731942,2019-10-03T06:25:42,['http://dbpedia.org/resource/India'],[]
f2b4f28c45152472b82b231245250bd6bb35910,2428176d811e9d3ab90e439ca6e4e3cc,2019-10-03T11:00:44,['http://dbpedia.org/resource/Twitter'],[]
f2b4f28c45152472b82b231245250bd6bb5835,6cac9ab1cb839fde7fdff276706d4971,2019-10-02T19:07:49,['http://dbpedia.org/resource/Billionaire'],[]
f2b4f28c45152472b82b231245250bd6bb30055,a2ba108c24a3d6676bcd00e586b94360,2019-10-03T06:30:00,['http://dbpedia.org/resource/Instagram'],[]
f2b4f28c45152472b82b231245250bd6bb24485,f2da29be5f5a98dd7a435209248f2014,2019-10-03T03:26:08,['http://dbpedia.org/resource/Adobe_Photoshop'],[]
f2b4f28c45152472b82b231245250bd6bb533,52782a85954b6596601f57c722b4cbdf,2019-10-02T17:07:06,['http://dbpedia.org/resource/Midfielder'],[]
f2b4f28c45152472b82b231245250bd6bb26363,0386287a05a5818d5e98e25054d399a1,2019-10-03T04:23:54,['http://dbpedia.org/resource/SMS'],[]
f2b4f28c45152472b82b231245250bd6bb20502,1fef4ee96d17dd841e2e6a02f6b7996c,2019-10-03T01:15:59,['http://dbpedia.org/resource/LGBT'],[]
f2b4f28c45152472b82b231245250bd6bb12263,79fb2014cbc247776df9d4cb4fd49d54,2019-10-02T21:42:45,['http://dbpedia.org/resource/BTS'],[]
f2b4f28c45152472b82b231245250bd6bb17687,a7be56fa319d099ca6ad14d29aba0e85,2019-10-02T23:57:47,['http://dbpedia.org/resource/Las_Vegas'],[]
f2b4f28c45152472b82b231245250bd6bb24350,eaf53047c11d9041ecb372260260657f,2019-10-03T03:21:55,"['http://dbpedia.org/resource/Maize', 'http://dbpedia.org/resource/Nice']",[]
f2b4f28c45152472b82b231245250bd6bb1073,ee8f269948093b066ca4dbdeb87d2c11,2019-10-02T17:18:18,['http://dbpedia.org/resource/East_Africa_Time'],[]
f2b4f28c45152472b82b231245250bd6bb163,f834d0734908f76ad788454e0acc9e5e,2019-10-02T16:59:46,"['http://dbpedia.org/resource/Impeachment', 'http://dbpedia.org/resource/Racism']",[]
f2b4f28c45152472b82b231245250bd6bb34745,caf64dd771fc596eb0abeac1269154c9,2019-10-03T09:49:32,['http://dbpedia.org/resource/Twitter'],[]
f2b4f28c45152472b82b231245250bd6bb25139,cabb7e7072f1b0be286e1f8df97f7609,2019-10-03T03:51:03,"['http://dbpedia.org/resource/Billionaire', 'http://dbpedia.org/resource/Huawei']",[]
f2b4f28c45152472b82b231245250bd6bb11611,8188d2973d4d8ee3a820104a51ba1ce9,2019-10-02T21:26:43,['http://dbpedia.org/resource/Donald_Trump'],[]
f2b4f28c45152472b82b231245250bd6bb5970,e2b1ebc059b79d9d7e5ce235a349be51,2019-10-02T19:10:44,['http://dbpedia.org/resource/Stranger_Things'],[]
f2b4f28c45152472b82b231245250bd6bb6197,1af3a660b6e315bd514323f7dc6144cd,2019-10-02T19:16:32,['http://dbpedia.org/resource/Western_Pennsylvania_Interscholastic_Athletic_League'],[]
f2b4f28c45152472b82b231245250bd6bb11479,f0f3480247a0b35b500b219bb6d6e553,2019-10-02T21:24:14,['http://dbpedia.org/resource/Netflix'],[]
f2b4f28c45152472b82b231245250bd6bb17930,e90d57aa1efae886a66c5c363b4632a6,2019-10-03T00:04:40,['http://dbpedia.org/resource/Racism'],[]
f2b4f28c45152472b82b231245250bd6bb7709,a4187e4762f01c7e9e8aa0b0f7415ee0,2019-10-02T19:55:04,['http://dbpedia.org/resource/Christian_Pulisic'],[]
f2b4f28c45152472b82b231245250bd6bb26238,84ad0153d8ab76e0961734c818a0e5da,2019-10-03T04:20:48,['http://dbpedia.org/resource/Nice'],[]
f2b4f28c45152472b82b231245250bd6bb18772,063542689991f58b9e8b9e2e6d97d520,2019-10-03T00:22:30,['http://dbpedia.org/resource/Lionel_Messi'],[]
f2b4f28c45152472b82b231245250bd6bb27094,114fb1a93c0562591ddc1ff7ea31b1cf,2019-10-03T04:46:28,['http://dbpedia.org/resource/Oprah_Winfrey'],[]
f2b4f28c45152472b82b231245250bd6bb30208,0966456978df955f74976266b9df92d0,2019-10-03T06:35:18,['http://dbpedia.org/resource/Adam_Schiff'],[]
f2b4f28c45152472b82b231245250bd6bb34838,b5b9c39a0f2c506a51234bfec45d1b54,2019-10-03T10:00:00,['http://dbpedia.org/resource/Gross_domestic_product'],[]
f2b4f28c45152472b82b231245250bd6bb22793,7a280f99d3e448771279b1d455619dbe,2019-10-03T02:34:55,['http://dbpedia.org/resource/Excalibur'],[]
f2b4f28c45152472b82b231245250bd6bb29989,2635aaa8af5cd0fcdb05fc31aa93ccba,2019-10-03T06:26:49,['http://dbpedia.org/resource/Coming_out'],[]
f2b4f28c45152472b82b231245250bd6bb17230,c0b213ad80ef6a8eff137da92f1a29fd,2019-10-02T23:47:36,['http://dbpedia.org/resource/BMW'],[]
f2b4f28c45152472b82b231245250bd6bb26840,c6b94cf0ef6de63e290cad6e3d89e5fd,2019-10-03T04:38:43,"['http://dbpedia.org/resource/Arsenal_F.C.', 'http://dbpedia.org/resource/Manchester', 'http://dbpedia.org/resource/Manchester_City_F.C.', 'http://dbpedia.org/resource/Mixed_martial_arts']",[]
f2b4f28c45152472b82b231245250bd6bb6634,f9871f20e1b64188be0113695f8b1072,2019-10-02T19:27:52,['http://dbpedia.org/resource/Indonesia'],[]
f2b4f28c45152472b82b231245250bd6bb1480,f292d989c2beec57c83c1347882dc062,2019-10-02T17:28:54,['http://dbpedia.org/resource/BTS'],[]
f2b4f28c45152472b82b231245250bd6bb24234,0ea678e763d48d4059af698cb0765365,2019-10-03T03:19:54,['http://dbpedia.org/resource/Indianapolis'],[]
f2b4f28c45152472b82b231245250bd6bb21566,e623b64de70a30bff2ec23246078ded7,2019-10-03T01:50:07,['http://dbpedia.org/resource/YouTube'],[]
f2b4f28c45152472b82b231245250bd6bb29488,e1c32427df54ddfab8d62831b7971e8c,2019-10-03T06:05:44,"['http://dbpedia.org/resource/American_Broadcasting_Company', 'http://dbpedia.org/resource/Christians']",[]
f2b4f28c45152472b82b231245250bd6bb14931,abb22bc8173a82d001bde41da033c4e6,2019-10-02T22:57:12,['http://dbpedia.org/resource/Lionel_Messi'],[]
f2b4f28c45152472b82b231245250bd6bb34586,180ac6dd195d6b9e68782f83d4cb1ebf,2019-10-03T09:42:30,['http://dbpedia.org/resource/Brit_Hume'],[]
f2b4f28c45152472b82b231245250bd6bb19169,926b0a32c3c3efe0c5fca42f1f801477,2019-10-03T00:36:06,['http://dbpedia.org/resource/American_Broadcasting_Company'],[]
f2b4f28c45152472b82b231245250bd6bb18872,323f7fe20b87c4f8ea7a6a64c37b2501,2019-10-03T00:25:44,"['http://dbpedia.org/resource/National_Rifle_Association', 'http://dbpedia.org/resource/United_States_Senate']",[]
f2b4f28c45152472b82b231245250bd6bb26610,404ad51da2b0ab0b91a698487c3902b2,2019-10-03T04:32:27,['http://dbpedia.org/resource/Epic_Records'],[]
f2b4f28c45152472b82b231245250bd6bb22696,c5501d7acc9ada81364c73a43b5b6f9a,2019-10-03T02:30:27,['http://dbpedia.org/resource/Nice'],[]
f2b4f28c45152472b82b231245250bd6bb7301,0b6b996b8e556f04c7385b623a1895ce,2019-10-02T19:44:51,['http://dbpedia.org/resource/Twitter'],[]
f2b4f28c45152472b82b231245250bd6bb35307,efcf451b2274536bb3f7aec91850eb5f,2019-10-03T10:32:29,['http://dbpedia.org/resource/Soul_music'],[]
f2b4f28c45152472b82b231245250bd6bb15555,132fb87dc71c1af227e31368f56a4c40,2019-10-02T23:10:33,"['http://dbpedia.org/resource/BTS', 'http://dbpedia.org/resource/Castilian_Party']",[]
f2b4f28c45152472b82b231245250bd6bb20468,9feb40419c6568ff39e7bd55af0578ae,2019-10-03T01:13:59,"['http://dbpedia.org/resource/Burger_King', 'http://dbpedia.org/resource/Defamation']",[]
f2b4f28c45152472b82b231245250bd6bb14365,53a375f155733b46375af70244a88bdc,2019-10-02T22:41:13,['http://dbpedia.org/resource/East_Africa_Time'],[]
f2b4f28c45152472b82b231245250bd6bb15972,cba2281625d09a1927a001b334d8df80,2019-10-02T23:20:28,['http://dbpedia.org/resource/Calgary'],[]
f2b4f28c45152472b82b231245250bd6bb1708,b5052ba65dd575ae4768f333a0f2ce76,2019-10-02T17:32:28,"['http://dbpedia.org/resource/Midfielder', 'http://dbpedia.org/resource/This_Is_Us']",[]
f2b4f28c45152472b82b231245250bd6bb17976,d802d88c5991e9c0b3a8201ed5675bc1,2019-10-03T00:05:29,['http://dbpedia.org/resource/WhatsApp'],[]
f2b4f28c45152472b82b231245250bd6bb19049,cf2639bcfef9faa552979ba36cf23796,2019-10-03T00:31:25,['http://dbpedia.org/resource/Presidency_of_Donald_Trump'],[]
f2b4f28c45152472b82b231245250bd6bb13209,0f6f3557e5995f28310849348e8277c9,2019-10-02T22:09:31,['http://dbpedia.org/resource/Impeachment'],[]
f2b4f28c45152472b82b231245250bd6bb9021,12a28592da904ba8872a291f53988a27,2019-10-02T20:27:07,['http://dbpedia.org/resource/Politics_of_Saudi_Arabia'],[]
f2b4f28c45152472b82b231245250bd6bb31061,b649c36677969f24a31104d51e41d468,2019-10-03T07:06:32,['http://dbpedia.org/resource/Twitter'],[]
f2b4f28c45152472b82b231245250bd6bb11871,78429e479945e00176cf3a13d665fd31,2019-10-02T21:31:38,['http://dbpedia.org/resource/Twitter'],[]
f2b4f28c45152472b82b231245250bd6bb6698,a06aec921218d50c6d4439baa4077278,2019-10-02T19:29:19,['http://dbpedia.org/resource/Kenya'],[]
f2b4f28c45152472b82b231245250bd6bb28025,5d0ad30a55c180fea4a897eedfd1e51a,2019-10-03T05:16:11,['http://dbpedia.org/resource/Nice'],[]
f2b4f28c45152472b82b231245250bd6bb30612,81bcffe3912db47f2d0e60a33e0f2627,2019-10-03T06:46:57,['http://dbpedia.org/resource/Tyga'],[]
f2b4f28c45152472b82b231245250bd6bb27030,0f099ef8a5c50ec2e0679a6dedd951e4,2019-10-03T04:44:05,['http://dbpedia.org/resource/Defamation'],[]
f2b4f28c45152472b82b231245250bd6bb32387,ea8e7bfaa19a235ddcb847918d2a2f5f,2019-10-03T08:12:02,['http://dbpedia.org/resource/Leading_lady'],[]
f2b4f28c45152472b82b231245250bd6bb20015,e00b227d2b333c6639a59b72e151bbd0,2019-10-03T00:58:58,['http://dbpedia.org/resource/Xenophobia'],[]
f2b4f28c45152472b82b231245250bd6bb30897,06cc623e54273eea94bac186205493e9,2019-10-03T06:57:23,['http://dbpedia.org/resource/Iran'],[]
f2b4f28c45152472b82b231245250bd6bb1271,344051fe0cb2245770c765090f6ffcf1,2019-10-02T17:23:40,['http://dbpedia.org/resource/Impeachment'],[]
f2b4f28c45152472b82b231245250bd6bb11881,7a61705c08272a9eeff06f88969e510d,2019-10-02T21:31:43,['http://dbpedia.org/resource/TMZ'],[]
f2b4f28c45152472b82b231245250bd6bb5720,0219f28b28482d38625d7767952303ff,2019-10-02T19:06:17,['http://dbpedia.org/resource/Antisemitism'],[]
f2b4f28c45152472b82b231245250bd6bb1463,a800c3265b3b8b685b794cc3a2f9884d,2019-10-02T17:28:19,['http://dbpedia.org/resource/Ginger_Zee'],[]
f2b4f28c45152472b82b231245250bd6bb996,ca2747477c50ab0f08272e5b10a5aac8,2019-10-02T17:17:25,['http://dbpedia.org/resource/Iran'],[]
f2b4f28c45152472b82b231245250bd6bb30216,6c9c231f0537a5b4904144f0270eaf09,2019-10-03T06:35:21,['http://dbpedia.org/resource/Entertainment_Weekly'],[]
f2b4f28c45152472b82b231245250bd6bb11195,bfee1b559776d0d0119a3eb905a3d24c,2019-10-02T21:17:32,['http://dbpedia.org/resource/Iran'],[]
f2b4f28c45152472b82b231245250bd6bb10389,deb58a4a630c7d14c1aef1e5275481e8,2019-10-02T20:57:12,['http://dbpedia.org/resource/Twitter'],[]
f2b4f28c45152472b82b231245250bd6bb24120,85882ef0670229d6afaf0d6e102b8e6c,2019-10-03T03:15:55,['http://dbpedia.org/resource/Phonograph_record'],[]
f2b4f28c45152472b82b231245250bd6bb29830,831f107094ca0c88d355656cb2d74e90,2019-10-03T06:22:53,['http://dbpedia.org/resource/Defensively_equipped_merchant_ship'],[]
f2b4f28c45152472b82b231245250bd6bb23272,62255f4b068be745ce15f72e6e4f4fa2,2019-10-03T02:49:38,['http://dbpedia.org/resource/Esports'],[]
f2b4f28c45152472b82b231245250bd6bb8612,ac50c48a3138c1b4b0baa0c83b170f76,2019-10-02T20:15:52,['http://dbpedia.org/resource/Police_officer'],[]
f2b4f28c45152472b82b231245250bd6bb4614,499d374d2fd5432a3df46c0ee2a08c4b,2019-10-02T18:44:45,['http://dbpedia.org/resource/President_of_the_United_States'],[]
f2b4f28c45152472b82b231245250bd6bb8585,af48a245dff9f17174ed14daaa0ab6df,2019-10-02T20:15:38,['http://dbpedia.org/resource/Big_Bird'],[]
f2b4f28c45152472b82b231245250bd6bb28117,14cf6c201aaeb28f761ea32065f250b8,2019-10-03T05:19:18,['http://dbpedia.org/resource/Massage'],[]
f2b4f28c45152472b82b231245250bd6bb18269,9d78170b196c546d6507c3f155e2b875,2019-10-03T00:12:30,['http://dbpedia.org/resource/Impeachment'],[]
f2b4f28c45152472b82b231245250bd6bb14768,62511ade1702f53d6f4f546c7b562824,2019-10-02T22:54:08,['http://dbpedia.org/resource/South_Carolina'],[]
f2b4f28c45152472b82b231245250bd6bb28262,139596072a10eeea280a96d909a16db5,2019-10-03T05:24:07,"['http://dbpedia.org/resource/Travis_Scott', 'http://dbpedia.org/resource/Tyga']",[]
f2b4f28c45152472b82b231245250bd6bb18123,af6ceb32df06e170f2312ea21eba0a29,2019-10-03T00:08:06,['http://dbpedia.org/resource/Midfielder'],[]
f2b4f28c45152472b82b231245250bd6bb8993,20bcb645b039d434789d1b6ce97bf110,2019-10-02T20:26:22,['http://dbpedia.org/resource/IPhone'],[]
f2b4f28c45152472b82b231245250bd6bb16950,84d754b32b1ca8b263191536fe872d8a,2019-10-02T23:41:40,['http://dbpedia.org/resource/Key_West'],[]
f2b4f28c45152472b82b231245250bd6bb21605,4551d26468f16cc4b7308371b65ec496,2019-10-03T01:50:28,"['http://dbpedia.org/resource/California', 'http://dbpedia.org/resource/Wildfire']",[]
f2b4f28c45152472b82b231245250bd6bb14115,972eb361b2fc8a8df1b932bf6809fc32,2019-10-02T22:34:13,['http://dbpedia.org/resource/FIFA'],[]
f2b4f28c45152472b82b231245250bd6bb20657,29b9f9454f93578ab82363a7725f4b80,2019-10-03T01:21:02,['http://dbpedia.org/resource/Midfielder'],[]
f2b4f28c45152472b82b231245250bd6bb21646,e4ea6bdeef7157530628669e0319a9ff,2019-10-03T01:51:48,['http://dbpedia.org/resource/Soul_music'],[]
f2b4f28c45152472b82b231245250bd6bb5785,63ae36ab7dc9b2f094e9311d14b6b779,2019-10-02T19:07:25,['http://dbpedia.org/resource/Twitter'],[]
f2b4f28c45152472b82b231245250bd6bb9428,b5a47a4607d64b872734f6d266b39ef7,2019-10-02T20:36:49,['http://dbpedia.org/resource/Twitter'],[]
f2b4f28c45152472b82b231245250bd6bb5989,19fb932c091b2c2ef25c3868b45a719d,2019-10-02T19:11:22,['http://dbpedia.org/resource/International_Monetary_Fund'],[]
f2b4f28c45152472b82b231245250bd6bb9010,ae9bf2f96a54281dfb13365278298af5,2019-10-02T20:26:43,['http://dbpedia.org/resource/Fact-checking'],[]
f2b4f28c45152472b82b231245250bd6bb3927,6ea4cd10be2dbc0a4d6b0dc10f35f176,2019-10-02T18:27:15,['http://dbpedia.org/resource/MSNBC'],[]
f2b4f28c45152472b82b231245250bd6bb27235,0c82073177bd333faf1f570e45f2c9b7,2019-10-03T04:52:43,['http://dbpedia.org/resource/East_Africa_Time'],[]
f2b4f28c45152472b82b231245250bd6bb32483,8fdbec1d3d92e3bbe0f05edcd34592d2,2019-10-03T08:17:04,['http://dbpedia.org/resource/Sisig'],[]
f2b4f28c45152472b82b231245250bd6bb8168,a0535b2bb616beda9a38370c27e80676,2019-10-02T20:07:21,"['http://dbpedia.org/resource/Impeachment', 'http://dbpedia.org/resource/Twitter']",[]
f2b4f28c45152472b82b231245250bd6bb7859,8467d47e9da6d9ee8b8f2fed889c639e,2019-10-02T20:01:48,['http://dbpedia.org/resource/Evangelicalism'],[]
f2b4f28c45152472b82b231245250bd6bb31,9e175be9d568bc58b5a274469a4e2123,2019-10-02T16:56:06,['http://dbpedia.org/resource/Defensive_tackle'],[]
f2b4f28c45152472b82b231245250bd6bb22533,ed6dca9f9ba8073294f1b97dd3fb326a,2019-10-03T02:20:13,['http://dbpedia.org/resource/Vermont'],[]
f2b4f28c45152472b82b231245250bd6bb33220,6b6ae06dc284ac769998b83d8131c45d,2019-10-03T08:49:52,['http://dbpedia.org/resource/UNESCO'],[]
f2b4f28c45152472b82b231245250bd6bb24040,340e1f2698006936a33d92dfc209dabb,2019-10-03T03:13:12,['http://dbpedia.org/resource/George_Soros'],[]
f2b4f28c45152472b82b231245250bd6bb16205,fd06bd365184cb0b4b93dd3da3510907,2019-10-02T23:25:17,['http://dbpedia.org/resource/Halloween'],[]
f2b4f28c45152472b82b231245250bd6bb5039,8d6affabe03e4a6c0758f6bd6ab2191d,2019-10-02T18:53:59,"['http://dbpedia.org/resource/Nice', 'http://dbpedia.org/resource/Stock_market']",[]
f2b4f28c45152472b82b231245250bd6bb17734,fcb5405ef4384278957af6014f6bf6f6,2019-10-02T23:59:43,"['http://dbpedia.org/resource/Donald_Trump', 'http://dbpedia.org/resource/Donald_Trump_Jr.']",[]
f2b4f28c45152472b82b231245250bd6bb10630,12e4b8598d1f21f91f5dad2541e44964,2019-10-02T21:02:29,"['http://dbpedia.org/resource/Iran', 'http://dbpedia.org/resource/YouTube']",[]
f2b4f28c45152472b82b231245250bd6bb8347,63d83e824258cca0a703955785315ac9,2019-10-02T20:11:17,['http://dbpedia.org/resource/NASCAR'],[]
f2b4f28c45152472b82b231245250bd6bb17721,17fe66eb8b34fef2314f0a641f7eea11,2019-10-02T23:58:40,"['http://dbpedia.org/resource/ESPN', 'http://dbpedia.org/resource/Major_League_Baseball', 'http://dbpedia.org/resource/New_York_Yankees']",[]
f2b4f28c45152472b82b231245250bd6bb35592,87285715ccd48f0b238fc880436e1558,2019-10-03T10:45:11,['http://dbpedia.org/resource/Flagship'],[]
f2b4f28c45152472b82b231245250bd6bb36077,786466101fa797bd79a3b7bdb867141d,2019-10-03T11:07:53,['http://dbpedia.org/resource/France'],[]
f2b4f28c45152472b82b231245250bd6bb20524,2b4fbd5a7084fa6141a7a43eb78963f8,2019-10-03T01:16:40,"['http://dbpedia.org/resource/BTS', 'http://dbpedia.org/resource/Chile']",[]
f2b4f28c45152472b82b231245250bd6bb27365,fc9a0be9367098084f9ea4afa8828a23,2019-10-03T04:55:58,"['http://dbpedia.org/resource/Central_Intelligence_Agency', 'http://dbpedia.org/resource/Federal_Bureau_of_Investigation']",[]
f2b4f28c45152472b82b231245250bd6bb14874,b7d96445ed9558c0fe372846a1af961b,2019-10-02T22:56:06,['http://dbpedia.org/resource/Twitter'],[]
f2b4f28c45152472b82b231245250bd6bb3183,d6facc6cc49be9db528a2502688e47c7,2019-10-02T18:08:11,['http://dbpedia.org/resource/Nobel_Prize'],[]
f2b4f28c45152472b82b231245250bd6bb27055,c7eadbe77b453cb6df824b910bff15b3,2019-10-03T04:45:51,['http://dbpedia.org/resource/United_States_dollar'],[]
f2b4f28c45152472b82b231245250bd6bb28295,9f1fb06384d5641eff7a38efcd615701,2019-10-03T05:24:27,['http://dbpedia.org/resource/English_language'],[]
f2b4f28c45152472b82b231245250bd6bb19859,38b2d256239c4c1627f8465ddb184719,2019-10-03T00:56:51,['http://dbpedia.org/resource/Honduras'],[]
f2b4f28c45152472b82b231245250bd6bb10545,b722243825544f403e6a9e8b31006078,2019-10-02T21:00:00,['http://dbpedia.org/resource/Sherwin-Williams'],[]
f2b4f28c45152472b82b231245250bd6bb9066,dcaeb8128733eaaf72ec9bd086cb678a,2019-10-02T20:27:38,['http://dbpedia.org/resource/HuffPost'],[]
f2b4f28c45152472b82b231245250bd6bb8528,6221debf851376085ca3f33f8d5c8edb,2019-10-02T20:14:28,"['http://dbpedia.org/resource/Imran_Khan', 'http://dbpedia.org/resource/Terrorism']",[]
f2b4f28c45152472b82b231245250bd6bb36459,e42729ed3c85fc3f26cb49a3c2eaa552,2019-10-03T11:20:32,"['http://dbpedia.org/resource/BTS', 'http://dbpedia.org/resource/Jungkook']",[]
f2b4f28c45152472b82b231245250bd6bb13106,ce7137f4824efa170be435b3a49ece19,2019-10-02T22:05:13,['http://dbpedia.org/resource/Association_football'],[]
f2b4f28c45152472b82b231245250bd6bb30400,06a9ba68803e576fbab5e13eeca8a503,2019-10-03T06:40:02,['http://dbpedia.org/resource/Los_Angeles'],[]
f2b4f28c45152472b82b231245250bd6bb23689,6b5e6e2d289612d0949609107de9b444,2019-10-03T03:02:05,['http://dbpedia.org/resource/National_Collegiate_Athletic_Association'],[]
f2b4f28c45152472b82b231245250bd6bb4257,0e1dabfc03e85446216d788cfb455882,2019-10-02T18:35:57,['http://dbpedia.org/resource/Midfielder'],[]
f2b4f28c45152472b82b231245250bd6bb2079,7ce014cd8cf5156ef2c2e521fbb6e8c7,2019-10-02T17:43:15,['http://dbpedia.org/resource/Independent_politician'],[]
f2b4f28c45152472b82b231245250bd6bb34788,0b5ac32ef4216c2276fb89587fc4575c,2019-10-03T09:57:10,['http://dbpedia.org/resource/Florence'],[]
f2b4f28c45152472b82b231245250bd6bb370,8ea06a7b9085c8507eb53baaf0940e51,2019-10-02T17:02:52,['http://dbpedia.org/resource/Run_batted_in'],[]
f2b4f28c45152472b82b231245250bd6bb1850,f5c76a9d1047dd2bd3caa662b0b1f342,2019-10-02T17:35:33,['http://dbpedia.org/resource/Twitter'],[]
f2b4f28c45152472b82b231245250bd6bb14954,dbaa3f834726f05ea7f3d1780293d369,2019-10-02T22:58:04,['http://dbpedia.org/resource/Tuscany'],[]
f2b4f28c45152472b82b231245250bd6bb21478,2108e27157eaf1eb6f523a516778e139,2019-10-03T01:45:49,['http://dbpedia.org/resource/Defensively_equipped_merchant_ship'],[]
f2b4f28c45152472b82b231245250bd6bb28305,5e706ef151ea71aa6a1661ceba4efb80,2019-10-03T05:24:32,['http://dbpedia.org/resource/Young_Thug'],[]
f2b4f28c45152472b82b231245250bd6bb22078,6f6c8d293aafa02b698cb2f24b2af696,2019-10-03T02:05:47,['http://dbpedia.org/resource/Givenchy'],[]
f2b4f28c45152472b82b231245250bd6bb30633,0b693dfc39b4ce36ddf234f6a71f61dc,2019-10-03T06:47:15,['http://dbpedia.org/resource/Skateboarding'],[]
f2b4f28c45152472b82b231245250bd6bb14309,570ebbfceaa495e4759930078d1b115d,2019-10-02T22:39:42,['http://dbpedia.org/resource/Twitter'],[]
f2b4f28c45152472b82b231245250bd6bb14889,55867c8f213174b6c8ee0b2a49f4cefe,2019-10-02T22:56:22,['http://dbpedia.org/resource/Dylan_Larkin'],[]
f2b4f28c45152472b82b231245250bd6bb33781,b213d5a2fbfb7560dccb16c3af9241df,2019-10-03T09:12:13,['http://dbpedia.org/resource/Electronic_dance_music'],[]
f2b4f28c45152472b82b231245250bd6bb26865,a40b5817f51b8514a41c44d704d81d68,2019-10-03T04:39:26,['http://dbpedia.org/resource/Spotify'],[]
f2b4f28c45152472b82b231245250bd6bb1197,8319e23f1de43736a3dd4fefed58b321,2019-10-02T17:21:57,['http://dbpedia.org/resource/Sign_language'],[]
f2b4f28c45152472b82b231245250bd6bb12924,082cde7c3752d1749840994a04106124,2019-10-02T22:01:18,['http://dbpedia.org/resource/Hulu'],[]
f2b4f28c45152472b82b231245250bd6bb12942,a93370085634e441647c81c3f428f7ab,2019-10-02T22:01:46,"['http://dbpedia.org/resource/Defensively_equipped_merchant_ship', 'http://dbpedia.org/resource/Lawyer', 'http://dbpedia.org/resource/QAnon']",[]
f2b4f28c45152472b82b231245250bd6bb27828,92c2270e04f9ee844d9660b511110692,2019-10-03T05:08:32,['http://dbpedia.org/resource/Reuters'],[]
f2b4f28c45152472b82b231245250bd6bb29008,dc1b2b69c01aabf4e3a0efbd477527a8,2019-10-03T05:46:15,['http://dbpedia.org/resource/Instagram'],[]
f2b4f28c45152472b82b231245250bd6bb22579,88146e9222142ddc5242ad6779474323,2019-10-03T02:22:34,"['http://dbpedia.org/resource/Social_media', 'http://dbpedia.org/resource/Twitter']",[]
f2b4f28c45152472b82b231245250bd6bb24891,2d5073a14a680d3e7cc8a7cdd88f76a4,2019-10-03T03:40:52,"['http://dbpedia.org/resource/Baseball', 'http://dbpedia.org/resource/ESPN']",[]
f2b4f28c45152472b82b231245250bd6bb20478,027e83a26647852b9391a388e4268fb0,2019-10-03T01:14:21,['http://dbpedia.org/resource/Twitter'],[]
f2b4f28c45152472b82b231245250bd6bb1896,c9c4655be718187c23aba79d5989fbbd,2019-10-02T17:35:59,['http://dbpedia.org/resource/Israel'],[]
f2b4f28c45152472b82b231245250bd6bb24629,28497770dd112a69175c84ddbf54b192,2019-10-03T03:30:29,['http://dbpedia.org/resource/YouTube'],[]
f2b4f28c45152472b82b231245250bd6bb13640,26c1de29c6cc00b633f968dc68306c29,2019-10-02T22:21:58,['http://dbpedia.org/resource/Todd_Phillips'],[]
f2b4f28c45152472b82b231245250bd6bb31148,b44de72dc5b48b6dc589f3a39b7a8d86,2019-10-03T07:09:18,['http://dbpedia.org/resource/Skype'],[]
f2b4f28c45152472b82b231245250bd6bb36240,8b0d9aa138464dfd85b4c6a87b5b8cba,2019-10-03T11:12:01,['http://dbpedia.org/resource/Poodle'],[]
f2b4f28c45152472b82b231245250bd6bb19349,f574e470db61bae5ebbec60725596fb5,2019-10-03T00:42:07,['http://dbpedia.org/resource/Snapchat'],[]
f2b4f28c45152472b82b231245250bd6bb17345,8dcf6ee201bb77f8400842747edada80,2019-10-02T23:49:19,['http://dbpedia.org/resource/Walmart'],[]
f2b4f28c45152472b82b231245250bd6bb31388,423be99a9d819e59fd68487a1d2fa2e3,2019-10-03T07:23:20,['http://dbpedia.org/resource/Affordable_housing'],[]
f2b4f28c45152472b82b231245250bd6bb1629,753c34b06971a2f79ba477b094d4ec42,2019-10-02T17:30:49,"['http://dbpedia.org/resource/BTS', 'http://dbpedia.org/resource/Castilian_Party']",[]
f2b4f28c45152472b82b231245250bd6bb2456,ff3f3f02b89ea6f20de9e9837f59cd52,2019-10-02T17:52:50,['http://dbpedia.org/resource/BTS'],[]
f2b4f28c45152472b82b231245250bd6bb12756,1da692401c267c52b37b828f88ab719f,2019-10-02T21:58:53,['http://dbpedia.org/resource/Christian_Pulisic'],[]
f2b4f28c45152472b82b231245250bd6bb7051,efdf171d0b3de2cebc75036dcdfbeaf1,2019-10-02T19:38:40,['http://dbpedia.org/resource/Central_Intelligence_Agency'],[]
f2b4f28c45152472b82b231245250bd6bb25071,a55bb5173a8e851775b24d8ada2e873c,2019-10-03T03:47:42,['http://dbpedia.org/resource/Donald_Trump_Jr.'],[]
f2b4f28c45152472b82b231245250bd6bb5898,c0c4b1e73cbc0fd265b322334841016f,2019-10-02T19:09:05,['http://dbpedia.org/resource/Independent_politician'],[]
f2b4f28c45152472b82b231245250bd6bb23839,334f27694578f7368749028dc1ec483a,2019-10-03T03:07:26,['http://dbpedia.org/resource/Racism'],[]
f2b4f28c45152472b82b231245250bd6bb8955,ff45e04d91dfe8faafecce90f8c3bd1c,2019-10-02T20:25:25,['http://dbpedia.org/resource/Twitter'],[]
f2b4f28c45152472b82b231245250bd6bb29453,130b512f94e902ec0fdf122b05becb5e,2019-10-03T06:04:05,['http://dbpedia.org/resource/Digital_transformation'],[]
f2b4f28c45152472b82b231245250bd6bb9458,5e930cd9320f67b07823eb107f27e221,2019-10-02T20:37:26,"['http://dbpedia.org/resource/Defensively_equipped_merchant_ship', 'http://dbpedia.org/resource/Impeachment']",[]
f2b4f28c45152472b82b231245250bd6bb5759,ab68973b2f20d3956554b84dc1e65e1a,2019-10-02T19:07:11,['http://dbpedia.org/resource/American_Broadcasting_Company'],[]
f2b4f28c45152472b82b231245250bd6bb2251,9e6e2ae9c3ae4a03022ecf67de36dcb0,2019-10-02T17:45:58,['http://dbpedia.org/resource/India'],[]
f2b4f28c45152472b82b231245250bd6bb29973,8cd3b637089ed7807163b6aa82b45dff,2019-10-03T06:26:23,['http://dbpedia.org/resource/Epic_Records'],[]
f2b4f28c45152472b82b231245250bd6bb24294,3a7b3d404e7f75b850ac299971aa1a99,2019-10-03T03:21:32,['http://dbpedia.org/resource/Twitter'],[]
f2b4f28c45152472b82b231245250bd6bb8299,cb95d91db5f57db0ecdedbe1aad15165,2019-10-02T20:09:17,"['http://dbpedia.org/resource/Google_Assistant', 'http://dbpedia.org/resource/Hindi']",[]
f2b4f28c45152472b82b231245250bd6bb8195,83bb35c96f38af30d3c709aa99ae4a5b,2019-10-02T20:07:33,['http://dbpedia.org/resource/Nice'],[]
f2b4f28c45152472b82b231245250bd6bb5948,9ccc65478e6fa6f9265548e2d6b1fc35,2019-10-02T19:09:55,['http://dbpedia.org/resource/Midfielder'],[]
f2b4f28c45152472b82b231245250bd6bb29697,a944f1baca247ddeef6d947e99ad3a2c,2019-10-03T06:15:11,['http://dbpedia.org/resource/Catwoman'],[]
f2b4f28c45152472b82b231245250bd6bb33749,4de5232a792287821ca06562cebff522,2019-10-03T09:10:27,['http://dbpedia.org/resource/Twitter'],[]
f2b4f28c45152472b82b231245250bd6bb928,e3b9d38142d9f4cfecd4ecdcc3d3ce84,2019-10-02T17:15:00,['http://dbpedia.org/resource/Twitter'],[]
f2b4f28c45152472b82b231245250bd6bb2105,9c5aaf405111782add1022a7ac561c8c,2019-10-02T17:43:27,['http://dbpedia.org/resource/Nice'],[]
f2b4f28c45152472b82b231245250bd6bb24716,66834ce7f375d9763f95f16393b734b9,2019-10-03T03:33:02,['http://dbpedia.org/resource/Midfielder'],[]
f2b4f28c45152472b82b231245250bd6bb28214,f4f1e0f3ec9c5009d507f2d2df58699a,2019-10-03T05:21:49,['http://dbpedia.org/resource/Nice'],[]
f2b4f28c45152472b82b231245250bd6bb34230,a7bbdfd59d9de6f4c9c573b01ba6d885,2019-10-03T09:28:40,['http://dbpedia.org/resource/Twitter'],[]
f2b4f28c45152472b82b231245250bd6bb21778,01749a28686ba85a9165ceca1dac63de,2019-10-03T01:54:41,['http://dbpedia.org/resource/Social_media'],[]
f2b4f28c45152472b82b231245250bd6bb28017,c6c5b3aecd2b0d3fef2d5838e2bb5d0a,2019-10-03T05:16:01,['http://dbpedia.org/resource/Black_people'],[]
f2b4f28c45152472b82b231245250bd6bb8724,7958162a992b5a4b1336c05a218b050f,2019-10-02T20:19:32,"['http://dbpedia.org/resource/Hulu', 'http://dbpedia.org/resource/Netflix']",[]
f2b4f28c45152472b82b231245250bd6bb10379,c6a7d3b73813984ab8f4bf2c25e10855,2019-10-02T20:57:03,['http://dbpedia.org/resource/Maine'],[]
f2b4f28c45152472b82b231245250bd6bb21434,a81a6fc90bfe834e70ab17bc4587894b,2019-10-03T01:45:28,['http://dbpedia.org/resource/Midfielder'],[]
f2b4f28c45152472b82b231245250bd6bb35445,fb6bacc30ab86dee6e2e62767e72cb06,2019-10-03T10:38:22,['http://dbpedia.org/resource/The_Sydney_Morning_Herald'],[]
f2b4f28c45152472b82b231245250bd6bb24014,8b781f91c561643c145ef1753de38b06,2019-10-03T03:12:40,['http://dbpedia.org/resource/CNN'],[]
f2b4f28c45152472b82b231245250bd6bb28943,2b151e6dc4d325d0798cd4415d2b540a,2019-10-03T05:43:44,['http://dbpedia.org/resource/MSNBC'],[]
f2b4f28c45152472b82b231245250bd6bb12699,feff6957a5b14fdefe7fc7f24273fb54,2019-10-02T21:57:21,['http://dbpedia.org/resource/Literacy'],[]
f2b4f28c45152472b82b231245250bd6bb21416,5f89fe331ac75dc806a3410fbb8f689f,2019-10-03T01:45:01,['http://dbpedia.org/resource/Government_of_Ukraine'],[]
f2b4f28c45152472b82b231245250bd6bb15788,242e94188ca39eaaf45c0f9f53aced98,2019-10-02T23:14:43,['http://dbpedia.org/resource/Apple_Inc.'],[]
f2b4f28c45152472b82b231245250bd6bb17713,bd89f35c07e46449b6a6935bfa74b18f,2019-10-02T23:58:35,['http://dbpedia.org/resource/Adam_Schiff'],[]
f2b4f28c45152472b82b231245250bd6bb14095,7c28dfa7927f9562b8b1325260cc68d0,2019-10-02T22:33:55,['http://dbpedia.org/resource/BET'],[]
f2b4f28c45152472b82b231245250bd6bb17400,b4c0c97a0fea5ab040e79d94da425004,2019-10-02T23:50:44,['http://dbpedia.org/resource/The_Times'],[]
f2b4f28c45152472b82b231245250bd6bb35857,b5b453f620fb476f127c159e44a74f03,2019-10-03T10:58:19,['http://dbpedia.org/resource/Coca-Cola'],[]
f2b4f28c45152472b82b231245250bd6bb29998,9c020e9a4f9a6b6bae0e33270674dca5,2019-10-03T06:27:12,['http://dbpedia.org/resource/Twitter'],[]
f2b4f28c45152472b82b231245250bd6bb9085,42900601d6baa0081cdc529ea66989d7,2019-10-02T20:27:48,['http://dbpedia.org/resource/Twitter'],[]
f2b4f28c45152472b82b231245250bd6bb10903,55ff5a7f15690c76ffece48e615d10e8,2019-10-02T21:09:45,"['http://dbpedia.org/resource/Nicki_Minaj', 'http://dbpedia.org/resource/Twitter']",[]
f2b4f28c45152472b82b231245250bd6bb10829,c3679da758ce5676b292e02473894e39,2019-10-02T21:07:57,['http://dbpedia.org/resource/Social_media'],[]
f2b4f28c45152472b82b231245250bd6bb13406,86c0de5323ecc887b7df129ac64f8ef6,2019-10-02T22:14:39,"['http://dbpedia.org/resource/Camp_Nou', 'http://dbpedia.org/resource/Lionel_Messi']",[]
f2b4f28c45152472b82b231245250bd6bb22233,4c0abf09c5708cf32e281f558c95b46a,2019-10-03T02:09:49,['http://dbpedia.org/resource/English_language'],[]
f2b4f28c45152472b82b231245250bd6bb4318,693fe09d9511c9c807bc11344e96de85,2019-10-02T18:37:17,['http://dbpedia.org/resource/Defensive_tackle'],[]
f2b4f28c45152472b82b231245250bd6bb23434,f38b1d6d341d96c49e379df3b41ac119,2019-10-03T02:55:09,['http://dbpedia.org/resource/YouTube'],[]
f2b4f28c45152472b82b231245250bd6bb17610,7675b67ec52d604ef2de74406faa6561,2019-10-02T23:55:48,['http://dbpedia.org/resource/Business_Insider'],[]
f2b4f28c45152472b82b231245250bd6bb11543,f3175ebfd521264f9f69ec7e67f4c015,2019-10-02T21:25:40,['http://dbpedia.org/resource/Twitter'],[]
f2b4f28c45152472b82b231245250bd6bb12607,0bbb0589f38536b593ecd54c662c5a9a,2019-10-02T21:53:34,"['http://dbpedia.org/resource/Big_Tech', 'http://dbpedia.org/resource/Google']",[]
f2b4f28c45152472b82b231245250bd6bb4091,d8c36bdce69a463c022838f3c988be6f,2019-10-02T18:31:39,['http://dbpedia.org/resource/Beat_It'],[]
f2b4f28c45152472b82b231245250bd6bb31228,b842a6ad9f46594cdbe0ecabba5b1808,2019-10-03T07:13:19,"['http://dbpedia.org/resource/Air_Jordan', 'http://dbpedia.org/resource/Travis_Scott']",[]
f2b4f28c45152472b82b231245250bd6bb19653,318f20ec5769b2123a84710784e2bc37,2019-10-03T00:50:56,['http://dbpedia.org/resource/Qatar'],[]
f2b4f28c45152472b82b231245250bd6bb29886,507e14536cede54645864fc36712ee25,2019-10-03T06:24:43,['http://dbpedia.org/resource/Honda'],[]
f2b4f28c45152472b82b231245250bd6bb29662,7aa61b5fe1c2bb10479d77b3838a6439,2019-10-03T06:12:59,['http://dbpedia.org/resource/Twitter'],[]
f2b4f28c45152472b82b231245250bd6bb9135,aabdc8aa067e70324cf751bf3f369cb6,2019-10-02T20:29:20,['http://dbpedia.org/resource/Thruxton_Circuit'],[]
f2b4f28c45152472b82b231245250bd6bb29877,de8174dbb83a5584732134ad387c139d,2019-10-03T06:24:27,['http://dbpedia.org/resource/YouTube'],[]
f2b4f28c45152472b82b231245250bd6bb23149,0924a246604dc9e128aa58e9792956f4,2019-10-03T02:46:45,['http://dbpedia.org/resource/YouGov'],[]
f2b4f28c45152472b82b231245250bd6bb35206,6929bc19575046e88e69c664e14e0122,2019-10-03T10:27:05,['http://dbpedia.org/resource/Poshmark'],[]
f2b4f28c45152472b82b231245250bd6bb951,812c921707692a669d318e8e7840cf6d,2019-10-02T17:16:38,['http://dbpedia.org/resource/Jamal_Khashoggi'],[]
f2b4f28c45152472b82b231245250bd6bb8740,c7dfde0a714f1783805f4f2e1b8b5b5c,2019-10-02T20:19:47,['http://dbpedia.org/resource/Extinction_Rebellion'],[]
f2b4f28c45152472b82b231245250bd6bb309,da0b827083b7dffb5f0f2495db7c8272,2019-10-02T17:01:46,['http://dbpedia.org/resource/United_States_Marine_Corps'],[]
f2b4f28c45152472b82b231245250bd6bb11294,0d608d430ae6cb3832309907a8e98670,2019-10-02T21:18:55,"['http://dbpedia.org/resource/Antisemitism', 'http://dbpedia.org/resource/Defamation', 'http://dbpedia.org/resource/Israel', 'http://dbpedia.org/resource/Palestinians']",[]
f2b4f28c45152472b82b231245250bd6bb28890,a37cf07bd563ca2cb55f18fa174ab04e,2019-10-03T05:42:35,"['http://dbpedia.org/resource/Teddy_Pendergrass', 'http://dbpedia.org/resource/YouTube']",[]
f2b4f28c45152472b82b231245250bd6bb3669,20a972fa1417be29c8facfd2e51eb94d,2019-10-02T18:18:55,['http://dbpedia.org/resource/Steven_Adams'],[]
f2b4f28c45152472b82b231245250bd6bb6041,98a6d72c1db6afa24cdae5d99726c3e8,2019-10-02T19:12:40,['http://dbpedia.org/resource/Coffee'],[]
f2b4f28c45152472b82b231245250bd6bb29340,2cfd3e15eee28a6b2ab27d32669b734d,2019-10-03T05:59:45,['http://dbpedia.org/resource/CNN'],[]
f2b4f28c45152472b82b231245250bd6bb20054,76b1354f998aea4883cb7b0edde2a371,2019-10-03T01:00:12,['http://dbpedia.org/resource/Twitter'],[]
f2b4f28c45152472b82b231245250bd6bb24095,c3e49b263b2ebc62e43ad16d100ed63a,2019-10-03T03:15:20,['http://dbpedia.org/resource/Adam_Schiff'],[]
f2b4f28c45152472b82b231245250bd6bb2284,f20d39cab755ef7595f6c491ccf37081,2019-10-02T17:47:22,['http://dbpedia.org/resource/Halloween'],[]
f2b4f28c45152472b82b231245250bd6bb566,f55cd159a245828c59451fcb51c80459,2019-10-02T17:07:48,"['http://dbpedia.org/resource/Snapchat', 'http://dbpedia.org/resource/Twitter']",[]
f2b4f28c45152472b82b231245250bd6bb7728,1c769b7c7210a201d5b8ba27e0f7bac1,2019-10-02T19:55:36,"['http://dbpedia.org/resource/Freedom_of_speech', 'http://dbpedia.org/resource/Social_media']",[]
f2b4f28c45152472b82b231245250bd6bb2276,d73c125f2894691557a8b40c9708c829,2019-10-02T17:47:04,['http://dbpedia.org/resource/Nice'],[]
f2b4f28c45152472b82b231245250bd6bb34611,813d921b5003f5254b7551c48f1d8a68,2019-10-03T09:43:41,['http://dbpedia.org/resource/Twitter'],[]
f2b4f28c45152472b82b231245250bd6bb26077,42c5129e415382c57f8c85c81bdeadd5,2019-10-03T04:17:41,['http://dbpedia.org/resource/Seoul'],[]
f2b4f28c45152472b82b231245250bd6bb21451,9c58ee8989ca38efe57e7751c3388904,2019-10-03T01:45:36,"['http://dbpedia.org/resource/American_Broadcasting_Company', 'http://dbpedia.org/resource/President_of_the_United_States']",[]
f2b4f28c45152472b82b231245250bd6bb14540,ee1fb74a8d5a07a805faa2e2f327f27f,2019-10-02T22:46:13,['http://dbpedia.org/resource/Nice'],[]
f2b4f28c45152472b82b231245250bd6bb19422,30d324161d95bcb56acac57413f1f1c1,2019-10-03T00:44:37,"['http://dbpedia.org/resource/American_Broadcasting_Company', 'http://dbpedia.org/resource/Racism']",[]
f2b4f28c45152472b82b231245250bd6bb25719,d654bcba147e06e4163b05f9b0998286,2019-10-03T04:06:48,['http://dbpedia.org/resource/MTV'],[]
f2b4f28c45152472b82b231245250bd6bb17667,1ad5dccdfd48f1e70bc97300fc12d490,2019-10-02T23:57:32,['http://dbpedia.org/resource/Twitter'],[]
f2b4f28c45152472b82b231245250bd6bb29272,3ae72bc4a133c1c8c24c487336da47a0,2019-10-03T05:56:19,['http://dbpedia.org/resource/Dan_Mullen'],[]
f2b4f28c45152472b82b231245250bd6bb5203,4cb4e0ecb69e1b1ac73761dcc57a2492,2019-10-02T18:57:43,['http://dbpedia.org/resource/Twitter'],[]
f2b4f28c45152472b82b231245250bd6bb24638,ebee75e0d019c14b4c108ee343137e6f,2019-10-03T03:30:42,['http://dbpedia.org/resource/Nice'],[]
f2b4f28c45152472b82b231245250bd6bb9682,5dfd5d9ff2aa153cc983ecfd59af0451,2019-10-02T20:41:06,['http://dbpedia.org/resource/Nice'],[]
f2b4f28c45152472b82b231245250bd6bb30704,d9628c8dd337bece7c83a32f13637755,2019-10-03T06:49:32,"['http://dbpedia.org/resource/Midfielder', 'http://dbpedia.org/resource/Twitter']",[]
f2b4f28c45152472b82b231245250bd6bb23557,493c53aa826ab8de24b9b2bf17218313,2019-10-03T02:59:54,['http://dbpedia.org/resource/Oakland_Athletics'],[]
f2b4f28c45152472b82b231245250bd6bb20069,eb89f1a426dc71ffc2f2762586627e62,2019-10-03T01:01:26,['http://dbpedia.org/resource/BET'],[]
f2b4f28c45152472b82b231245250bd6bb32314,612b1088027b3db466dcc1990489c8ac,2019-10-03T08:08:50,['http://dbpedia.org/resource/Facebook'],[]
f2b4f28c45152472b82b231245250bd6bb29678,ef3e46fb82f8e68d2dee7f71e88ada94,2019-10-03T06:13:35,['http://dbpedia.org/resource/YouTube'],[]
f2b4f28c45152472b82b231245250bd6bb26414,6657e99ce7132c9be89357b16e1ac143,2019-10-03T04:26:11,['http://dbpedia.org/resource/Nice'],[]
f2b4f28c45152472b82b231245250bd6bb5372,61f0ae72d0fab6091184a730c07ae565,2019-10-02T19:00:50,['http://dbpedia.org/resource/East_Africa_Time'],[]
f2b4f28c45152472b82b231245250bd6bb1034,6dbe97f961564e8762680db3fa50e619,2019-10-02T17:17:48,"['http://dbpedia.org/resource/IndyCar', 'http://dbpedia.org/resource/NASCAR']",[]
f2b4f28c45152472b82b231245250bd6bb23489,9ed1e208cd1024a008c955bda8f443fe,2019-10-03T02:58:28,['http://dbpedia.org/resource/4K_resolution'],[]
f2b4f28c45152472b82b231245250bd6bb28918,08e75ca71e5751b82df30782323cf97d,2019-10-03T05:43:38,['http://dbpedia.org/resource/Wisconsin'],[]
f2b4f28c45152472b82b231245250bd6bb7385,2e054ac00e6c155b64d3a2f6eb4a6ed7,2019-10-02T19:46:03,['http://dbpedia.org/resource/Illegal_immigration'],[]
f2b4f28c45152472b82b231245250bd6bb20790,001713ed57d73114d4194619eb45f6b0,2019-10-03T01:25:43,['http://dbpedia.org/resource/Association_football'],[]
f2b4f28c45152472b82b231245250bd6bb18091,e0d1e666751e575fd3fccea98dcf2498,2019-10-03T00:07:47,['http://dbpedia.org/resource/Milan'],[]
f2b4f28c45152472b82b231245250bd6bb34035,d98dd64e3dbc6fd8722e200b245a057d,2019-10-03T09:21:18,['http://dbpedia.org/resource/East_Africa_Time'],[]
f2b4f28c45152472b82b231245250bd6bb20147,c69b0320c8c1dac2531d3e8de2bfa3d3,2019-10-03T01:04:14,['http://dbpedia.org/resource/Twitter'],[]
f2b4f28c45152472b82b231245250bd6bb7959,e56ded85815d05ad3d756a333141702c,2019-10-02T20:03:40,['http://dbpedia.org/resource/YouTube'],[]
f2b4f28c45152472b82b231245250bd6bb18884,cc53ad9af9bb3ba7558d8823f7396658,2019-10-03T00:26:54,['http://dbpedia.org/resource/The_Sydney_Morning_Herald'],[]
f2b4f28c45152472b82b231245250bd6bb14558,d92018fdf92141274ed238d01c6b6597,2019-10-02T22:46:34,['http://dbpedia.org/resource/Twitter'],[]
f2b4f28c45152472b82b231245250bd6bb2397,d228f7335fb897ec581d713c2dc203b9,2019-10-02T17:50:45,['http://dbpedia.org/resource/IndyCar'],[]
f2b4f28c45152472b82b231245250bd6bb36409,2975d4929962c12855aa691bc85fe40f,2019-10-03T11:18:14,['http://dbpedia.org/resource/Tyga'],[]
f2b4f28c45152472b82b231245250bd6bb2060,ff5aa110268a4dcae33a8423cd1f537f,2019-10-02T17:42:55,['http://dbpedia.org/resource/CNN'],[]
f2b4f28c45152472b82b231245250bd6bb31609,209ceb43f038f71a77a111fad45a6d45,2019-10-03T07:34:14,['http://dbpedia.org/resource/Twitter'],[]
f2b4f28c45152472b82b231245250bd6bb14458,5c98f3c8cf84629bf7da0bf0a0809f9e,2019-10-02T22:43:50,"['http://dbpedia.org/resource/Joe_Biden', 'http://dbpedia.org/resource/Liz_Cheney']",[]
f2b4f28c45152472b82b231245250bd6bb8284,94ef48a6fb70830b5cd1a06699312699,2019-10-02T20:08:58,['http://dbpedia.org/resource/Midfielder'],[]
f2b4f28c45152472b82b231245250bd6bb18569,2c34b593b1476ceecc18db464cf37db5,2019-10-03T00:18:26,"['http://dbpedia.org/resource/Impeachment', 'http://dbpedia.org/resource/President_of_the_United_States', 'http://dbpedia.org/resource/White_House']",[]
f2b4f28c45152472b82b231245250bd6bb35246,ee7662f879cf1df01a28f4fa3926604d,2019-10-03T10:28:21,['http://dbpedia.org/resource/Castilian_Party'],[]
f2b4f28c45152472b82b231245250bd6bb23327,6b2ad3f92ae5025d7e0dc05a9cc2b287,2019-10-03T02:50:21,['http://dbpedia.org/resource/Nice'],[]
f2b4f28c45152472b82b231245250bd6bb19031,c7d2d2e8087b1661a5b1333963eab275,2019-10-03T00:30:44,['http://dbpedia.org/resource/Chicago'],[]
f2b4f28c45152472b82b231245250bd6bb18381,1e2a90c92eb1bd5a9bc3295148717a7e,2019-10-03T00:14:54,"['http://dbpedia.org/resource/Josh_Hader', 'http://dbpedia.org/resource/Milwaukee_Brewers']",[]
f2b4f28c45152472b82b231245250bd6bb24032,9fb8e064eb61514b73ec090db5353ede,2019-10-03T03:13:04,['http://dbpedia.org/resource/Bernie_Sanders'],[]
f2b4f28c45152472b82b231245250bd6bb10112,21edf59fc57e8db2fc55e1437cbec22b,2019-10-02T20:52:43,"['http://dbpedia.org/resource/Agence_France-Presse', 'http://dbpedia.org/resource/France']",[]
f2b4f28c45152472b82b231245250bd6bb1295,4170c2be12b90e1a4cb58ecdcb1e19d4,2019-10-02T17:24:05,['http://dbpedia.org/resource/White_privilege'],[]
f2b4f28c45152472b82b231245250bd6bb27081,2c78458e83850e94145ab5c78192dd8a,2019-10-03T04:46:17,"['http://dbpedia.org/resource/BTS', 'http://dbpedia.org/resource/Castilian_Party']",[]
f2b4f28c45152472b82b231245250bd6bb26591,a4cf2f30834d037d6a094906cf98f227,2019-10-03T04:31:59,['http://dbpedia.org/resource/Defensively_equipped_merchant_ship'],[]
f2b4f28c45152472b82b231245250bd6bb6107,6a83f2a7a9c137a8cf54f6a4f3ca1170,2019-10-02T19:14:40,['http://dbpedia.org/resource/RedState'],[]
f2b4f28c45152472b82b231245250bd6bb20023,bfb8066685f82affb49a58778b151e06,2019-10-03T00:59:38,['http://dbpedia.org/resource/Honey_bun'],[]
f586ec0303b96485fba9c2c0cfb3c78a2b5937,b9bfb20eac3b0e97ea76e8b67ea52c30,2019-10-03T15:00:40,['http://dbpedia.org/resource/Perth'],[]
f586ec0303b96485fba9c2c0cfb3c78a2b33598,69f42e51a8761b5c0588e2eb63b5a079,2019-10-04T03:26:47,"['http://dbpedia.org/resource/Colorado', 'http://dbpedia.org/resource/Texas']",[]
f586ec0303b96485fba9c2c0cfb3c78a2b33554,08c88727c57ced2a365e7e137a4dba5b,2019-10-04T03:25:54,['http://dbpedia.org/resource/Midfielder'],[]
f586ec0303b96485fba9c2c0cfb3c78a2b31911,feb64592fa2ca8a1ceae992733bf9259,2019-10-04T02:35:15,"['http://dbpedia.org/resource/To_be_announced', 'http://dbpedia.org/resource/Zeus']",[]
f586ec0303b96485fba9c2c0cfb3c78a2b4712,bd2268d060c3b4aa787a073ccf4c723b,2019-10-03T14:26:18,['http://dbpedia.org/resource/BTS'],[]
f586ec0303b96485fba9c2c0cfb3c78a2b21721,0ffddec911410ac069adbc45f3577711,2019-10-03T21:21:43,['http://dbpedia.org/resource/Imma'],[]
f586ec0303b96485fba9c2c0cfb3c78a2b4821,bcdb2773871d664452eac26dd8ffe77d,2019-10-03T14:29:13,"['http://dbpedia.org/resource/BTS', 'http://dbpedia.org/resource/Twitter']",[]
f586ec0303b96485fba9c2c0cfb3c78a2b31875,35050b72fc566d1a1bca78118d6d7489,2019-10-04T02:32:23,['http://dbpedia.org/resource/Midfielder'],[]
f586ec0303b96485fba9c2c0cfb3c78a2b3109,35b0f1e867bdfb0f253add32f7fe8469,2019-10-03T13:36:22,['http://dbpedia.org/resource/Bible'],[]
f586ec0303b96485fba9c2c0cfb3c78a2b397,3a81ab91bb68eaf65abd3fe79fb02572,2019-10-03T11:50:09,"['http://dbpedia.org/resource/ASEAN', 'http://dbpedia.org/resource/FIFA_World_Cup', 'http://dbpedia.org/resource/Thailand']",[]
f586ec0303b96485fba9c2c0cfb3c78a2b6627,51816081a1be6a8e2bc9e8ca3668f43b,2019-10-03T15:18:02,['http://dbpedia.org/resource/RCA_Records'],[]
f586ec0303b96485fba9c2c0cfb3c78a2b20123,d09a545a8cbb71e99baf2f277144d902,2019-10-03T20:43:30,"['http://dbpedia.org/resource/Hunter_Biden', 'http://dbpedia.org/resource/Joe_Biden', 'http://dbpedia.org/resource/Washington_Examiner']",[]
f586ec0303b96485fba9c2c0cfb3c78a2b3167,ca929bbed6842b8a2806c6d1e377e0d5,2019-10-03T13:39:03,"['http://dbpedia.org/resource/Instagram', 'http://dbpedia.org/resource/The_Ellen_DeGeneres_Show']",[]
f586ec0303b96485fba9c2c0cfb3c78a2b17463,1a13c63166e025f0d955626cbe927254,2019-10-03T19:41:15,['http://dbpedia.org/resource/Okie'],[]
f586ec0303b96485fba9c2c0cfb3c78a2b13590,a932e919d8afed8d6b6429ba9dbdef6b,2019-10-03T18:05:18,['http://dbpedia.org/resource/Defensively_equipped_merchant_ship'],[]
f586ec0303b96485fba9c2c0cfb3c78a2b34683,f5e12d1513cb5835f20919949b16383a,2019-10-04T03:56:08,['http://dbpedia.org/resource/Nice'],[]
f586ec0303b96485fba9c2c0cfb3c78a2b24993,f92c7e4ff46014c580a010b568404015,2019-10-03T22:53:04,['http://dbpedia.org/resource/Ole_Miss_Rebels_football'],[]
f586ec0303b96485fba9c2c0cfb3c78a2b7783,8f5b3f5bc74c9e6b376ccb51b745b573,2019-10-03T15:45:46,['http://dbpedia.org/resource/Hunter_Biden'],[]
f586ec0303b96485fba9c2c0cfb3c78a2b13999,0ba27812acea0dc67016680a27815bbc,2019-10-03T18:15:27,['http://dbpedia.org/resource/Panic_attack'],[]
f586ec0303b96485fba9c2c0cfb3c78a2b36121,6c7554e5d712fc4130c0ec40fb73f9aa,2019-10-04T04:37:51,['http://dbpedia.org/resource/Houston'],[]
f586ec0303b96485fba9c2c0cfb3c78a2b9276,4223ad128a1571498409c68833bf26d4,2019-10-03T16:20:06,['http://dbpedia.org/resource/Jungkook'],[]
f586ec0303b96485fba9c2c0cfb3c78a2b25674,d278c351296613f938096c300a66c384,2019-10-03T23:08:29,['http://dbpedia.org/resource/Donald_Trump'],[]
f586ec0303b96485fba9c2c0cfb3c78a2b3380,994c2fa4cbebea0deaf40c707fb07145,2019-10-03T13:46:11,"['http://dbpedia.org/resource/FedExField', 'http://dbpedia.org/resource/National_Football_League']",[]
f586ec0303b96485fba9c2c0cfb3c78a2b26552,518ac60aecc5e6d25d98ca64029c54ea,2019-10-03T23:37:53,['http://dbpedia.org/resource/YouTube'],[]
f586ec0303b96485fba9c2c0cfb3c78a2b29664,02a5c60ce305a43d889632928e59335b,2019-10-04T01:20:43,"['http://dbpedia.org/resource/Four-wheel_drive', 'http://dbpedia.org/resource/Jeep']",[]
f586ec0303b96485fba9c2c0cfb3c78a2b13107,8acf37d6caafd5ae96ea8e1ab6a67267,2019-10-03T17:52:19,['http://dbpedia.org/resource/Catwoman'],[]
f586ec0303b96485fba9c2c0cfb3c78a2b22266,59a1323b6ce48c5266688f5e12111d1a,2019-10-03T21:35:20,['http://dbpedia.org/resource/Atlantic_Coast_Conference'],[]
f586ec0303b96485fba9c2c0cfb3c78a2b30658,a8d3b8e75d5476baf1b92099e324fdb1,2019-10-04T01:54:54,"['http://dbpedia.org/resource/Elizabeth_Warren', 'http://dbpedia.org/resource/Kamala_Harris']",[]
f586ec0303b96485fba9c2c0cfb3c78a2b36015,97b11ffb27432614a6be0cccdb0594dc,2019-10-04T04:34:30,['http://dbpedia.org/resource/Midfielder'],[]
f586ec0303b96485fba9c2c0cfb3c78a2b20553,12d33ed6432809db4263e2ec360bb425,2019-10-03T20:51:46,['http://dbpedia.org/resource/Twitter'],[]
f586ec0303b96485fba9c2c0cfb3c78a2b34303,11ff896e2ec2e57c92b9927464af221f,2019-10-04T03:46:43,"['http://dbpedia.org/resource/Ice_cream', 'http://dbpedia.org/resource/Netflix']",[]
f586ec0303b96485fba9c2c0cfb3c78a2b27528,268c87a04cea3e165925315697a38c34,2019-10-04T00:10:56,['http://dbpedia.org/resource/Castilian_Party'],[]
f586ec0303b96485fba9c2c0cfb3c78a2b27309,a650bbfc679ba2d139f3631fa46cfd85,2019-10-04T00:02:05,['http://dbpedia.org/resource/Ireland'],[]
f586ec0303b96485fba9c2c0cfb3c78a2b26184,fe385be36b080af32084b143b19b4c64,2019-10-03T23:24:38,['http://dbpedia.org/resource/South_Africa'],[]
f586ec0303b96485fba9c2c0cfb3c78a2b27883,0f0bbe742000ca588bdacf7d11eb7d45,2019-10-04T00:21:02,['http://dbpedia.org/resource/No_Doubt'],[]
f586ec0303b96485fba9c2c0cfb3c78a2b5382,9af38fd56153b1a0c3f8b50294ea64c8,2019-10-03T14:48:35,['http://dbpedia.org/resource/Coffee'],[]
f586ec0303b96485fba9c2c0cfb3c78a2b17074,fb40958423f03e6491c7e481d5a677c8,2019-10-03T19:30:50,['http://dbpedia.org/resource/Defamation'],[]
f586ec0303b96485fba9c2c0cfb3c78a2b31489,728c6505d2ce008a559b042f6485c8bb,2019-10-04T02:20:41,['http://dbpedia.org/resource/Midfielder'],[]
f586ec0303b96485fba9c2c0cfb3c78a2b7066,6c88bd1d8445af801c5b9f1dc971744f,2019-10-03T15:27:55,['http://dbpedia.org/resource/Twitter'],[]
f586ec0303b96485fba9c2c0cfb3c78a2b13624,412719a970a7aa162dc94da6f939acc4,2019-10-03T18:05:36,['http://dbpedia.org/resource/Asylum_seeker'],[]
f586ec0303b96485fba9c2c0cfb3c78a2b7568,239f13495c83c4878a62540e3d563af8,2019-10-03T15:39:25,['http://dbpedia.org/resource/Ireland'],[]
f586ec0303b96485fba9c2c0cfb3c78a2b10396,36bda8c1761489bf2dfed7947f09852a,2019-10-03T16:47:25,['http://dbpedia.org/resource/National_Security_Agency'],[]
f586ec0303b96485fba9c2c0cfb3c78a2b16453,3a4aef394d7d7070a1c107733e3a89d2,2019-10-03T19:15:05,"['http://dbpedia.org/resource/BTS', 'http://dbpedia.org/resource/ITunes']",[]
f586ec0303b96485fba9c2c0cfb3c78a2b3062,ab41e8d95ec41263e8d1fdb8efc31aad,2019-10-03T13:34:30,['http://dbpedia.org/resource/BTS'],[]
f586ec0303b96485fba9c2c0cfb3c78a2b12463,c3c43b856e4b2cbd47faa74a6b088779,2019-10-03T17:37:17,['http://dbpedia.org/resource/John_McCain'],[]
f586ec0303b96485fba9c2c0cfb3c78a2b34736,d159c81086cf88bebc23ca577ac553ee,2019-10-04T03:58:25,['http://dbpedia.org/resource/Fox_News'],[]
f586ec0303b96485fba9c2c0cfb3c78a2b28651,d27b75c38d7b2871e3928c9ad73edc32,2019-10-04T00:45:00,['http://dbpedia.org/resource/Impeachment'],[]
f586ec0303b96485fba9c2c0cfb3c78a2b29821,9a753a0f3ef1d77b964ec966227342f1,2019-10-04T01:26:35,['http://dbpedia.org/resource/Cruelty_to_animals'],[]
f586ec0303b96485fba9c2c0cfb3c78a2b20169,7e2bb1b639feceaf46ec24d92758e30c,2019-10-03T20:44:19,['http://dbpedia.org/resource/Courteney_Cox'],[]
f586ec0303b96485fba9c2c0cfb3c78a2b33663,af2bbaabb5851f88863bd35a1231432c,2019-10-04T03:28:18,"['http://dbpedia.org/resource/Internal_Revenue_Service', 'http://dbpedia.org/resource/United_States_Department_of_the_Treasury']",[]
f586ec0303b96485fba9c2c0cfb3c78a2b36620,05485f1bd807300373a8d471b872278d,2019-10-04T04:55:01,['http://dbpedia.org/resource/Shakira'],[]
f586ec0303b96485fba9c2c0cfb3c78a2b7553,b25cb248a1858920d6af1344cdadd942,2019-10-03T15:39:08,['http://dbpedia.org/resource/Nice'],[]
f586ec0303b96485fba9c2c0cfb3c78a2b34826,081258cf4bf66be42992d2cf1194427c,2019-10-04T04:02:45,['http://dbpedia.org/resource/Newark_Liberty_International_Airport'],[]
f586ec0303b96485fba9c2c0cfb3c78a2b31716,9c34e412432728b92f545a621559f951,2019-10-04T02:27:55,"['http://dbpedia.org/resource/Epic_Records', 'http://dbpedia.org/resource/Rick_Perry', 'http://dbpedia.org/resource/Sean_Spicer']",[]
f586ec0303b96485fba9c2c0cfb3c78a2b17830,a5f0ee6ca39a85a71995739a1b4a4196,2019-10-03T19:46:48,['http://dbpedia.org/resource/Halloween'],[]
f586ec0303b96485fba9c2c0cfb3c78a2b21966,4e5684d59e6c136b178b70b30efbfa39,2019-10-03T21:28:45,['http://dbpedia.org/resource/Rihanna'],[]
f586ec0303b96485fba9c2c0cfb3c78a2b617,61e239906a69d01d27e5583a4af5e483,2019-10-03T12:01:34,['http://dbpedia.org/resource/Healthy_diet'],[]
f586ec0303b96485fba9c2c0cfb3c78a2b18496,ab756559b81be7408933822220db4886,2019-10-03T20:02:04,['http://dbpedia.org/resource/Lawyer'],[]
f586ec0303b96485fba9c2c0cfb3c78a2b18119,3fb9240af5ec5d12388feabb0a21b0d5,2019-10-03T19:53:51,"['http://dbpedia.org/resource/Auston_Matthews', 'http://dbpedia.org/resource/Reddit']",[]
f586ec0303b96485fba9c2c0cfb3c78a2b36448,921e64376d17d62c586b7eae3a7d07f5,2019-10-04T04:47:58,['http://dbpedia.org/resource/Impeachment'],[]
f586ec0303b96485fba9c2c0cfb3c78a2b19618,9c5b42c0e99992cd5b0f735e4cc99596,2019-10-03T20:33:00,['http://dbpedia.org/resource/Independent_politician'],[]
f586ec0303b96485fba9c2c0cfb3c78a2b10114,5413c9ea7d40c47a1c794ca666194455,2019-10-03T16:42:31,['http://dbpedia.org/resource/Halloween'],[]
f586ec0303b96485fba9c2c0cfb3c78a2b21644,a71a3fd4a9e9c85b583cffc375440668,2019-10-03T21:20:06,['http://dbpedia.org/resource/Cryptocurrency'],[]
f586ec0303b96485fba9c2c0cfb3c78a2b23078,4ef905bde2044c2de49ab565f967ae11,2019-10-03T22:00:30,"['http://dbpedia.org/resource/Chevrolet', 'http://dbpedia.org/resource/Massage', 'http://dbpedia.org/resource/Tanya_Tucker']",[]
f586ec0303b96485fba9c2c0cfb3c78a2b25682,fbb6d76002b78ced81db4c729cf129c8,2019-10-03T23:08:53,['http://dbpedia.org/resource/Hockey_East'],[]
f586ec0303b96485fba9c2c0cfb3c78a2b12488,9b97d99be752598cb826ec24db2e6510,2019-10-03T17:37:43,['http://dbpedia.org/resource/Deacon'],[]
f586ec0303b96485fba9c2c0cfb3c78a2b11605,51364cd2cc2ea8f119b56829ed801d06,2019-10-03T17:16:39,['http://dbpedia.org/resource/Defensively_equipped_merchant_ship'],[]
f586ec0303b96485fba9c2c0cfb3c78a2b15342,8c1fd6e719915a9c7520ded8ad754530,2019-10-03T18:48:13,"['http://dbpedia.org/resource/European_Commission', 'http://dbpedia.org/resource/Spain']",[]
f586ec0303b96485fba9c2c0cfb3c78a2b4604,693472d6c15d7d7bdd908ddbec3f4bce,2019-10-03T14:23:33,"['http://dbpedia.org/resource/KFC', 'http://dbpedia.org/resource/Twitter']",[]
f586ec0303b96485fba9c2c0cfb3c78a2b4703,0b4c3541ed13458c7e045dacb8dc9222,2019-10-03T14:25:30,['http://dbpedia.org/resource/BET'],[]
f586ec0303b96485fba9c2c0cfb3c78a2b22429,8553420bb4d9c4d17387c66da9093fd9,2019-10-03T21:40:00,['http://dbpedia.org/resource/Nigel_Farage'],[]
f586ec0303b96485fba9c2c0cfb3c78a2b25486,ae591e27fe4b34e528731c99c1296b8a,2019-10-03T23:03:18,['http://dbpedia.org/resource/Tuna'],[]
f586ec0303b96485fba9c2c0cfb3c78a2b10904,e14bd52b7dd1739904351090dc4b818d,2019-10-03T17:00:05,['http://dbpedia.org/resource/Twitter'],[]
f586ec0303b96485fba9c2c0cfb3c78a2b10353,a634dd362a0a59cc28597d541d658e84,2019-10-03T16:47:02,['http://dbpedia.org/resource/Halloween'],[]
f586ec0303b96485fba9c2c0cfb3c78a2b4239,9be12ce5efe7ae039cca809e0d03dfd1,2019-10-03T14:13:41,['http://dbpedia.org/resource/Mississippi'],[]
f586ec0303b96485fba9c2c0cfb3c78a2b28167,45a617da5927d0cb84407415a7eb4d8b,2019-10-04T00:30:32,['http://dbpedia.org/resource/Hockey_East'],[]
f586ec0303b96485fba9c2c0cfb3c78a2b14495,41e38e30d292f992892be4e185cea440,2019-10-03T18:29:29,"['http://dbpedia.org/resource/Donald_Trump', 'http://dbpedia.org/resource/Twitter']",[]
f586ec0303b96485fba9c2c0cfb3c78a2b5465,cc436b7bcf03e93db6cb86eb62fa1afb,2019-10-03T14:50:41,['http://dbpedia.org/resource/Twitter'],[]
f586ec0303b96485fba9c2c0cfb3c78a2b35132,15d6abb89d3715c63e39b47e7d21aa61,2019-10-04T04:12:32,['http://dbpedia.org/resource/Chief_executive_officer'],[]
f586ec0303b96485fba9c2c0cfb3c78a2b28961,75baa36ad48e0deca2dad883910ac04a,2019-10-04T00:55:30,['http://dbpedia.org/resource/Twitter'],[]
f586ec0303b96485fba9c2c0cfb3c78a2b26028,327c0cf04386769ebd6e98b34280121b,2019-10-03T23:20:47,['http://dbpedia.org/resource/Alexander_Hamilton'],[]
f586ec0303b96485fba9c2c0cfb3c78a2b16082,b34555dc77a049cd6028f5258d736174,2019-10-03T19:05:04,['http://dbpedia.org/resource/Twitter'],[]
f586ec0303b96485fba9c2c0cfb3c78a2b34989,66a3a8c2acf593ac85a4ca5db294dee3,2019-10-04T04:05:14,['http://dbpedia.org/resource/Twitter'],[]
f586ec0303b96485fba9c2c0cfb3c78a2b12198,d303b721af443dc5b76cac7d2e3a6177,2019-10-03T17:31:23,['http://dbpedia.org/resource/Impeachment'],[]
f586ec0303b96485fba9c2c0cfb3c78a2b30845,50ddd38d1c0ed019f30f9fa486f847aa,2019-10-04T02:01:00,['http://dbpedia.org/resource/Twitter'],[]
f586ec0303b96485fba9c2c0cfb3c78a2b30626,fe5b590ecd753655e1d2e1beda519329,2019-10-04T01:53:58,['http://dbpedia.org/resource/Coffee'],[]
f586ec0303b96485fba9c2c0cfb3c78a2b15403,582ac68657eb86de11cabc334fc93670,2019-10-03T18:49:12,['http://dbpedia.org/resource/Nice'],[]
f586ec0303b96485fba9c2c0cfb3c78a2b28005,83a49f412098f8afad06b9c778d705a1,2019-10-04T00:26:36,['http://dbpedia.org/resource/Tupac_Shakur'],[]
f586ec0303b96485fba9c2c0cfb3c78a2b3811,e1e53df2cb3d4b3418f34069c25866ef,2019-10-03T14:00:30,['http://dbpedia.org/resource/Working_Families_Party'],[]
f586ec0303b96485fba9c2c0cfb3c78a2b28633,5e7e14604ce0cbae419ec7a7badcad73,2019-10-04T00:43:58,['http://dbpedia.org/resource/KXAS-TV'],[]
f586ec0303b96485fba9c2c0cfb3c78a2b27322,0aad026329cdf74d55415b804949f94b,2019-10-04T00:02:33,['http://dbpedia.org/resource/Pub'],[]
f586ec0303b96485fba9c2c0cfb3c78a2b31444,d9cc4ab9deaeab6231229e71f77bb770,2019-10-04T02:19:12,['http://dbpedia.org/resource/Snapchat'],[]
f586ec0303b96485fba9c2c0cfb3c78a2b29120,82c5cd6db4f13b5a1e41df221b67e74c,2019-10-04T01:03:19,"['http://dbpedia.org/resource/Impeachment', 'http://dbpedia.org/resource/Quid_pro_quo']",[]
f586ec0303b96485fba9c2c0cfb3c78a2b14016,7dc81ab2af6817d19dbe53c04253bdcd,2019-10-03T18:15:53,['http://dbpedia.org/resource/Utah'],[]
f586ec0303b96485fba9c2c0cfb3c78a2b21178,edcc081cdfa1016be0aebe5c95e44ea1,2019-10-03T21:07:54,['http://dbpedia.org/resource/Bachelor_of_Science'],[]
f586ec0303b96485fba9c2c0cfb3c78a2b29371,3c934746f3faad996fd8cf447d5d9dd4,2019-10-04T01:11:46,"['http://dbpedia.org/resource/Imma', 'http://dbpedia.org/resource/The_Sydney_Morning_Herald']",[]
f586ec0303b96485fba9c2c0cfb3c78a2b11731,804c8148a156268e7d3517264648204c,2019-10-03T17:20:05,['http://dbpedia.org/resource/MacBook_Air'],[]
f586ec0303b96485fba9c2c0cfb3c78a2b1679,0742a5f8e3f4ce3da413183d935c7ea2,2019-10-03T12:45:10,['http://dbpedia.org/resource/Samaritans'],[]
f586ec0303b96485fba9c2c0cfb3c78a2b13883,9499b1b6e18a8763191b95341f485db9,2019-10-03T18:12:33,['http://dbpedia.org/resource/Nice'],[]
f586ec0303b96485fba9c2c0cfb3c78a2b35208,9a38b902bfe442ddc3291b5f60b6bbc4,2019-10-04T04:15:39,['http://dbpedia.org/resource/Great_Dane'],[]
f586ec0303b96485fba9c2c0cfb3c78a2b21315,62c6358fbcb2a34f14dd1229745d19cb,2019-10-03T21:11:23,['http://dbpedia.org/resource/Sustainable_energy'],[]
f586ec0303b96485fba9c2c0cfb3c78a2b35974,56fe0640604f95e567bd3d01670cd35f,2019-10-04T04:33:21,['http://dbpedia.org/resource/Microsoft'],[]
f586ec0303b96485fba9c2c0cfb3c78a2b29176,81e7942b636d1ddbb51c80e89959a770,2019-10-04T01:05:30,['http://dbpedia.org/resource/Major_League_Baseball'],[]
f586ec0303b96485fba9c2c0cfb3c78a2b36478,b6db026fb3e0cca6341eaef42c175546,2019-10-04T04:48:37,['http://dbpedia.org/resource/Rihanna'],[]
f586ec0303b96485fba9c2c0cfb3c78a2b8826,7689a0f1894ec59b501a9202fde82dad,2019-10-03T16:10:29,['http://dbpedia.org/resource/Twitter'],[]
f586ec0303b96485fba9c2c0cfb3c78a2b23348,7f71e9e234232e6d0068cd197be9dabb,2019-10-03T22:07:17,['http://dbpedia.org/resource/Pet_peeve'],[]
f586ec0303b96485fba9c2c0cfb3c78a2b7943,623234658456fd19ce852d39e41b48a7,2019-10-03T15:49:11,['http://dbpedia.org/resource/Walgreens'],[]
f586ec0303b96485fba9c2c0cfb3c78a2b35669,f1fa45734805622a2d0128eb062423d5,2019-10-04T04:25:26,['http://dbpedia.org/resource/Madrid'],[]
f586ec0303b96485fba9c2c0cfb3c78a2b34980,9ba5780e005f1ea7abc78374563b76d3,2019-10-04T04:05:13,['http://dbpedia.org/resource/Thomas_Homan'],[]
f586ec0303b96485fba9c2c0cfb3c78a2b30162,04bd9f57aa97267d3777392d4dfd7fe8,2019-10-04T01:41:10,['http://dbpedia.org/resource/Cold_medicine'],[]
f586ec0303b96485fba9c2c0cfb3c78a2b33005,c26b3b41b212aff865a68b16427ac9ca,2019-10-04T03:09:50,['http://dbpedia.org/resource/President_of_the_United_States'],[]
f586ec0303b96485fba9c2c0cfb3c78a2b20308,b2221d6462084e16a02637af07ee596e,2019-10-03T20:47:07,['http://dbpedia.org/resource/Major_League_Baseball_Game_of_the_Week'],[]
f586ec0303b96485fba9c2c0cfb3c78a2b12788,dbab2d492ddce886f05312a144cbc097,2019-10-03T17:44:03,['http://dbpedia.org/resource/Breitbart_News'],[]
f586ec0303b96485fba9c2c0cfb3c78a2b24079,edc22ace641114c117333862d286034e,2019-10-03T22:28:04,['http://dbpedia.org/resource/John_Bolton'],[]
f586ec0303b96485fba9c2c0cfb3c78a2b25991,98f968a12c54b676ae40ad56d1cf4264,2019-10-03T23:19:18,['http://dbpedia.org/resource/Jimmy_Butler'],[]
f586ec0303b96485fba9c2c0cfb3c78a2b36274,685d1400dd3dbc65e685c6349d18d11e,2019-10-04T04:42:12,['http://dbpedia.org/resource/Harlem'],[]
f586ec0303b96485fba9c2c0cfb3c78a2b4847,ff454c339114b3cb11d26d49cabb7eb4,2019-10-03T14:30:00,['http://dbpedia.org/resource/Exhibition_game'],[]
f586ec0303b96485fba9c2c0cfb3c78a2b18298,4b289ad7423932d18b61af4f13ce90fa,2019-10-03T19:58:15,['http://dbpedia.org/resource/Impeachment'],[]
f586ec0303b96485fba9c2c0cfb3c78a2b30796,9893fed3e3607a9a085aba39cacb11d7,2019-10-04T02:00:00,['http://dbpedia.org/resource/LGBT'],[]
f586ec0303b96485fba9c2c0cfb3c78a2b24420,8606a7e797246f17f6d925c67dcd8c54,2019-10-03T22:37:48,['http://dbpedia.org/resource/The_Sydney_Morning_Herald'],[]
f586ec0303b96485fba9c2c0cfb3c78a2b34764,2e2942987efd5b35b60e9fc386d21e37,2019-10-04T03:59:14,['http://dbpedia.org/resource/Islamabad'],[]
f586ec0303b96485fba9c2c0cfb3c78a2b30817,5db98f584e32f85bfde0a2b87854cf04,2019-10-04T02:00:14,['http://dbpedia.org/resource/East_Africa_Time'],[]
f586ec0303b96485fba9c2c0cfb3c78a2b33410,8be279b0a32ec1505e596886d40f67e9,2019-10-04T03:22:20,['http://dbpedia.org/resource/Coffee'],[]
f586ec0303b96485fba9c2c0cfb3c78a2b17888,94ed920d6af62353c4fe25661eabf05f,2019-10-03T19:47:59,['http://dbpedia.org/resource/Twitter'],[]
f586ec0303b96485fba9c2c0cfb3c78a2b28709,0b9f6ecf554376070539ea46bf845f55,2019-10-04T00:47:04,['http://dbpedia.org/resource/Twitter'],[]
f586ec0303b96485fba9c2c0cfb3c78a2b11315,1e4bb8fa52c58cdc12f402faaa8d9332,2019-10-03T17:09:46,"['http://dbpedia.org/resource/Adam_Schiff', 'http://dbpedia.org/resource/Nancy_Pelosi']",[]
f586ec0303b96485fba9c2c0cfb3c78a2b6891,580cc7b3246328f5e274e55430498251,2019-10-03T15:24:29,['http://dbpedia.org/resource/Kurds'],[]
f586ec0303b96485fba9c2c0cfb3c78a2b31987,f81536ec62fc2f6289db30d42bd7d037,2019-10-04T02:36:40,['http://dbpedia.org/resource/Defensively_equipped_merchant_ship'],[]
f586ec0303b96485fba9c2c0cfb3c78a2b30887,8388ce76c5f14ee82a0d06a2d0efc247,2019-10-04T02:02:23,['http://dbpedia.org/resource/Pickled_cucumber'],[]
f586ec0303b96485fba9c2c0cfb3c78a2b22933,03c65a75c7139cfe53317626ff6dab8c,2019-10-03T21:57:21,['http://dbpedia.org/resource/Twitter'],[]
f586ec0303b96485fba9c2c0cfb3c78a2b20907,7eb5ed257470a79755ee477f60bdea6c,2019-10-03T21:00:37,['http://dbpedia.org/resource/YouTube'],[]
f586ec0303b96485fba9c2c0cfb3c78a2b23610,ee86ce6352982810cc61d14589b84971,2019-10-03T22:15:45,['http://dbpedia.org/resource/Disinformation'],[]
f586ec0303b96485fba9c2c0cfb3c78a2b29407,89a31c11e7b2677088d458043964fd7a,2019-10-04T01:12:30,['http://dbpedia.org/resource/Robert_De_Niro'],[]
f586ec0303b96485fba9c2c0cfb3c78a2b22370,6f15386c20dd6d48e68465ea659bd7ea,2019-10-03T21:37:40,"['http://dbpedia.org/resource/Fox_News', 'http://dbpedia.org/resource/Stoke_City_F.C.']",[]
f586ec0303b96485fba9c2c0cfb3c78a2b24755,20b6a39f778b2ef941eeb3efb71f0d42,2019-10-03T22:45:14,['http://dbpedia.org/resource/Multiracial_people'],[]
f586ec0303b96485fba9c2c0cfb3c78a2b3411,3e5d3b53749f340d8339e08270cb3294,2019-10-03T13:47:40,['http://dbpedia.org/resource/Twitter'],[]
f586ec0303b96485fba9c2c0cfb3c78a2b17936,e3850d7c372fcfce977d606aafb0fff9,2019-10-03T19:49:02,['http://dbpedia.org/resource/Fortnite'],[]
f586ec0303b96485fba9c2c0cfb3c78a2b36505,955c7e9a17ec9cb9f543c8a77129038a,2019-10-04T04:50:31,['http://dbpedia.org/resource/Russell_Wilson'],[]
f586ec0303b96485fba9c2c0cfb3c78a2b9852,79515d4a0acb43d0e375c4de8ec36ab2,2019-10-03T16:33:17,['http://dbpedia.org/resource/BTS'],[]
f586ec0303b96485fba9c2c0cfb3c78a2b2800,3f4febcb43ea7cfa0145ba06c28bf49d,2019-10-03T13:23:59,['http://dbpedia.org/resource/DNA'],[]
f586ec0303b96485fba9c2c0cfb3c78a2b1300,6e5a88b78c829853a278adebd566b352,2019-10-03T12:30:16,['http://dbpedia.org/resource/Castilian_Party'],[]
f586ec0303b96485fba9c2c0cfb3c78a2b11466,6609fdaee8997a92b26d8482b34eb18e,2019-10-03T17:13:29,['http://dbpedia.org/resource/Chelsea_F.C.'],[]
f586ec0303b96485fba9c2c0cfb3c78a2b21455,9570e8768c79280102d286f9823b01bc,2019-10-03T21:14:24,['http://dbpedia.org/resource/Soul_music'],[]
f586ec0303b96485fba9c2c0cfb3c78a2b23940,b180efb077533b5f493450c2f3944629,2019-10-03T22:24:59,['http://dbpedia.org/resource/Twitter'],[]
f586ec0303b96485fba9c2c0cfb3c78a2b34027,f57f3bea966f53368e0458b1926c4600,2019-10-04T03:37:46,['http://dbpedia.org/resource/Amazon_Kindle'],[]
f586ec0303b96485fba9c2c0cfb3c78a2b21189,a91d2e7780f7ca668e5f62268bfbdf68,2019-10-03T21:08:29,['http://dbpedia.org/resource/Twitter'],[]
f586ec0303b96485fba9c2c0cfb3c78a2b10859,f4ae8d05aef647929dbbaecb5c5d2afe,2019-10-03T16:59:53,['http://dbpedia.org/resource/Castilian_Party'],[]
f586ec0303b96485fba9c2c0cfb3c78a2b13672,c68e254bb5519a9ba57e0dfa21a00927,2019-10-03T18:07:04,"['http://dbpedia.org/resource/CNN', 'http://dbpedia.org/resource/Devin_Nunes']",[]
f586ec0303b96485fba9c2c0cfb3c78a2b27607,3bb4ab3bd230662077f84c9eb336d6cb,2019-10-04T00:13:58,['http://dbpedia.org/resource/Bloomberg_L.P.'],[]
f586ec0303b96485fba9c2c0cfb3c78a2b16516,76248197012079f1caf6e7709a3351b4,2019-10-03T19:16:44,['http://dbpedia.org/resource/Halloween'],[]
f586ec0303b96485fba9c2c0cfb3c78a2b31404,5fdce05694b60555df36e20eee8d109a,2019-10-04T02:18:13,['http://dbpedia.org/resource/Fox_News'],[]
f586ec0303b96485fba9c2c0cfb3c78a2b9500,9b88497be9ebdf0413fec709c11e0339,2019-10-03T16:25:34,['http://dbpedia.org/resource/Texas'],[]
f586ec0303b96485fba9c2c0cfb3c78a2b15173,4998de5680d94a062deb8fb70c28e30e,2019-10-03T18:43:34,['http://dbpedia.org/resource/Campervan'],[]
f586ec0303b96485fba9c2c0cfb3c78a2b28063,0d1741c3194cf884357f91bfcdbc6114,2019-10-04T00:27:57,['http://dbpedia.org/resource/Impeachment'],[]
f586ec0303b96485fba9c2c0cfb3c78a2b33713,f74e389389f35b418ce0fe7cb5377ea0,2019-10-04T03:29:27,['http://dbpedia.org/resource/Foreign_policy_of_the_United_States'],[]
f586ec0303b96485fba9c2c0cfb3c78a2b17913,36a2620af0f98cbe89be82395fb37fa9,2019-10-03T19:48:46,['http://dbpedia.org/resource/Manchester_United_F.C.'],[]
f586ec0303b96485fba9c2c0cfb3c78a2b16713,03f8afe70f285e53ed5e8190e7216315,2019-10-03T19:24:11,['http://dbpedia.org/resource/GoFundMe'],[]
f586ec0303b96485fba9c2c0cfb3c78a2b13508,d367cde5840d1ff3813a093d1a89fcdd,2019-10-03T18:02:39,['http://dbpedia.org/resource/Twitter'],[]
f586ec0303b96485fba9c2c0cfb3c78a2b24534,ebef78be58d7ce2f1b7e1e242513a6de,2019-10-03T22:40:42,['http://dbpedia.org/resource/President_of_Ukraine'],[]
f586ec0303b96485fba9c2c0cfb3c78a2b17025,376a4d9645025cc1e025b4ff7e44f6af,2019-10-03T19:30:09,['http://dbpedia.org/resource/Non-governmental_organization'],[]
f586ec0303b96485fba9c2c0cfb3c78a2b7618,3d2fc418b7403b17e035fe8c4b120457,2019-10-03T15:41:35,['http://dbpedia.org/resource/Death_Stranding'],[]
f586ec0303b96485fba9c2c0cfb3c78a2b19775,ee6c2b877649a8d725fbec422fa2a7b5,2019-10-03T20:36:15,['http://dbpedia.org/resource/Manchester_United_F.C.'],[]
f586ec0303b96485fba9c2c0cfb3c78a2b3653,085c8d0e14d332647f47bd5552e1c24c,2019-10-03T13:54:47,"['http://dbpedia.org/resource/BET', 'http://dbpedia.org/resource/MSNBC']",[]
f586ec0303b96485fba9c2c0cfb3c78a2b5373,28778d4bf2b66ae8ddfb757b69054dc5,2019-10-03T14:48:32,['http://dbpedia.org/resource/Grilled_cheese'],[]
f586ec0303b96485fba9c2c0cfb3c78a2b34138,8c7f2b8872218723d1b2a3e6d5d85007,2019-10-04T03:41:04,['http://dbpedia.org/resource/Somalia'],[]
f586ec0303b96485fba9c2c0cfb3c78a2b12330,3e4a0cd49b17da02883eb801854b760c,2019-10-03T17:34:44,['http://dbpedia.org/resource/Facebook'],[]
f586ec0303b96485fba9c2c0cfb3c78a2b34817,558371b0e5b50c4e76d72e6e39844c37,2019-10-04T04:02:03,"['http://dbpedia.org/resource/Association_football', 'http://dbpedia.org/resource/Nice']",[]
f586ec0303b96485fba9c2c0cfb3c78a2b34355,c7bb2504a8cb3d4bd03bbc5f314139b4,2019-10-04T03:47:46,['http://dbpedia.org/resource/Kamala_Harris'],[]
f586ec0303b96485fba9c2c0cfb3c78a2b23002,b09a46cc46d9bff2dc1229c7805f6345,2019-10-03T21:59:22,"['http://dbpedia.org/resource/Bob_Iger', 'http://dbpedia.org/resource/The_Mickey_Mouse_Club']",[]
f586ec0303b96485fba9c2c0cfb3c78a2b34972,22c6034868406e564ec3581636b62742,2019-10-04T04:04:57,['http://dbpedia.org/resource/Midfielder'],[]
f586ec0303b96485fba9c2c0cfb3c78a2b4266,c0de0f8514f911b5137c762a93b4381e,2019-10-03T14:13:55,"['http://dbpedia.org/resource/BTS', 'http://dbpedia.org/resource/Midfielder']",[]
f586ec0303b96485fba9c2c0cfb3c78a2b22661,f5d7e2532cc9ad16bc2a41222d76f269,2019-10-03T21:48:06,['http://dbpedia.org/resource/European_Union'],[]
f586ec0303b96485fba9c2c0cfb3c78a2b10364,575ab380f5d1d9f88e2b0f9a10e30972,2019-10-03T16:47:07,['http://dbpedia.org/resource/The_Sydney_Morning_Herald'],[]
f586ec0303b96485fba9c2c0cfb3c78a2b35396,730eb71af00d61dadeb1030e47e26099,2019-10-04T04:20:11,['http://dbpedia.org/resource/Clay_Matthews_III'],[]
f586ec0303b96485fba9c2c0cfb3c78a2b13346,c430617cacd7a4f9c6d571ca9e8b50dd,2019-10-03T17:57:39,['http://dbpedia.org/resource/Racism'],[]
f586ec0303b96485fba9c2c0cfb3c78a2b25325,285aaf2b31b4de5be64a1224970a5c62,2019-10-03T22:59:33,['http://dbpedia.org/resource/Bidens'],[]
f586ec0303b96485fba9c2c0cfb3c78a2b31160,bfaf5949417635d95f75a81df7ca9527,2019-10-04T02:13:02,['http://dbpedia.org/resource/Illegal_immigration'],[]
f586ec0303b96485fba9c2c0cfb3c78a2b30126,52341e4b431d09fbace3670aab0a5abb,2019-10-04T01:39:30,['http://dbpedia.org/resource/Impeachment'],[]
f586ec0303b96485fba9c2c0cfb3c78a2b34288,287363b9546b3442460f29555713b717,2019-10-04T03:46:23,['http://dbpedia.org/resource/Jesus'],[]
f586ec0303b96485fba9c2c0cfb3c78a2b12444,ff7aeb1df4c6d9ef94183ac9a1d7556c,2019-10-03T17:37:10,['http://dbpedia.org/resource/Iowa'],[]
f586ec0303b96485fba9c2c0cfb3c78a2b22634,e7f32993858b755e780f278de99facee,2019-10-03T21:47:16,"['http://dbpedia.org/resource/DVD', 'http://dbpedia.org/resource/Twitter']",[]
f586ec0303b96485fba9c2c0cfb3c78a2b2974,82393fdd590c11b2f5358ce56596bc78,2019-10-03T13:32:25,['http://dbpedia.org/resource/Racism'],[]
f586ec0303b96485fba9c2c0cfb3c78a2b22353,2f34e7e01cea7fdeef9f72360089320b,2019-10-03T21:37:09,['http://dbpedia.org/resource/Hunter_Biden'],[]
f586ec0303b96485fba9c2c0cfb3c78a2b799,9ed1f166193eb63855890f33b437ee16,2019-10-03T12:10:32,['http://dbpedia.org/resource/Nice'],[]
f586ec0303b96485fba9c2c0cfb3c78a2b1893,b43e5210d9223a8e43eb53c8e8ffc272,2019-10-03T12:52:13,['http://dbpedia.org/resource/Jerome_Corsi'],[]
f586ec0303b96485fba9c2c0cfb3c78a2b27368,9c708aaba08c89cc5ab76b89c8fce477,2019-10-04T00:04:15,['http://dbpedia.org/resource/Elizabeth_Warren'],[]
f586ec0303b96485fba9c2c0cfb3c78a2b15588,3530404d9a6d0576f6778d20bc764003,2019-10-03T18:53:12,['http://dbpedia.org/resource/Batman'],[]
f586ec0303b96485fba9c2c0cfb3c78a2b14324,04c2153ce32264cec4e6f3c7eb9ef2b0,2019-10-03T18:24:30,['http://dbpedia.org/resource/Coming_out'],[]
f586ec0303b96485fba9c2c0cfb3c78a2b23654,add1e20b8430ef4e6ad8855f7472b288,2019-10-03T22:16:44,['http://dbpedia.org/resource/Nice'],[]
f586ec0303b96485fba9c2c0cfb3c78a2b4636,24dd402887c496285e3b5e2e01a98e2a,2019-10-03T14:24:33,['http://dbpedia.org/resource/NFC_West'],[]
f586ec0303b96485fba9c2c0cfb3c78a2b12077,d33d5c852a7151fa545dc4585e80f9b1,2019-10-03T17:28:16,['http://dbpedia.org/resource/Independent_politician'],[]
f586ec0303b96485fba9c2c0cfb3c78a2b4221,9b697d011ab69c292086a34bbb8b1efc,2019-10-03T14:12:20,['http://dbpedia.org/resource/Midfielder'],[]
f586ec0303b96485fba9c2c0cfb3c78a2b27238,b58d9de52cc4e1dc2fc9f30793894d3c,2019-10-04T00:00:44,['http://dbpedia.org/resource/Foreign_Service_Officer'],[]
f586ec0303b96485fba9c2c0cfb3c78a2b21775,dea5bd061dc0dae81fc9b9782e5dba75,2019-10-03T21:23:38,['http://dbpedia.org/resource/Siri'],[]
f586ec0303b96485fba9c2c0cfb3c78a2b10153,ccfe9bd80adc84202069aa79a9621ce9,2019-10-03T16:43:08,['http://dbpedia.org/resource/YouTube'],[]
f586ec0303b96485fba9c2c0cfb3c78a2b6697,71487cb9c5c52c60cd89d94655da1f0e,2019-10-03T15:19:54,['http://dbpedia.org/resource/India'],[]
f586ec0303b96485fba9c2c0cfb3c78a2b16090,4af7a375531ea03331f0116300009e1d,2019-10-03T19:05:15,['http://dbpedia.org/resource/Shake_Shack'],[]
f586ec0303b96485fba9c2c0cfb3c78a2b3991,4e0cfac6679563152b1e310d638cb03f,2019-10-03T14:07:56,['http://dbpedia.org/resource/Indianapolis_500'],[]
f586ec0303b96485fba9c2c0cfb3c78a2b10546,e142a28c8bc6c498088504927dc4d898,2019-10-03T16:50:51,['http://dbpedia.org/resource/Hunter_Biden'],[]
f586ec0303b96485fba9c2c0cfb3c78a2b32292,6e6567d80db4984c5d1ec08c4b7235f9,2019-10-04T02:46:03,['http://dbpedia.org/resource/Association_football'],[]
f586ec0303b96485fba9c2c0cfb3c78a2b26717,177b3c21016b57e625ebabd871679eb5,2019-10-03T23:45:08,['http://dbpedia.org/resource/Justin_Trudeau'],[]
f586ec0303b96485fba9c2c0cfb3c78a2b8254,0603631bd218234be3055f812de884cb,2019-10-03T15:55:18,['http://dbpedia.org/resource/Uber'],[]
f586ec0303b96485fba9c2c0cfb3c78a2b24933,a1a143ab1d96e03908a2633c61c7e62c,2019-10-03T22:50:38,['http://dbpedia.org/resource/Public_health'],[]
f586ec0303b96485fba9c2c0cfb3c78a2b5272,839354b896ba03cf6d4fb655ec3af2fc,2019-10-03T14:47:02,['http://dbpedia.org/resource/WXIN'],[]
f586ec0303b96485fba9c2c0cfb3c78a2b17472,767da8d538a91deea18ad4ef89b14a7a,2019-10-03T19:41:33,['http://dbpedia.org/resource/President_of_the_United_States'],[]
f586ec0303b96485fba9c2c0cfb3c78a2b28921,39e9df00d2f25a1b4552b452a89ff0c5,2019-10-04T00:54:28,['http://dbpedia.org/resource/Houston'],[]
f586ec0303b96485fba9c2c0cfb3c78a2b9949,e2a7133fb9dac9c4b8be6bdd0b5ce692,2019-10-03T16:35:56,['http://dbpedia.org/resource/Bachelor_of_Science'],[]
f586ec0303b96485fba9c2c0cfb3c78a2b15218,f4d25e6e15e8b1faa408307c8974631c,2019-10-03T18:45:21,['http://dbpedia.org/resource/WordPress'],[]
f586ec0303b96485fba9c2c0cfb3c78a2b17144,ddc24c246a0e9cbcf82773e7af324c09,2019-10-03T19:31:50,['http://dbpedia.org/resource/Practice_squad'],[]
f586ec0303b96485fba9c2c0cfb3c78a2b12225,965652ebbb6f6b0e5db9d3c4a35b9129,2019-10-03T17:31:26,['http://dbpedia.org/resource/Imma'],[]
f586ec0303b96485fba9c2c0cfb3c78a2b16416,92f7d2e80585d73ab119cd413c5250f5,2019-10-03T19:14:53,['http://dbpedia.org/resource/CNN'],[]
f586ec0303b96485fba9c2c0cfb3c78a2b31956,9c240e1201bd2c168fe06a779f6ad32d,2019-10-04T02:36:06,['http://dbpedia.org/resource/Will_Smith'],[]
f586ec0303b96485fba9c2c0cfb3c78a2b10203,9ea47d0cf0be953277ebaface9585af1,2019-10-03T16:44:33,['http://dbpedia.org/resource/Stoke_City_F.C.'],[]
f586ec0303b96485fba9c2c0cfb3c78a2b9790,bab03549e4642fe050cf86caa33ac72d,2019-10-03T16:32:10,['http://dbpedia.org/resource/President_of_the_United_States'],[]
f586ec0303b96485fba9c2c0cfb3c78a2b20525,ba88be5d052cea3470097292fe90ffdb,2019-10-03T20:51:30,['http://dbpedia.org/resource/Microsoft'],[]
f586ec0303b96485fba9c2c0cfb3c78a2b28493,e2d1b456238351e1bca707ef917a1c61,2019-10-04T00:40:09,['http://dbpedia.org/resource/Florence'],[]
f586ec0303b96485fba9c2c0cfb3c78a2b15576,0a646e34fa8d1ccfb4338ef5983145e0,2019-10-03T18:53:06,"['http://dbpedia.org/resource/Clovis_West_High_School', 'http://dbpedia.org/resource/Quarterback', 'http://dbpedia.org/resource/Student_athlete']",[]
f586ec0303b96485fba9c2c0cfb3c78a2b265,c98d4a6a7ec138bbac4a853383bf8fab,2019-10-03T11:42:26,"['http://dbpedia.org/resource/BTS', 'http://dbpedia.org/resource/Castilian_Party']",[]
f586ec0303b96485fba9c2c0cfb3c78a2b30879,d7b38e8e9e75a1b96330c754283bc1df,2019-10-04T02:01:55,['http://dbpedia.org/resource/Twitter'],[]
f586ec0303b96485fba9c2c0cfb3c78a2b782,21b118a65145199683602d8cbb8b4440,2019-10-03T12:08:32,['http://dbpedia.org/resource/Tropical_savanna_climate'],[]
f586ec0303b96485fba9c2c0cfb3c78a2b15900,a8e72077cd8e783dcf4290132d0b9916,2019-10-03T19:00:01,['http://dbpedia.org/resource/Lincoln_Aviator'],[]
f586ec0303b96485fba9c2c0cfb3c78a2b649,76010d70681a7fda9bd3bfc1270b6db0,2019-10-03T12:04:00,['http://dbpedia.org/resource/BET'],[]
f586ec0303b96485fba9c2c0cfb3c78a2b34747,797462bf3489907d51e7bcfa829ab9ce,2019-10-04T03:58:28,"['http://dbpedia.org/resource/BET', 'http://dbpedia.org/resource/Blake_Bortles']",[]
f586ec0303b96485fba9c2c0cfb3c78a2b33269,0540a1c2036375c05d3aadd16b8bd19e,2019-10-04T03:19:05,['http://dbpedia.org/resource/Defensively_equipped_merchant_ship'],[]
f586ec0303b96485fba9c2c0cfb3c78a2b14764,1528c9f2b2fe1248637caa768f6707e0,2019-10-03T18:35:30,['http://dbpedia.org/resource/Facial_recognition_system'],[]
f586ec0303b96485fba9c2c0cfb3c78a2b9205,2f4c969881dedf9c281d40d74f73fd16,2019-10-03T16:19:14,"['http://dbpedia.org/resource/Fortnite', 'http://dbpedia.org/resource/PlayStation_4']",[]
f586ec0303b96485fba9c2c0cfb3c78a2b677,bbc9cda71ed507742b5b3ba4da58acac,2019-10-03T12:04:51,['http://dbpedia.org/resource/PepsiCo'],[]
f586ec0303b96485fba9c2c0cfb3c78a2b33220,2d7cd9f096dbd3693d84400d3de7e642,2019-10-04T03:17:24,['http://dbpedia.org/resource/Zayn_Malik'],[]
f586ec0303b96485fba9c2c0cfb3c78a2b1476,50a9ecc3ac53e3952bef20d3889608da,2019-10-03T12:39:19,['http://dbpedia.org/resource/Ohio'],[]
f586ec0303b96485fba9c2c0cfb3c78a2b21377,a4849ec3d46b761d9b2655595856f95e,2019-10-03T21:12:54,['http://dbpedia.org/resource/2017_Las_Vegas_shooting'],[]
f586ec0303b96485fba9c2c0cfb3c78a2b22651,719542fb82e5614b7919fcb2a2dd664b,2019-10-03T21:47:48,['http://dbpedia.org/resource/Twitter'],[]
f586ec0303b96485fba9c2c0cfb3c78a2b6883,4158d90c6a7567532470ffe19e7d9e92,2019-10-03T15:24:04,['http://dbpedia.org/resource/Weather_forecasting'],[]
f586ec0303b96485fba9c2c0cfb3c78a2b21469,cbaab4dfea7e6dbff5ad0ca2eee6a80b,2019-10-03T21:14:40,['http://dbpedia.org/resource/Arsenal_F.C.'],[]
f586ec0303b96485fba9c2c0cfb3c78a2b2633,1d30e6c0f32a5d62a63a7308329fac5b,2019-10-03T13:17:11,['http://dbpedia.org/resource/Riddler'],[]
f586ec0303b96485fba9c2c0cfb3c78a2b24107,a4dfdc5280db720e8fe43b3bcbe26871,2019-10-03T22:29:31,['http://dbpedia.org/resource/Academy_Award_for_Best_Picture'],[]
f586ec0303b96485fba9c2c0cfb3c78a2b35457,2ce533caaea6e44e9b24e32b7e5dacb6,2019-10-04T04:21:35,['http://dbpedia.org/resource/Association_football'],[]
f586ec0303b96485fba9c2c0cfb3c78a2b18614,97f3eee51b87a664596046fe53eecd89,2019-10-03T20:04:15,['http://dbpedia.org/resource/YouTuber'],[]
f586ec0303b96485fba9c2c0cfb3c78a2b36586,ab267da0762c515583f6bd08fe619d2f,2019-10-04T04:53:42,['http://dbpedia.org/resource/Twitter'],[]
f586ec0303b96485fba9c2c0cfb3c78a2b26776,ba43292281c2e69b3855f1dcc8591867,2019-10-03T23:47:33,['http://dbpedia.org/resource/Happy_Days'],[]
f586ec0303b96485fba9c2c0cfb3c78a2b26257,c790ea2281c6fc20b9cea500645a27fd,2019-10-03T23:27:19,['http://dbpedia.org/resource/Castilian_Party'],[]
f586ec0303b96485fba9c2c0cfb3c78a2b15766,79eb137650e72829b03a61e7d36e3ee1,2019-10-03T18:57:33,"['http://dbpedia.org/resource/DNA', 'http://dbpedia.org/resource/National_Institutes_of_Health']",[]
f586ec0303b96485fba9c2c0cfb3c78a2b35116,47f864a4493b3864bc414cff7c8f4691,2019-10-04T04:12:02,['http://dbpedia.org/resource/Wizarding_World'],[]
f586ec0303b96485fba9c2c0cfb3c78a2b33497,05f4c6ca5e8b982cde7efbebc86a2ff8,2019-10-04T03:24:44,['http://dbpedia.org/resource/Intelligence_quotient'],[]
f586ec0303b96485fba9c2c0cfb3c78a2b4532,dc63c486255adbe77b35b6cbfc3a91d1,2019-10-03T14:20:21,['http://dbpedia.org/resource/Armani'],[]
f586ec0303b96485fba9c2c0cfb3c78a2b8626,ab08d2576bc9b4f0ff8a5b916e9277d7,2019-10-03T16:04:21,['http://dbpedia.org/resource/Twitter'],[]
f586ec0303b96485fba9c2c0cfb3c78a2b30949,1de62a9e254c4171040e7cc5cc9df2c6,2019-10-04T02:05:33,['http://dbpedia.org/resource/Walmart'],[]
f586ec0303b96485fba9c2c0cfb3c78a2b30926,019f14a6f2ce6e577ddaadd3d4bc35f6,2019-10-04T02:04:28,['http://dbpedia.org/resource/Adam_Schiff'],[]
f586ec0303b96485fba9c2c0cfb3c78a2b30409,7d1a08beaa26587181cb79720a937d3d,2019-10-04T01:47:44,['http://dbpedia.org/resource/Kelly_Clarkson'],[]
f586ec0303b96485fba9c2c0cfb3c78a2b32566,f8dc6e8ed174e5bb56112829b8ec513b,2019-10-04T02:54:12,"['http://dbpedia.org/resource/BTS', 'http://dbpedia.org/resource/Becky_G']",[]
f586ec0303b96485fba9c2c0cfb3c78a2b23310,2f62ed4abe5bcc2a39b64ce7383b3873,2019-10-03T22:05:57,['http://dbpedia.org/resource/Jonathan_Isaac'],[]
f586ec0303b96485fba9c2c0cfb3c78a2b5418,04c142abe418d174f20f0fe91c4e1294,2019-10-03T14:48:54,['http://dbpedia.org/resource/Portugal'],[]
f586ec0303b96485fba9c2c0cfb3c78a2b591,1fd81c03559770e8f2fc30f822c2d518,2019-10-03T12:01:06,['http://dbpedia.org/resource/Rock_music'],[]
f586ec0303b96485fba9c2c0cfb3c78a2b1065,2edce157db669831d3064785a32b5297,2019-10-03T12:22:39,['http://dbpedia.org/resource/BTS'],[]
f586ec0303b96485fba9c2c0cfb3c78a2b19091,d3165bcc74b9ca1d355de59cd327bb92,2019-10-03T20:19:16,['http://dbpedia.org/resource/Baltimore'],[]
f586ec0303b96485fba9c2c0cfb3c78a2b30009,0f71341a050718d7c522690868cadeb0,2019-10-04T01:34:56,"['http://dbpedia.org/resource/Elizabeth_Warren', 'http://dbpedia.org/resource/Rolling_Stone']",[]
f586ec0303b96485fba9c2c0cfb3c78a2b24557,b1284a7d608324afa824cede805e2d2b,2019-10-03T22:41:04,['http://dbpedia.org/resource/Twitter'],[]
f586ec0303b96485fba9c2c0cfb3c78a2b16392,62820bde97dd568ad54e07ba402ef310,2019-10-03T19:13:16,['http://dbpedia.org/resource/Thanksgiving'],[]
f586ec0303b96485fba9c2c0cfb3c78a2b19308,06815daf0f1ea9abbfaaa43870a2bfd8,2019-10-03T20:24:53,['http://dbpedia.org/resource/Single-sex_education'],[]
f586ec0303b96485fba9c2c0cfb3c78a2b18822,539c6a34a6732b10423b9d5ec6bc079f,2019-10-03T20:09:56,['http://dbpedia.org/resource/Midfielder'],[]
f586ec0303b96485fba9c2c0cfb3c78a2b6804,32c602a79bf7ba134a74be1744acc7a1,2019-10-03T15:22:19,['http://dbpedia.org/resource/Midfielder'],[]
f586ec0303b96485fba9c2c0cfb3c78a2b14332,5051e19d82559209fed79168f65a2239,2019-10-03T18:24:34,['http://dbpedia.org/resource/Poshmark'],[]
f586ec0303b96485fba9c2c0cfb3c78a2b24057,51e84da1b5f4e8b4d139e322173d3890,2019-10-03T22:27:37,['http://dbpedia.org/resource/Islamabad'],[]
f586ec0303b96485fba9c2c0cfb3c78a2b7845,603070025c6052b00a930dad4c114f52,2019-10-03T15:46:40,['http://dbpedia.org/resource/Twitter'],[]
f586ec0303b96485fba9c2c0cfb3c78a2b1015,e0b790147b17109e74dbb84e8c993b27,2019-10-03T12:20:48,['http://dbpedia.org/resource/President_of_the_United_States'],[]
f586ec0303b96485fba9c2c0cfb3c78a2b34704,e12d18629beaaf3dac992ee17d74b2be,2019-10-04T03:56:35,['http://dbpedia.org/resource/Cooper_Kupp'],[]
f586ec0303b96485fba9c2c0cfb3c78a2b16145,7774ec96ce836b183e9ca6161360c899,2019-10-03T19:08:11,['http://dbpedia.org/resource/President_of_the_United_States'],[]
f586ec0303b96485fba9c2c0cfb3c78a2b18185,09ef5b5efbeda28b9d66259f2273f19f,2019-10-03T19:56:09,['http://dbpedia.org/resource/English_language'],[]
f586ec0303b96485fba9c2c0cfb3c78a2b13634,f513384fb58c5dd3beb695df621073b0,2019-10-03T18:05:41,['http://dbpedia.org/resource/Politico'],[]
f586ec0303b96485fba9c2c0cfb3c78a2b30299,873cf57329bb231976bd396b27624663,2019-10-04T01:44:25,['http://dbpedia.org/resource/The_Sydney_Morning_Herald'],[]
f586ec0303b96485fba9c2c0cfb3c78a2b9716,cd553f89224c09c42fbec6b8ccf25227,2019-10-03T16:30:26,['http://dbpedia.org/resource/Paris'],[]
f586ec0303b96485fba9c2c0cfb3c78a2b12480,8d4ed190a298983fc721bddf7a3392bc,2019-10-03T17:37:41,['http://dbpedia.org/resource/Racism'],[]
f586ec0303b96485fba9c2c0cfb3c78a2b8050,63e3255b272161c9ad2134b15d5b798c,2019-10-03T15:50:39,['http://dbpedia.org/resource/AirPods'],[]
f586ec0303b96485fba9c2c0cfb3c78a2b24493,ddd631f342c7a60c216a025653aff59c,2019-10-03T22:40:14,['http://dbpedia.org/resource/World_War_I'],[]
f586ec0303b96485fba9c2c0cfb3c78a2b31480,7afd385f8e2f1d745944ae0b18fd2af4,2019-10-04T02:20:32,"['http://dbpedia.org/resource/The_Beatles', 'http://dbpedia.org/resource/Twitter']",[]
f586ec0303b96485fba9c2c0cfb3c78a2b28207,ff63d3af81f254a4cacc59c39361253f,2019-10-04T00:31:47,['http://dbpedia.org/resource/Tupac_Shakur'],[]
f586ec0303b96485fba9c2c0cfb3c78a2b23463,c84b00f2c36cb6ff2e06db6056703bb1,2019-10-03T22:10:17,['http://dbpedia.org/resource/Facebook'],[]
f586ec0303b96485fba9c2c0cfb3c78a2b225,4f013288bd9d0abeb3d74b3883fb8adf,2019-10-03T11:41:08,['http://dbpedia.org/resource/Midfielder'],[]
f586ec0303b96485fba9c2c0cfb3c78a2b14945,f511710be22cafa99d86dfe232b64442,2019-10-03T18:39:20,['http://dbpedia.org/resource/SportsCenter'],[]
f586ec0303b96485fba9c2c0cfb3c78a2b10178,c8f281aa64bcd6d8e6f14074378fc09c,2019-10-03T16:43:57,['http://dbpedia.org/resource/The_Arizona_Republic'],[]
f586ec0303b96485fba9c2c0cfb3c78a2b27402,26f6f24a5016d3bff022bb527e84675e,2019-10-04T00:05:23,['http://dbpedia.org/resource/Politico'],[]
f586ec0303b96485fba9c2c0cfb3c78a2b19278,2e718bdd7825cada9b1bb6e9f84e40be,2019-10-03T20:23:40,['http://dbpedia.org/resource/The_Sydney_Morning_Herald'],[]
f586ec0303b96485fba9c2c0cfb3c78a2b30057,28c8c5a6f1bc781d11bb704019e1c8b1,2019-10-04T01:35:50,['http://dbpedia.org/resource/Donald_Trump'],[]
f586ec0303b96485fba9c2c0cfb3c78a2b22565,033d8cc235259cda0cdef4f5844a478f,2019-10-03T21:44:15,['http://dbpedia.org/resource/Millennials'],[]
f586ec0303b96485fba9c2c0cfb3c78a2b30436,94781266afa88d5c9b5d34a6165228f7,2019-10-04T01:48:50,['http://dbpedia.org/resource/CNN'],[]
f586ec0303b96485fba9c2c0cfb3c78a2b17721,9b8fc14c0287bb31fd1316aff47ba9ca,2019-10-03T19:45:19,['http://dbpedia.org/resource/Downloadable_content'],[]
f586ec0303b96485fba9c2c0cfb3c78a2b25916,f6d2abb8648d59bbcc4929fd76284dda,2019-10-03T23:14:08,['http://dbpedia.org/resource/Tropical_savanna_climate'],[]
f586ec0303b96485fba9c2c0cfb3c78a2b2721,9faa818f9406d79d6c258909484f6962,2019-10-03T13:20:30,['http://dbpedia.org/resource/Twitter'],[]
f586ec0303b96485fba9c2c0cfb3c78a2b3446,d0eaeb7f792c74d371526be9b0002d3c,2019-10-03T13:48:59,['http://dbpedia.org/resource/Run_batted_in'],[]
f586ec0303b96485fba9c2c0cfb3c78a2b36087,331c90f78c0655d7bf8785c94670851d,2019-10-04T04:36:56,['http://dbpedia.org/resource/Fallout_3'],[]
f586ec0303b96485fba9c2c0cfb3c78a2b32975,4a03439847e439bf403923707498db54,2019-10-04T03:08:18,['http://dbpedia.org/resource/Baseball'],[]
f586ec0303b96485fba9c2c0cfb3c78a2b29081,42afd49fd081c35de5185387145e4876,2019-10-04T01:02:10,['http://dbpedia.org/resource/Defensively_equipped_merchant_ship'],[]
f586ec0303b96485fba9c2c0cfb3c78a2b23924,a7ccdbf119bb972180db7bdb78a34977,2019-10-03T22:24:26,['http://dbpedia.org/resource/Red_carpet'],[]
f586ec0303b96485fba9c2c0cfb3c78a2b15988,764835d47fe01dd64aded99b3dc704e6,2019-10-03T19:01:44,['http://dbpedia.org/resource/Bradley_Cooper'],[]
f586ec0303b96485fba9c2c0cfb3c78a2b27383,fee21fd563052c7ec9e9901763361182,2019-10-04T00:04:42,['http://dbpedia.org/resource/Nice'],[]
f586ec0303b96485fba9c2c0cfb3c78a2b30757,1bb5413f2801de4c987540f706f4a26d,2019-10-04T01:58:20,['http://dbpedia.org/resource/I_Feel_Bad'],[]
f586ec0303b96485fba9c2c0cfb3c78a2b19877,e61b66a85f62f0e5b987289de7032b2e,2019-10-03T20:38:30,['http://dbpedia.org/resource/Europe'],[]
f586ec0303b96485fba9c2c0cfb3c78a2b12088,0a19bc8140d2276831ef6ed4b4bf9ef7,2019-10-03T17:28:25,['http://dbpedia.org/resource/Nice'],[]
f586ec0303b96485fba9c2c0cfb3c78a2b5509,c3d9b711180b8745f8d8430367236464,2019-10-03T14:51:23,['http://dbpedia.org/resource/Interception'],[]
f586ec0303b96485fba9c2c0cfb3c78a2b19642,9dc3bb7abcedfa8c85284155758f10e9,2019-10-03T20:34:00,['http://dbpedia.org/resource/Pickled_cucumber'],[]
f586ec0303b96485fba9c2c0cfb3c78a2b8769,d91892fad1ce36efe69ab391b16a4544,2019-10-03T16:09:18,['http://dbpedia.org/resource/Oxycodone'],[]
f586ec0303b96485fba9c2c0cfb3c78a2b7530,962145cc8e0b64dbb5326c2512f7d2de,2019-10-03T15:38:16,['http://dbpedia.org/resource/BTS'],[]
f586ec0303b96485fba9c2c0cfb3c78a2b11427,93b66ebe5a056c07521d89537ed4e102,2019-10-03T17:12:16,['http://dbpedia.org/resource/Narcissism'],[]
f586ec0303b96485fba9c2c0cfb3c78a2b12274,3c4cdd3dfc8fa87725a9f5e2f7abb3f3,2019-10-03T17:33:20,['http://dbpedia.org/resource/DNA'],[]
f586ec0303b96485fba9c2c0cfb3c78a2b21544,542d8708bda7d7c06c35b3df37693946,2019-10-03T21:18:07,['http://dbpedia.org/resource/Jeff_Mills'],[]
f586ec0303b96485fba9c2c0cfb3c78a2b36487,f8e973cf5c6426b0008ab7ee43577bf5,2019-10-04T04:48:50,"['http://dbpedia.org/resource/East_Africa_Time', 'http://dbpedia.org/resource/Imma', 'http://dbpedia.org/resource/Nice']",[]
f586ec0303b96485fba9c2c0cfb3c78a2b27427,b48e5454bbed0a21b29648f67f9cd1a2,2019-10-04T00:07:09,['http://dbpedia.org/resource/Red_Bull'],[]
f586ec0303b96485fba9c2c0cfb3c78a2b23710,25b83f34cd5d9f6dfa35d07eab8570e7,2019-10-03T22:18:11,['http://dbpedia.org/resource/Twitter'],[]
f586ec0303b96485fba9c2c0cfb3c78a2b14292,43d957ee84f89071c2649a249ab66dae,2019-10-03T18:23:56,['http://dbpedia.org/resource/BTS'],[]
f586ec0303b96485fba9c2c0cfb3c78a2b30171,ace87c3cea5aefaac3a900b53d470061,2019-10-04T01:41:35,"['http://dbpedia.org/resource/BTS', 'http://dbpedia.org/resource/Castilian_Party']",[]
f586ec0303b96485fba9c2c0cfb3c78a2b10822,28fd54acae429673bb5a5f31b234383b,2019-10-03T16:58:34,['http://dbpedia.org/resource/Twitter'],[]
f586ec0303b96485fba9c2c0cfb3c78a2b20377,61ec5cefb8cef111d03ef88862504506,2019-10-03T20:49:00,['http://dbpedia.org/resource/2020_Summer_Olympics'],[]
f586ec0303b96485fba9c2c0cfb3c78a2b8989,4e367da563bac802da9b71481817b80d,2019-10-03T16:13:59,['http://dbpedia.org/resource/Text_messaging'],[]
f586ec0303b96485fba9c2c0cfb3c78a2b29512,fbc28abc2f46c32b5650fe194abee3df,2019-10-04T01:14:57,['http://dbpedia.org/resource/Human_rights'],[]
f586ec0303b96485fba9c2c0cfb3c78a2b24467,9f389fd8f29befa3c1f36a867235f2f1,2019-10-03T22:39:37,['http://dbpedia.org/resource/Black_people'],[]
f586ec0303b96485fba9c2c0cfb3c78a2b6146,db709ebd1bc8a085c80a2b9dadf03829,2019-10-03T15:05:59,['http://dbpedia.org/resource/Twitter'],[]
f586ec0303b96485fba9c2c0cfb3c78a2b10662,e0fbc0b736cb4af0bf824702221252d1,2019-10-03T16:53:47,['http://dbpedia.org/resource/Philippines'],[]
f586ec0303b96485fba9c2c0cfb3c78a2b27246,a98a29b3dfd5b12f33bdad5310502bbf,2019-10-04T00:00:46,['http://dbpedia.org/resource/Postal_Index_Number'],[]
f586ec0303b96485fba9c2c0cfb3c78a2b36612,862339031f33d6c1686826192eb359b0,2019-10-04T04:55:01,['http://dbpedia.org/resource/Weill_Cornell_Medicine'],[]
f586ec0303b96485fba9c2c0cfb3c78a2b7635,38932a1269bc4939c4f57509a6b53802,2019-10-03T15:42:11,['http://dbpedia.org/resource/English_language'],[]
f586ec0303b96485fba9c2c0cfb3c78a2b5582,3fa51e23b04a871219ac91116ffb5bd9,2019-10-03T14:52:56,['http://dbpedia.org/resource/Jungkook'],[]
f586ec0303b96485fba9c2c0cfb3c78a2b33383,5f23cd46a815b5cf56204848e6fff194,2019-10-04T03:21:49,['http://dbpedia.org/resource/Breast_cancer'],[]
f586ec0303b96485fba9c2c0cfb3c78a2b16438,44fb56b015ea9b1785e6a2788faae78c,2019-10-03T19:14:56,['http://dbpedia.org/resource/Independent_politician'],[]
f586ec0303b96485fba9c2c0cfb3c78a2b13777,dcc8910ca554a5414f0f0d1d643427eb,2019-10-03T18:09:20,['http://dbpedia.org/resource/When_They_See_Us'],[]
f586ec0303b96485fba9c2c0cfb3c78a2b33288,fa9970c2079213bebb984e8c719afb5e,2019-10-04T03:19:25,['http://dbpedia.org/resource/Twitter'],[]
f586ec0303b96485fba9c2c0cfb3c78a2b26494,edaafbc9461a41a161106cb178d99e01,2019-10-03T23:36:18,['http://dbpedia.org/resource/LinkedIn'],[]
f586ec0303b96485fba9c2c0cfb3c78a2b18047,72a42ca56f86660cd49cbd7ab2e7bb38,2019-10-03T19:51:41,['http://dbpedia.org/resource/Independent_politician'],[]
f586ec0303b96485fba9c2c0cfb3c78a2b17177,5066cd05f01c48f138cfcc1462e0f05d,2019-10-03T19:33:02,['http://dbpedia.org/resource/Sanofi'],[]
f586ec0303b96485fba9c2c0cfb3c78a2b7934,c1326c93bf09d85acfdf620c03056fb1,2019-10-03T15:48:53,['http://dbpedia.org/resource/Hockey_East'],[]
f586ec0303b96485fba9c2c0cfb3c78a2b26748,b50311f2f6009a89698663e1bb5c1fbf,2019-10-03T23:45:56,['http://dbpedia.org/resource/Pop_music'],[]
f586ec0303b96485fba9c2c0cfb3c78a2b7422,5977f4e36f5cbde4763f0474ce9f2850,2019-10-03T15:35:48,['http://dbpedia.org/resource/Uganda'],[]
f586ec0303b96485fba9c2c0cfb3c78a2b7015,195a5bca5696627f20746327e3706cd8,2019-10-03T15:27:11,['http://dbpedia.org/resource/Coming_out'],[]
f586ec0303b96485fba9c2c0cfb3c78a2b31707,676352638f2f6317c5e2338a68b33d3e,2019-10-04T02:27:43,"['http://dbpedia.org/resource/Michael_Avenatti', 'http://dbpedia.org/resource/Stormy_Daniels']",[]
f586ec0303b96485fba9c2c0cfb3c78a2b32549,1b75f96c08f3a3e823f1016a9a3d88ff,2019-10-04T02:52:57,['http://dbpedia.org/resource/Racism'],[]
f586ec0303b96485fba9c2c0cfb3c78a2b6460,9393a97c191175a7131625d836a8be7f,2019-10-03T15:13:55,['http://dbpedia.org/resource/Paris'],[]
f586ec0303b96485fba9c2c0cfb3c78a2b29502,98a5094c91e5a8c21b8ed34fbfcb5773,2019-10-04T01:14:18,['http://dbpedia.org/resource/Maine'],[]
f586ec0303b96485fba9c2c0cfb3c78a2b34671,1ac12e37873e86faf85b6fc7a2d1621a,2019-10-04T03:56:01,"['http://dbpedia.org/resource/Impeachment', 'http://dbpedia.org/resource/Twitter']",[]
f586ec0303b96485fba9c2c0cfb3c78a2b32950,7472468c358f17acd5e40809d77529d3,2019-10-04T03:07:29,['http://dbpedia.org/resource/National_Football_League'],[]
f586ec0303b96485fba9c2c0cfb3c78a2b4016,a6f08e597716c90662c1541881bc93a3,2019-10-03T14:09:05,['http://dbpedia.org/resource/BTS'],[]
f586ec0303b96485fba9c2c0cfb3c78a2b36298,7ef8e22af28ceaa3bfdd85223660014c,2019-10-04T04:42:42,"['http://dbpedia.org/resource/Association_football', 'http://dbpedia.org/resource/Baseball']",[]
f586ec0303b96485fba9c2c0cfb3c78a2b26283,ac377997cee18396aee700e38bc8f794,2019-10-03T23:28:10,['http://dbpedia.org/resource/Hockey_East'],[]
f586ec0303b96485fba9c2c0cfb3c78a2b6278,f92c8d4378d4cd369df24c3b6cb3f343,2019-10-03T15:09:59,['http://dbpedia.org/resource/We_Love_You'],[]
f586ec0303b96485fba9c2c0cfb3c78a2b15087,9dcd4b82abf53aa2aef0ec6d3dc61bb3,2019-10-03T18:42:07,"['http://dbpedia.org/resource/Instagram', 'http://dbpedia.org/resource/Los_Angeles']",[]
f586ec0303b96485fba9c2c0cfb3c78a2b30085,59407a987700abbb778a4b26e8441b71,2019-10-04T01:37:58,['http://dbpedia.org/resource/Nice'],[]
f586ec0303b96485fba9c2c0cfb3c78a2b17847,d83ca360f657fa6470b57807bb051f53,2019-10-03T19:47:10,"['http://dbpedia.org/resource/Elite_Eight', 'http://dbpedia.org/resource/Super_Bowl']",[]
f586ec0303b96485fba9c2c0cfb3c78a2b12940,60b6eebdd7b9e72d46f56f2837718017,2019-10-03T17:46:51,['http://dbpedia.org/resource/Defensively_equipped_merchant_ship'],[]
f586ec0303b96485fba9c2c0cfb3c78a2b24508,7871738ff8e34724b98b5e93cb34d61d,2019-10-03T22:40:30,['http://dbpedia.org/resource/Twitter'],[]
f586ec0303b96485fba9c2c0cfb3c78a2b29537,1af99f4d726cd92efdcdadc614df704f,2019-10-04T01:16:03,['http://dbpedia.org/resource/Soul_music'],[]
f586ec0303b96485fba9c2c0cfb3c78a2b2055,7174f7a2f9efca2471f655af737b98ab,2019-10-03T12:56:41,['http://dbpedia.org/resource/Arsenal_F.C.'],[]
f586ec0303b96485fba9c2c0cfb3c78a2b2514,20b2cbfab1c5894b97a712986627d5c9,2019-10-03T13:12:51,['http://dbpedia.org/resource/Chronic_pain'],[]
f586ec0303b96485fba9c2c0cfb3c78a2b12138,4d97d42eda7e009c63d2ad496ae88719,2019-10-03T17:30:00,['http://dbpedia.org/resource/President_of_the_United_States'],[]
f586ec0303b96485fba9c2c0cfb3c78a2b14697,da2fa25db308a831ff4b552295e7f2f7,2019-10-03T18:33:42,['http://dbpedia.org/resource/Barack_Obama'],[]
f586ec0303b96485fba9c2c0cfb3c78a2b23674,ef75e8d24b01ce25c125551f276391e1,2019-10-03T22:17:03,['http://dbpedia.org/resource/Twitter'],[]
f586ec0303b96485fba9c2c0cfb3c78a2b14188,80129f47da8fdfd12004585f069ea55a,2019-10-03T18:20:23,['http://dbpedia.org/resource/Twitter'],[]
f586ec0303b96485fba9c2c0cfb3c78a2b14409,fd551ec5647fe7beba0ca52302d1c01a,2019-10-03T18:27:11,"['http://dbpedia.org/resource/AirPods', 'http://dbpedia.org/resource/Nice']",[]
f586ec0303b96485fba9c2c0cfb3c78a2b13115,f3a244849e9d1286b03fc97d296197a4,2019-10-03T17:52:33,['http://dbpedia.org/resource/Breitbart_News'],[]
f586ec0303b96485fba9c2c0cfb3c78a2b13217,8ac31f4e16a65849ed62ee3bbe0d0e31,2019-10-03T17:54:12,['http://dbpedia.org/resource/Twitter'],[]
f586ec0303b96485fba9c2c0cfb3c78a2b26317,e1da96c8e7f91d95d4a51536e235b323,2019-10-03T23:30:01,['http://dbpedia.org/resource/Pub'],[]
f586ec0303b96485fba9c2c0cfb3c78a2b30419,e1ed1da06fb6caa7e1941f933eda3ddb,2019-10-04T01:48:03,['http://dbpedia.org/resource/Brittany'],[]
f586ec0303b96485fba9c2c0cfb3c78a2b31515,95d977ecea271e2907504e8ac829acfe,2019-10-04T02:21:55,['http://dbpedia.org/resource/Bosnia_and_Herzegovina'],[]
f586ec0303b96485fba9c2c0cfb3c78a2b6077,ee40eb4c0ae89f763be107ab620d1d7b,2019-10-03T15:04:46,['http://dbpedia.org/resource/Kellyanne_Conway'],[]
f586ec0303b96485fba9c2c0cfb3c78a2b16651,f23b6c2502d282dd273d4bc03969c1d3,2019-10-03T19:22:35,"['http://dbpedia.org/resource/Alberta', 'http://dbpedia.org/resource/University_of_Florida']",[]
f586ec0303b96485fba9c2c0cfb3c78a2b10938,5e4104618fd8112b63bff45feb1c5c2a,2019-10-03T17:00:38,['http://dbpedia.org/resource/BTS'],[]
f586ec0303b96485fba9c2c0cfb3c78a2b2014,1bdc6ba5a42468d028de2688adee1ad7,2019-10-03T12:55:30,['http://dbpedia.org/resource/Twitter'],[]
f586ec0303b96485fba9c2c0cfb3c78a2b14988,263b1a0848c86995bfaf3e1448d74b87,2019-10-03T18:41:17,['http://dbpedia.org/resource/Computer_security'],[]
f586ec0303b96485fba9c2c0cfb3c78a2b10010,bf4571b94429c5b18e0a219c197a56a4,2019-10-03T16:38:50,['http://dbpedia.org/resource/Boris_Johnson'],[]
f586ec0303b96485fba9c2c0cfb3c78a2b28582,37a3850a5756fea4d4902e86451c258b,2019-10-04T00:41:28,['http://dbpedia.org/resource/Castilian_Party'],[]
f586ec0303b96485fba9c2c0cfb3c78a2b14124,b5739ec5cfc01149de43a575ba6507ee,2019-10-03T18:19:00,['http://dbpedia.org/resource/Working_Families_Party'],[]
f586ec0303b96485fba9c2c0cfb3c78a2b32724,995a18114d652151b3f0d5fb3d4b65d4,2019-10-04T02:59:28,['http://dbpedia.org/resource/Tyler_Lockett'],[]
f586ec0303b96485fba9c2c0cfb3c78a2b15848,67f45d52eaaef8903009069c906f2d62,2019-10-03T18:59:06,['http://dbpedia.org/resource/Cryptocurrency'],[]
f586ec0303b96485fba9c2c0cfb3c78a2b35017,4906268a7a1fd480285ffa96328dc7e1,2019-10-04T04:06:05,['http://dbpedia.org/resource/Social_media'],[]
f586ec0303b96485fba9c2c0cfb3c78a2b17249,6eb45b85a05750e068245d3b54597016,2019-10-03T19:36:01,['http://dbpedia.org/resource/The_Wall_Street_Journal'],[]
f586ec0303b96485fba9c2c0cfb3c78a2b1587,e1722641b8ffa9267e8144e745457a44,2019-10-03T12:43:43,"['http://dbpedia.org/resource/Automotive_industry', 'http://dbpedia.org/resource/General_Motors', 'http://dbpedia.org/resource/United_Auto_Workers']",[]
f586ec0303b96485fba9c2c0cfb3c78a2b24402,9a9d608ad3f378ce50e9e65b65910a06,2019-10-03T22:37:27,['http://dbpedia.org/resource/Twitter'],[]
f586ec0303b96485fba9c2c0cfb3c78a2b12864,48bf803583aeb06befa44eb0fbdd1fe3,2019-10-03T17:45:24,['http://dbpedia.org/resource/Kansas'],[]
f586ec0303b96485fba9c2c0cfb3c78a2b26874,0bc20738a0d3849b295e1e9ad0a35f8d,2019-10-03T23:48:59,['http://dbpedia.org/resource/Demi_Lovato'],[]
f586ec0303b96485fba9c2c0cfb3c78a2b19270,454493a23cf0cbc6bcd42ed272d0d47b,2019-10-03T20:23:34,['http://dbpedia.org/resource/Halloween'],[]
f586ec0303b96485fba9c2c0cfb3c78a2b29224,683054c1424dbbbee759ba8f9043744e,2019-10-04T01:06:39,['http://dbpedia.org/resource/Justin_Bieber'],[]
f586ec0303b96485fba9c2c0cfb3c78a2b9438,ebda74f54e49f9c486e226bf718f0072,2019-10-03T16:24:20,['http://dbpedia.org/resource/Apple_Inc.'],[]
f586ec0303b96485fba9c2c0cfb3c78a2b7775,56d466246c77ef043396a333d29a487d,2019-10-03T15:45:21,['http://dbpedia.org/resource/Italy'],[]
f586ec0303b96485fba9c2c0cfb3c78a2b26457,fec36973b0fe9ac3739a1ce258071460,2019-10-03T23:34:44,"['http://dbpedia.org/resource/Halloween', 'http://dbpedia.org/resource/South_Africa']",[]
f586ec0303b96485fba9c2c0cfb3c78a2b2610,edd52ecb44d114cbe8e95fdfaee75d2c,2019-10-03T13:15:24,['http://dbpedia.org/resource/Hockey_East'],[]
f586ec0303b96485fba9c2c0cfb3c78a2b5450,52d15f2f1c1e2a232e87e17b63bf74f2,2019-10-03T14:50:26,['http://dbpedia.org/resource/BBC_News'],[]
f586ec0303b96485fba9c2c0cfb3c78a2b29148,add7c31affb3d59a60ad81a14008a640,2019-10-04T01:04:58,['http://dbpedia.org/resource/Philadelphia'],[]
f586ec0303b96485fba9c2c0cfb3c78a2b23100,4769748cf31c0e04cba8a8cb1477f28f,2019-10-03T22:00:38,['http://dbpedia.org/resource/AccuWeather'],[]
f586ec0303b96485fba9c2c0cfb3c78a2b3460,cdb707c8408aea05a911aee749899a54,2019-10-03T13:49:46,['http://dbpedia.org/resource/Southeastern_Conference'],[]
f586ec0303b96485fba9c2c0cfb3c78a2b32673,1bedfd6a3065ac18c86266042a5b3ccb,2019-10-04T02:57:15,['http://dbpedia.org/resource/American_Broadcasting_Company'],[]
f586ec0303b96485fba9c2c0cfb3c78a2b12214,5f10066f62b097d3abd07889a2e9b3a9,2019-10-03T17:31:26,"['http://dbpedia.org/resource/Robert_De_Niro', 'http://dbpedia.org/resource/Thruxton_Circuit']",[]
f586ec0303b96485fba9c2c0cfb3c78a2b16116,957b197a4d0617395ff7970cbda3e6d5,2019-10-03T19:06:32,['http://dbpedia.org/resource/PlayStation_4'],[]
f586ec0303b96485fba9c2c0cfb3c78a2b16577,04083e7de05401b1762e4f3fede8a14d,2019-10-03T19:18:17,['http://dbpedia.org/resource/Tyga'],[]
fce65e9ceed3a4a9789f56f61e0e4a73bb53,4dd7781e3feba462de06ca2d43d872a3,2019-10-04T04:57:03,['http://dbpedia.org/resource/Mark_Levin'],[]
fce65e9ceed3a4a9789f56f61e0e4a73bb22306,8587dd84018e2a6c879076b7218ca73f,2019-10-04T17:53:23,['http://dbpedia.org/resource/Middle_Ages'],[]
fce65e9ceed3a4a9789f56f61e0e4a73bb34400,08bd42114cd76f6103cbafcfc48952fb,2019-10-04T22:55:19,['http://dbpedia.org/resource/Non-governmental_organization'],[]
fce65e9ceed3a4a9789f56f61e0e4a73bb1664,392f5b3a5e828ca4d0b246682ee5dd0c,2019-10-04T05:51:18,"['http://dbpedia.org/resource/Robert_De_Niro', 'http://dbpedia.org/resource/Sexism']",[]
fce65e9ceed3a4a9789f56f61e0e4a73bb17230,7e5471be32440417f1a4370478771b20,2019-10-04T15:46:49,['http://dbpedia.org/resource/England_national_football_team'],[]
fce65e9ceed3a4a9789f56f61e0e4a73bb7727,c490ed8d764d53d3122b189dc7a2a133,2019-10-04T10:02:00,['http://dbpedia.org/resource/Midfielder'],[]
fce65e9ceed3a4a9789f56f61e0e4a73bb16011,dfdd15b8ad3518c460eb40240534ac69,2019-10-04T15:15:07,"['http://dbpedia.org/resource/4K_resolution', 'http://dbpedia.org/resource/Twitter']",[]
fce65e9ceed3a4a9789f56f61e0e4a73bb5400,3162ccf41ba3f197995ceaa3a058865f,2019-10-04T08:12:26,['http://dbpedia.org/resource/LGBT'],[]
fce65e9ceed3a4a9789f56f61e0e4a73bb14139,f2c3e10083879c3047f2a81864521306,2019-10-04T14:21:54,['http://dbpedia.org/resource/Planned_Parenthood'],[]
fce65e9ceed3a4a9789f56f61e0e4a73bb2555,6178d0de94a2d64c45c38051b46ca95d,2019-10-04T06:19:39,['http://dbpedia.org/resource/The_Sydney_Morning_Herald'],[]
fce65e9ceed3a4a9789f56f61e0e4a73bb3975,4a31697f09443d77a3dad4d516176140,2019-10-04T07:08:44,"['http://dbpedia.org/resource/Detroit', 'http://dbpedia.org/resource/Facial_recognition_system', 'http://dbpedia.org/resource/Rashida_Tlaib']",[]
fce65e9ceed3a4a9789f56f61e0e4a73bb19179,747f296c76354ecdfcd775c48466d9b8,2019-10-04T16:38:56,"['http://dbpedia.org/resource/Fox_Broadcasting_Company', 'http://dbpedia.org/resource/WWE']",[]
fce65e9ceed3a4a9789f56f61e0e4a73bb1553,475bc166e8c73c4c3e030a7485a3f823,2019-10-04T05:45:45,['http://dbpedia.org/resource/The_Sydney_Morning_Herald'],[]
fce65e9ceed3a4a9789f56f61e0e4a73bb1087,9aa20b7a2f6b5144216190bafcfe6198,2019-10-04T05:28:41,['http://dbpedia.org/resource/Hockey_East'],[]
fce65e9ceed3a4a9789f56f61e0e4a73bb14751,5786d89490e8298efd22b3e11495d408,2019-10-04T14:40:37,['http://dbpedia.org/resource/Eastern_Time_Zone'],[]
fce65e9ceed3a4a9789f56f61e0e4a73bb34122,9077f41626aa483925321a6bdd0bf98a,2019-10-04T22:49:05,['http://dbpedia.org/resource/Soul_music'],[]
fce65e9ceed3a4a9789f56f61e0e4a73bb19171,f5b2990dfbd96217838ea8bfc8d3ade7,2019-10-04T16:38:15,['http://dbpedia.org/resource/Detroit'],[]
fce65e9ceed3a4a9789f56f61e0e4a73bb6958,7f8efe9d8918bab5f2c38cb6834513ea,2019-10-04T09:26:32,['http://dbpedia.org/resource/Twitter'],[]
fce65e9ceed3a4a9789f56f61e0e4a73bb21572,81c73fed5f99556ca5aff3f791e9e104,2019-10-04T17:34:01,['http://dbpedia.org/resource/Midfielder'],[]
fce65e9ceed3a4a9789f56f61e0e4a73bb672,ad45dadfd12847524096f06c98611761,2019-10-04T05:15:40,"['http://dbpedia.org/resource/BTS', 'http://dbpedia.org/resource/Jungkook']",[]
fce65e9ceed3a4a9789f56f61e0e4a73bb21327,48988778295752cf7f6f3ea437381af5,2019-10-04T17:28:26,['http://dbpedia.org/resource/PDF'],[]
fce65e9ceed3a4a9789f56f61e0e4a73bb12277,ccfe56b91d717a0016fc249054b74e7a,2019-10-04T13:22:05,['http://dbpedia.org/resource/Trump_Tower'],[]
fce65e9ceed3a4a9789f56f61e0e4a73bb30268,cdcd04c3c27a36f46c5a85d7fe16a052,2019-10-04T21:02:14,['http://dbpedia.org/resource/Maize'],[]
fce65e9ceed3a4a9789f56f61e0e4a73bb33816,469c1584c3181743571838726a45d7b9,2019-10-04T22:41:41,['http://dbpedia.org/resource/Chris_Wallace'],[]
fce65e9ceed3a4a9789f56f61e0e4a73bb12149,3b949198cdd3252f84a570c6b72b10af,2019-10-04T13:16:42,['http://dbpedia.org/resource/Israel'],[]
fce65e9ceed3a4a9789f56f61e0e4a73bb19401,d783c0a06c569a88b483c29834677a4b,2019-10-04T16:43:55,['http://dbpedia.org/resource/Adam_Schiff'],[]
fce65e9ceed3a4a9789f56f61e0e4a73bb28586,13d324c7008110d9c6e6e158ee2340b0,2019-10-04T20:20:13,['http://dbpedia.org/resource/Twitter'],[]
fce65e9ceed3a4a9789f56f61e0e4a73bb14170,9f4ad539795304b6ee008056cf9128cc,2019-10-04T14:22:23,['http://dbpedia.org/resource/Bird'],[]
fce65e9ceed3a4a9789f56f61e0e4a73bb1196,fecf2cef14dbc7d0f3d1b06148826430,2019-10-04T05:31:56,['http://dbpedia.org/resource/Raffle'],[]
fce65e9ceed3a4a9789f56f61e0e4a73bb16047,2aa73870f33aa0cdbc4e118cfe1a6a39,2019-10-04T15:15:33,['http://dbpedia.org/resource/Lake_Erie'],[]
fce65e9ceed3a4a9789f56f61e0e4a73bb13730,c086c002671fb08f19f56242a12a59b9,2019-10-04T14:08:46,['http://dbpedia.org/resource/Twitter'],[]
fce65e9ceed3a4a9789f56f61e0e4a73bb25737,e66964bf1762c2a3a8ae2d9d208c4fd6,2019-10-04T19:12:29,"['http://dbpedia.org/resource/Defensively_equipped_merchant_ship', 'http://dbpedia.org/resource/Quid_pro_quo']",[]
fce65e9ceed3a4a9789f56f61e0e4a73bb12173,56230da8ea2e70b3aed9a235dae7517c,2019-10-04T13:18:00,['http://dbpedia.org/resource/President_of_the_United_States'],[]
fce65e9ceed3a4a9789f56f61e0e4a73bb22826,a45509a9c3de2a16ce3045ec74e45482,2019-10-04T18:03:11,['http://dbpedia.org/resource/Twitter'],[]
fce65e9ceed3a4a9789f56f61e0e4a73bb12158,5ab622f56c52f9200b02b58d380d4cd9,2019-10-04T13:16:52,['http://dbpedia.org/resource/Twitter'],[]
fce65e9ceed3a4a9789f56f61e0e4a73bb16352,a473639a4f6dbd6bc3f423458a3aef68,2019-10-04T15:22:14,['http://dbpedia.org/resource/Twitter'],[]
fce65e9ceed3a4a9789f56f61e0e4a73bb3673,ab781deb24ff527024bd0aae3bf62ae8,2019-10-04T06:52:47,['http://dbpedia.org/resource/Netflix'],[]
fce65e9ceed3a4a9789f56f61e0e4a73bb21486,c0fef9ebcd33c4ddefc15693b0c15a17,2019-10-04T17:32:21,['http://dbpedia.org/resource/Queens'],[]
fce65e9ceed3a4a9789f56f61e0e4a73bb9951,eaf8cc4f4c98ccf1e52d56ea1bf0286f,2019-10-04T11:39:39,['http://dbpedia.org/resource/Association_football'],[]
fce65e9ceed3a4a9789f56f61e0e4a73bb21764,f6f605443ce4544fee274558f0737947,2019-10-04T17:39:02,"['http://dbpedia.org/resource/Bidens', 'http://dbpedia.org/resource/Donald_Trump']",[]
fce65e9ceed3a4a9789f56f61e0e4a73bb24241,e107e9c07098a152fb46cee1055d04bb,2019-10-04T18:32:33,['http://dbpedia.org/resource/National_Rifle_Association'],[]
fce65e9ceed3a4a9789f56f61e0e4a73bb3274,5ae487201668e4098dceed9ea5d7ef00,2019-10-04T06:41:15,['http://dbpedia.org/resource/Twitter'],[]
fce65e9ceed3a4a9789f56f61e0e4a73bb28030,9dc6d71bbd224e61c93163df2a6eef74,2019-10-04T20:08:54,['http://dbpedia.org/resource/Electronic_dance_music'],[]
fce65e9ceed3a4a9789f56f61e0e4a73bb6009,4b8832d62a121b7ef72a6b2b8fb54b38,2019-10-04T08:38:17,['http://dbpedia.org/resource/BTS'],[]
fce65e9ceed3a4a9789f56f61e0e4a73bb30076,b0aaeab6dc6c68d958469d4704f02050,2019-10-04T20:58:25,['http://dbpedia.org/resource/Nice'],[]
fce65e9ceed3a4a9789f56f61e0e4a73bb18903,2435a45b85628172c5a47122144a7c67,2019-10-04T16:30:09,"['http://dbpedia.org/resource/CNN', 'http://dbpedia.org/resource/Donald_Trump']",[]
fce65e9ceed3a4a9789f56f61e0e4a73bb27272,e9a718e8720acc7ae844d3448e4f3963,2019-10-04T19:53:07,"['http://dbpedia.org/resource/Blu-ray', 'http://dbpedia.org/resource/DVD']",[]
fce65e9ceed3a4a9789f56f61e0e4a73bb8975,46e0620b41ea1b788c0f16d4ce2bd5d4,2019-10-04T11:00:34,['http://dbpedia.org/resource/Snack'],[]
fce65e9ceed3a4a9789f56f61e0e4a73bb29789,e240d4557b14db4b09d1d045fb56fd45,2019-10-04T20:50:34,['http://dbpedia.org/resource/Black_Girl_Magic'],[]
fce65e9ceed3a4a9789f56f61e0e4a73bb31541,b5633881a94eb14d230a168b00bceab2,2019-10-04T21:32:26,['http://dbpedia.org/resource/Twitter'],[]
fce65e9ceed3a4a9789f56f61e0e4a73bb31566,39f7509f1c0663cbdf303e0afa7ac8cc,2019-10-04T21:33:50,['http://dbpedia.org/resource/Donald_Trump'],[]
fce65e9ceed3a4a9789f56f61e0e4a73bb468,2a54e465e703e86f3f493feac36455f1,2019-10-04T05:08:28,['http://dbpedia.org/resource/Lindsey_Graham'],[]
fce65e9ceed3a4a9789f56f61e0e4a73bb27882,4e44f563e6ec1fbecc664be63cf8b97d,2019-10-04T20:06:40,['http://dbpedia.org/resource/Jesus'],[]
fce65e9ceed3a4a9789f56f61e0e4a73bb31980,9e3ad7d55484bb25deded4f9898f9ec3,2019-10-04T21:46:15,['http://dbpedia.org/resource/Drainage_basin'],[]
fce65e9ceed3a4a9789f56f61e0e4a73bb34421,b6b86640ded9d492329d096b1970cbfd,2019-10-04T22:55:49,['http://dbpedia.org/resource/Social_media'],[]
fce65e9ceed3a4a9789f56f61e0e4a73bb6567,3a4c049b3cddbd5c3017275a16eb0b47,2019-10-04T09:07:38,"['http://dbpedia.org/resource/Google', 'http://dbpedia.org/resource/Google_Lens']",[]
fce65e9ceed3a4a9789f56f61e0e4a73bb24214,1526b2c8966c918e9c462337d8710fb0,2019-10-04T18:31:54,['http://dbpedia.org/resource/Imma'],[]
fce65e9ceed3a4a9789f56f61e0e4a73bb34161,cfed6c6b2c63ab7dc1efad038b3ea97b,2019-10-04T22:50:08,['http://dbpedia.org/resource/Martin_Scorsese'],[]
fce65e9ceed3a4a9789f56f61e0e4a73bb30068,8aa971d379afb5094bbfa6807030b31b,2019-10-04T20:58:16,['http://dbpedia.org/resource/Social_media'],[]
fce65e9ceed3a4a9789f56f61e0e4a73bb4467,e1a7b8f086f3e801e3681f7d4257924c,2019-10-04T07:32:53,['http://dbpedia.org/resource/Jungkook'],[]
fce65e9ceed3a4a9789f56f61e0e4a73bb2874,2cdc926e6cb83c61015ad2ae2cc8907a,2019-10-04T06:29:23,['http://dbpedia.org/resource/Paula_Abdul'],[]
fce65e9ceed3a4a9789f56f61e0e4a73bb28167,6546b7e8eed7440393017eb04d1e4e29,2019-10-04T20:12:19,"['http://dbpedia.org/resource/Andrew_Yang', 'http://dbpedia.org/resource/YouTube']",[]
fce65e9ceed3a4a9789f56f61e0e4a73bb27865,8888864f5a59719cb7af4cdfe81c0a6f,2019-10-04T20:06:08,"['http://dbpedia.org/resource/Nice', 'http://dbpedia.org/resource/Twitter']",[]
fce65e9ceed3a4a9789f56f61e0e4a73bb23499,447a68b0f81505f264af19bd34113e9d,2019-10-04T18:16:37,['http://dbpedia.org/resource/Rolling_Stone'],[]
fce65e9ceed3a4a9789f56f61e0e4a73bb9882,d5b315689dd3978333b4670022de369f,2019-10-04T11:35:37,['http://dbpedia.org/resource/Firefighter'],[]
fce65e9ceed3a4a9789f56f61e0e4a73bb32825,6ef5d115932c783e6cb3c9efa2c2f0d2,2019-10-04T22:13:56,['http://dbpedia.org/resource/YouTube'],[]
fce65e9ceed3a4a9789f56f61e0e4a73bb26992,a7c485944e7eb798f2008810d1594868,2019-10-04T19:45:24,['http://dbpedia.org/resource/Nancy_Pelosi'],[]
fce65e9ceed3a4a9789f56f61e0e4a73bb25679,f373520f32c8e017a3a42344b5706960,2019-10-04T19:11:00,['http://dbpedia.org/resource/Midfielder'],[]
fce65e9ceed3a4a9789f56f61e0e4a73bb21353,e279e70298fad671942215f2d7e68682,2019-10-04T17:29:19,['http://dbpedia.org/resource/BTS'],[]
fce65e9ceed3a4a9789f56f61e0e4a73bb19599,5ca817cef44874d518fb233d23ec7f37,2019-10-04T16:46:30,['http://dbpedia.org/resource/WWE'],[]
fce65e9ceed3a4a9789f56f61e0e4a73bb32809,5156191be08b166df3229ad7c88df849,2019-10-04T22:12:59,['http://dbpedia.org/resource/Twitter'],[]
fce65e9ceed3a4a9789f56f61e0e4a73bb28779,6ace4e5343930311e94e0d6de5b9ab0f,2019-10-04T20:26:37,"['http://dbpedia.org/resource/Odell_Beckham_Jr.', 'http://dbpedia.org/resource/Wide_receiver']",[]
fce65e9ceed3a4a9789f56f61e0e4a73bb29993,f34dd18a14e8d50327254dcf9c11f346,2019-10-04T20:55:09,"['http://dbpedia.org/resource/Impeachment', 'http://dbpedia.org/resource/Mark_Levin']",[]
fce65e9ceed3a4a9789f56f61e0e4a73bb11014,03c03b71578b14af2e0219fda2258739,2019-10-04T12:28:29,['http://dbpedia.org/resource/Midfielder'],[]
fce65e9ceed3a4a9789f56f61e0e4a73bb21981,183a51357a3d292049ebfac306cd8595,2019-10-04T17:43:54,['http://dbpedia.org/resource/Twitter'],[]
fce65e9ceed3a4a9789f56f61e0e4a73bb33346,13bab8f4eaf642b5e096f2314137cd97,2019-10-04T22:29:06,['http://dbpedia.org/resource/Freedom_of_speech'],[]
fce65e9ceed3a4a9789f56f61e0e4a73bb23823,dcbdad9013490bfff2313131af57e12f,2019-10-04T18:22:21,['http://dbpedia.org/resource/Coffee'],[]
fce65e9ceed3a4a9789f56f61e0e4a73bb30283,4675125a7b34f259dc77eb0857cd7a96,2019-10-04T21:02:26,['http://dbpedia.org/resource/Zendaya'],[]
fce65e9ceed3a4a9789f56f61e0e4a73bb35307,9985e51823663cee2f4adeb66a86b373,2019-10-04T23:24:19,['http://dbpedia.org/resource/Halloween'],[]
fce65e9ceed3a4a9789f56f61e0e4a73bb16108,a1eed3c9179ba33f4a6327bd89755375,2019-10-04T15:17:22,['http://dbpedia.org/resource/Bidens'],[]
fce65e9ceed3a4a9789f56f61e0e4a73bb13768,f98be9f7df75f3825e06d41725c653a0,2019-10-04T14:10:17,['http://dbpedia.org/resource/English_language'],[]
fce65e9ceed3a4a9789f56f61e0e4a73bb34753,459d4fb7f75f1aa0f1647ac2bfb7d997,2019-10-04T23:06:49,['http://dbpedia.org/resource/Gucci'],[]
fce65e9ceed3a4a9789f56f61e0e4a73bb31804,2629ad76a2366e10213d7ba1575f08f5,2019-10-04T21:42:21,"['http://dbpedia.org/resource/Brazil', 'http://dbpedia.org/resource/United_Nations_Human_Rights_Council', 'http://dbpedia.org/resource/Venezuela']",[]
fce65e9ceed3a4a9789f56f61e0e4a73bb18707,fae805ac993cf4f518d07ca74e88a8f8,2019-10-04T16:26:24,"['http://dbpedia.org/resource/Impeachment', 'http://dbpedia.org/resource/Italy']",[]
fce65e9ceed3a4a9789f56f61e0e4a73bb1096,575a8d3e666f7692b89a1e533ffb3579,2019-10-04T05:28:50,['http://dbpedia.org/resource/National_Football_League'],[]
fce65e9ceed3a4a9789f56f61e0e4a73bb1578,7b009edb67609fd615b879d083ad50d4,2019-10-04T05:47:54,['http://dbpedia.org/resource/Twitter'],[]
fce65e9ceed3a4a9789f56f61e0e4a73bb15763,f75a7aa814cc4e9ae95d5449fcdbe2cc,2019-10-04T15:08:57,['http://dbpedia.org/resource/President_of_the_United_States'],[]
fce65e9ceed3a4a9789f56f61e0e4a73bb21756,f82ba559e2924e420f7029c190359aed,2019-10-04T17:38:51,['http://dbpedia.org/resource/Midfielder'],[]
fce65e9ceed3a4a9789f56f61e0e4a73bb13570,b2890c503dbe62dc01677966d0c992fb,2019-10-04T14:01:01,['http://dbpedia.org/resource/Pat_Riley'],[]
fce65e9ceed3a4a9789f56f61e0e4a73bb4959,197043d332ffbf392b9d4ccd826c1664,2019-10-04T07:50:42,['http://dbpedia.org/resource/Twitter'],[]
fce65e9ceed3a4a9789f56f61e0e4a73bb1105,3b2d72ed8b8488a5fe825db2f3e74abf,2019-10-04T05:29:33,['http://dbpedia.org/resource/Fortnite'],[]
fce65e9ceed3a4a9789f56f61e0e4a73bb5073,b8948ace88ca205ce9f1e586b9d50ed9,2019-10-04T07:58:06,['http://dbpedia.org/resource/Yorkshire'],[]
fce65e9ceed3a4a9789f56f61e0e4a73bb9476,857b30f4437a716a6016f400a49a4d4c,2019-10-04T11:18:06,['http://dbpedia.org/resource/Castilian_Party'],[]
fce65e9ceed3a4a9789f56f61e0e4a73bb35298,f9718745fd08a0b62c4d034cee3130ac,2019-10-04T23:24:13,['http://dbpedia.org/resource/Donald_Trump'],[]
fce65e9ceed3a4a9789f56f61e0e4a73bb33104,a57043556be98bde6e2050733bf0aae6,2019-10-04T22:21:57,"['http://dbpedia.org/resource/American_Civil_War', 'http://dbpedia.org/resource/Twitter']",[]
fce65e9ceed3a4a9789f56f61e0e4a73bb33669,2cf9f10d4f04d8c3384a75692a530aaf,2019-10-04T22:38:14,['http://dbpedia.org/resource/Albert_Einstein'],[]
fce65e9ceed3a4a9789f56f61e0e4a73bb24908,346b1db224f56268a6c5f645e32803f9,2019-10-04T18:49:51,['http://dbpedia.org/resource/Mountain_Dew'],[]
fce65e9ceed3a4a9789f56f61e0e4a73bb29847,fbdcf0d9f7d2c50765afdb7495de75f9,2019-10-04T20:51:28,['http://dbpedia.org/resource/Soul_music'],[]
fce65e9ceed3a4a9789f56f61e0e4a73bb31125,6257c5e1081e3b98c8f900fe2e5278bc,2019-10-04T21:23:16,['http://dbpedia.org/resource/Halloween'],[]
fce65e9ceed3a4a9789f56f61e0e4a73bb4310,516774a14b456a43c69ced876e0401bb,2019-10-04T07:24:33,"['http://dbpedia.org/resource/Facebook', 'http://dbpedia.org/resource/Reuters']",[]
fce65e9ceed3a4a9789f56f61e0e4a73bb28836,afccbd0a10d0409fa3c72a583e38e6a6,2019-10-04T20:28:09,['http://dbpedia.org/resource/Pakistan'],[]
fce65e9ceed3a4a9789f56f61e0e4a73bb4683,d63b2d287d0a2710e74913acde22313b,2019-10-04T07:39:55,['http://dbpedia.org/resource/Facebook'],[]
fce65e9ceed3a4a9789f56f61e0e4a73bb29303,bbdf8b133c2e6dba56ed1eb273c98adb,2019-10-04T20:40:45,['http://dbpedia.org/resource/Illegal_drug_trade'],[]
fce65e9ceed3a4a9789f56f61e0e4a73bb19867,790a59429f07980583c0dc1bc8a1de18,2019-10-04T16:52:48,['http://dbpedia.org/resource/India'],[]
fce65e9ceed3a4a9789f56f61e0e4a73bb5933,6112c71988f8911f1885ea9f343f0ea6,2019-10-04T08:35:52,['http://dbpedia.org/resource/Rashida_Tlaib'],[]
fce65e9ceed3a4a9789f56f61e0e4a73bb7519,fa6059c17e4251fee7229de8d9ba029b,2019-10-04T09:52:30,['http://dbpedia.org/resource/Album'],[]
fce65e9ceed3a4a9789f56f61e0e4a73bb25105,5157a0b3ecfd56207694ca7d9774bc8f,2019-10-04T18:56:05,['http://dbpedia.org/resource/Midfielder'],[]
fce65e9ceed3a4a9789f56f61e0e4a73bb6493,1755411b63f660fbce0e3fabad8db388,2019-10-04T09:01:56,['http://dbpedia.org/resource/Midfielder'],[]
fce65e9ceed3a4a9789f56f61e0e4a73bb22947,4fd3c14b67b56dd04abb8d1809729d9d,2019-10-04T18:07:21,"['http://dbpedia.org/resource/Eastern_Time_Zone', 'http://dbpedia.org/resource/Instagram', 'http://dbpedia.org/resource/Music_video']",[]
fce65e9ceed3a4a9789f56f61e0e4a73bb30543,3f1c517a5205fc5a48cf30d396b6c96c,2019-10-04T21:08:40,['http://dbpedia.org/resource/Twitter'],[]
fce65e9ceed3a4a9789f56f61e0e4a73bb17514,b43bae71a8c0fc475cfabba7abf155dd,2019-10-04T15:55:59,['http://dbpedia.org/resource/Twitter'],[]
fce65e9ceed3a4a9789f56f61e0e4a73bb21415,f2787aafb25e57cec16db8b7006e6585,2019-10-04T17:30:49,['http://dbpedia.org/resource/Twitter'],[]
fce65e9ceed3a4a9789f56f61e0e4a73bb30157,29e51e1de24e2fc6621edc77bda81f66,2019-10-04T21:00:13,['http://dbpedia.org/resource/Greenwich_Mean_Time'],[]
fce65e9ceed3a4a9789f56f61e0e4a73bb19836,79c46d4f78c0093ae8ce0dbd6ba9e379,2019-10-04T16:52:17,['http://dbpedia.org/resource/Association_football'],[]
fce65e9ceed3a4a9789f56f61e0e4a73bb26376,ae1227911cdf6e798645295d459f1c3b,2019-10-04T19:29:13,['http://dbpedia.org/resource/Twitter'],[]
fce65e9ceed3a4a9789f56f61e0e4a73bb20885,d9bcdcb6d3606fdbabf0ed3c536b526b,2019-10-04T17:17:29,['http://dbpedia.org/resource/Nice'],[]
fce65e9ceed3a4a9789f56f61e0e4a73bb6916,406dcadb2727b354bd8c4a2914ab6dfd,2019-10-04T09:24:06,['http://dbpedia.org/resource/Twitter'],[]
fce65e9ceed3a4a9789f56f61e0e4a73bb15895,7071c629f75049bd7f80930ef0b98941,2019-10-04T15:11:17,['http://dbpedia.org/resource/Central_processing_unit'],[]
fce65e9ceed3a4a9789f56f61e0e4a73bb20753,e563cf227ad3bd433699cadc2dbc0f97,2019-10-04T17:13:19,['http://dbpedia.org/resource/Instagram'],[]
fce65e9ceed3a4a9789f56f61e0e4a73bb11325,065ed8f744f52154ec7d7b42f959534a,2019-10-04T12:42:30,['http://dbpedia.org/resource/Donald_Trump'],[]
fce65e9ceed3a4a9789f56f61e0e4a73bb13898,0ad5658c6cf50c1cb282852f6567ce5d,2019-10-04T14:13:07,['http://dbpedia.org/resource/South_Africa_national_rugby_union_team'],[]
fce65e9ceed3a4a9789f56f61e0e4a73bb18585,baf6c2e7549f5e5714e59e933b3e295c,2019-10-04T16:23:05,['http://dbpedia.org/resource/Finland'],[]
fce65e9ceed3a4a9789f56f61e0e4a73bb11589,4a821ef0b6f9fedd7131da9cacc83af4,2019-10-04T12:57:07,"['http://dbpedia.org/resource/East_Africa_Time', 'http://dbpedia.org/resource/Greta_Thunberg']",[]
fce65e9ceed3a4a9789f56f61e0e4a73bb20423,6ae8840bd395687425e6171e3ce8d141,2019-10-04T17:05:15,['http://dbpedia.org/resource/Microsoft_Windows'],[]
fce65e9ceed3a4a9789f56f61e0e4a73bb4022,758d8ad092ab1e6ec62298493766ec94,2019-10-04T07:10:25,"['http://dbpedia.org/resource/BTS', 'http://dbpedia.org/resource/Castilian_Party']",[]
fce65e9ceed3a4a9789f56f61e0e4a73bb27674,2374c480f07dacaee55f81ccd55132a0,2019-10-04T20:01:11,['http://dbpedia.org/resource/Game_of_Thrones'],[]
fce65e9ceed3a4a9789f56f61e0e4a73bb5747,bc12528ce8aff33cd78d0a54122a2917,2019-10-04T08:29:32,['http://dbpedia.org/resource/Halloween'],[]
fce65e9ceed3a4a9789f56f61e0e4a73bb16147,0f269deb90a56021d0bc61afbf10702f,2019-10-04T15:17:49,['http://dbpedia.org/resource/Nigger'],[]
fce65e9ceed3a4a9789f56f61e0e4a73bb23722,d3d7622a8f64a1b5ea003db6ff463c92,2019-10-04T18:20:54,['http://dbpedia.org/resource/Sean_Combs'],[]
fce65e9ceed3a4a9789f56f61e0e4a73bb16083,8d31fd369c0f96152aa9385e8589e007,2019-10-04T15:17:05,"['http://dbpedia.org/resource/Apple_Inc.', 'http://dbpedia.org/resource/Pacific_Time_Zone', 'http://dbpedia.org/resource/Wi-Fi']",[]
fce65e9ceed3a4a9789f56f61e0e4a73bb27116,464578b4e03a5dd500fa9c55d5cf8e4c,2019-10-04T19:48:29,['http://dbpedia.org/resource/Shia_Islam'],[]
fce65e9ceed3a4a9789f56f61e0e4a73bb990,09b9900c8073b508b181e2e9e0c2c0a7,2019-10-04T05:24:23,['http://dbpedia.org/resource/Halloween'],[]
fce65e9ceed3a4a9789f56f61e0e4a73bb25855,e4b177ed73e3621cd73a14f2e0f37a65,2019-10-04T19:15:07,"['http://dbpedia.org/resource/African_Americans', 'http://dbpedia.org/resource/BBC']",[]
fce65e9ceed3a4a9789f56f61e0e4a73bb28891,0f0301719c813633c3392d1e8a96a7bf,2019-10-04T20:30:00,['http://dbpedia.org/resource/The_Holocaust'],[]
fce65e9ceed3a4a9789f56f61e0e4a73bb11560,33a3940fdaadd658d28537f3c4d222d9,2019-10-04T12:56:30,['http://dbpedia.org/resource/Midfielder'],[]
fce65e9ceed3a4a9789f56f61e0e4a73bb10361,db74c36c3130c856ddb65627f06bf63c,2019-10-04T12:03:36,['http://dbpedia.org/resource/Shia_Islam'],[]
fce65e9ceed3a4a9789f56f61e0e4a73bb13209,18c51cb1f16d7d834eacb50fbd7c70a8,2019-10-04T13:51:19,['http://dbpedia.org/resource/Scarlett_Johansson'],[]
fce65e9ceed3a4a9789f56f61e0e4a73bb8876,e423bfd3017466f59adc31730442113d,2019-10-04T10:51:23,"['http://dbpedia.org/resource/South_Africa', 'http://dbpedia.org/resource/Syria']",[]
fce65e9ceed3a4a9789f56f61e0e4a73bb9501,d7d5ebc80aeefc87ac23990d18cf72bf,2019-10-04T11:18:25,['http://dbpedia.org/resource/Shooting_guard'],[]
fce65e9ceed3a4a9789f56f61e0e4a73bb20142,af34598bbc24b8240b10d83e2311cbdc,2019-10-04T16:58:37,['http://dbpedia.org/resource/Millennials'],[]
fce65e9ceed3a4a9789f56f61e0e4a73bb1506,57866f18e21d5a521e5ecbc009db457c,2019-10-04T05:44:22,['http://dbpedia.org/resource/Bible'],[]
fce65e9ceed3a4a9789f56f61e0e4a73bb13620,96362d54a5ae2e6e2bcb1077c4cd7ac0,2019-10-04T14:02:43,['http://dbpedia.org/resource/Real_Madrid_CF'],[]
fce65e9ceed3a4a9789f56f61e0e4a73bb36440,02b00a7e2f0072ba568584b68029caf7,2019-10-04T23:58:58,['http://dbpedia.org/resource/Antonio_Brown'],[]
fce65e9ceed3a4a9789f56f61e0e4a73bb1327,535246286607ad2f3bc94c73111ce047,2019-10-04T05:36:47,['http://dbpedia.org/resource/Interception'],[]
fce65e9ceed3a4a9789f56f61e0e4a73bb26242,c388f6d1af4751b809cf878fa2cdc1ce,2019-10-04T19:25:48,['http://dbpedia.org/resource/All-America'],[]
fce65e9ceed3a4a9789f56f61e0e4a73bb15860,5d90f993b8a1486a56f126d3634cfed4,2019-10-04T15:11:01,['http://dbpedia.org/resource/Apple_Inc.'],[]
fce65e9ceed3a4a9789f56f61e0e4a73bb17238,d6b0d9333e73e2ccd43409add2425e0d,2019-10-04T15:47:06,['http://dbpedia.org/resource/Utah'],[]
fce65e9ceed3a4a9789f56f61e0e4a73bb30870,706780d0189706b47fc83c01047f1477,2019-10-04T21:16:01,['http://dbpedia.org/resource/Plastic_surgery'],[]
fce65e9ceed3a4a9789f56f61e0e4a73bb20804,67afb2bfdd11463f51042e8d0f1e9ed2,2019-10-04T17:14:50,['http://dbpedia.org/resource/Nice'],[]
fce65e9ceed3a4a9789f56f61e0e4a73bb3815,8f8076ca763fdf2fa93b424a853d40e6,2019-10-04T07:01:21,['http://dbpedia.org/resource/Midfielder'],[]
fce65e9ceed3a4a9789f56f61e0e4a73bb28603,eda3cfde8ecde4a80da9761e9072d5c5,2019-10-04T20:20:45,['http://dbpedia.org/resource/Soul_music'],[]
fce65e9ceed3a4a9789f56f61e0e4a73bb28855,b7a7863465d4fbc2134c767dbd75ebce,2019-10-04T20:28:54,['http://dbpedia.org/resource/East_Africa_Time'],[]
fce65e9ceed3a4a9789f56f61e0e4a73bb1186,be8de9e419dd1748e00df4fc8249d269,2019-10-04T05:31:50,['http://dbpedia.org/resource/YouTube'],[]
fce65e9ceed3a4a9789f56f61e0e4a73bb13956,a37170cfb60b433c6d218bea4a225d42,2019-10-04T14:15:16,"['http://dbpedia.org/resource/Interception', 'http://dbpedia.org/resource/Patrick_Mahomes', 'http://dbpedia.org/resource/Quarterback', 'http://dbpedia.org/resource/Russell_Wilson']",[]
fce65e9ceed3a4a9789f56f61e0e4a73bb26477,3dbaf1283a2ef44b857ef56077d92683,2019-10-04T19:32:23,['http://dbpedia.org/resource/Twitter'],[]
fce65e9ceed3a4a9789f56f61e0e4a73bb17181,1f69a4edd1b095277a8e52f8d5b78273,2019-10-04T15:45:04,['http://dbpedia.org/resource/Midfielder'],[]
fce65e9ceed3a4a9789f56f61e0e4a73bb36013,8ed997fdd4254ad6440a407089604328,2019-10-04T23:43:47,['http://dbpedia.org/resource/H_Mart'],[]
fce65e9ceed3a4a9789f56f61e0e4a73bb35856,925b7ef577ebb2750e13d2e47c537ccf,2019-10-04T23:39:23,"['http://dbpedia.org/resource/Justin_Verlander', 'http://dbpedia.org/resource/Kevin_Cash']",[]
fce65e9ceed3a4a9789f56f61e0e4a73bb27282,e1f64a1145d736facc2ea0883e82ba92,2019-10-04T19:53:23,['http://dbpedia.org/resource/Defensively_equipped_merchant_ship'],[]
fce65e9ceed3a4a9789f56f61e0e4a73bb11411,3a29ef8c616b3936d419fa6641579b94,2019-10-04T12:47:35,['http://dbpedia.org/resource/WhatsApp'],[]
fce65e9ceed3a4a9789f56f61e0e4a73bb14870,a28b8959f7208c0082a8e1fc13aec64a,2019-10-04T14:45:33,['http://dbpedia.org/resource/YouTuber'],[]
fce65e9ceed3a4a9789f56f61e0e4a73bb32708,9c80e0e31eef8aae42630ec24f891ab1,2019-10-04T22:10:06,['http://dbpedia.org/resource/Bicycle-sharing_system'],[]
fce65e9ceed3a4a9789f56f61e0e4a73bb1935,7f8111e0a701d85cd1be9fb52a7ea2a7,2019-10-04T06:00:50,"['http://dbpedia.org/resource/President_of_the_United_States', 'http://dbpedia.org/resource/Twitter']",[]
fce65e9ceed3a4a9789f56f61e0e4a73bb24045,586acaa2855e402b3e56759d58888bf7,2019-10-04T18:27:01,['http://dbpedia.org/resource/Halloween'],[]
fce65e9ceed3a4a9789f56f61e0e4a73bb15115,c4d2c0f4f3707247ce7c601d1d639da5,2019-10-04T14:51:59,['http://dbpedia.org/resource/Twitter'],[]
fce65e9ceed3a4a9789f56f61e0e4a73bb20990,d8562dfcbed9a718488d0c451002e88f,2019-10-04T17:18:55,['http://dbpedia.org/resource/Pixar'],[]
fce65e9ceed3a4a9789f56f61e0e4a73bb15799,ac75982f71405c80ad8851e3aaa2b89a,2019-10-04T15:09:53,['http://dbpedia.org/resource/Nice'],[]
fce65e9ceed3a4a9789f56f61e0e4a73bb13299,32f93aa38768d7336c160a0e0443ac49,2019-10-04T13:54:56,['http://dbpedia.org/resource/YouTube'],[]
fce65e9ceed3a4a9789f56f61e0e4a73bb23651,0e656ef4a74c74a2c8ef64d80c7cec38,2019-10-04T18:19:11,['http://dbpedia.org/resource/Single-payer_healthcare'],[]
fce65e9ceed3a4a9789f56f61e0e4a73bb14786,1a5602178afdcacced1ad6f7af6eee21,2019-10-04T14:41:23,['http://dbpedia.org/resource/English_language'],[]
fce65e9ceed3a4a9789f56f61e0e4a73bb8537,69eb5be2a2e424ba716baed9cdce7ac3,2019-10-04T10:35:54,['http://dbpedia.org/resource/Harley-Davidson'],[]
fce65e9ceed3a4a9789f56f61e0e4a73bb1044,c037de25f9557d5df3d0fe09fa9a557b,2019-10-04T05:26:21,['http://dbpedia.org/resource/Ridley_Scott'],[]
fce65e9ceed3a4a9789f56f61e0e4a73bb12183,9eac483a85766afb3a13fba8828e7cc5,2019-10-04T13:18:30,['http://dbpedia.org/resource/American_Civil_Liberties_Union'],[]
fce65e9ceed3a4a9789f56f61e0e4a73bb13873,ceb470caa2cdd0c45911b892f292b25b,2019-10-04T14:12:48,['http://dbpedia.org/resource/Black_people'],[]
fce65e9ceed3a4a9789f56f61e0e4a73bb33616,b0014d4fc950299d52d9e25ab90be4c6,2019-10-04T22:36:54,['http://dbpedia.org/resource/Diahann_Carroll'],[]
fce65e9ceed3a4a9789f56f61e0e4a73bb28922,9a1a061ccdd41d17dad072256728b805,2019-10-04T20:30:07,['http://dbpedia.org/resource/Playboy'],[]
fce65e9ceed3a4a9789f56f61e0e4a73bb26852,e7c2eada4d0dff66c37ac24b1952dc5c,2019-10-04T19:42:14,['http://dbpedia.org/resource/Human_rights'],[]
fce65e9ceed3a4a9789f56f61e0e4a73bb14673,f8726825410c85ac63a0d5d235871d0b,2019-10-04T14:39:03,['http://dbpedia.org/resource/Twitter'],[]
fce65e9ceed3a4a9789f56f61e0e4a73bb21458,e057b4a472aea3e0b5b44143ee9e309b,2019-10-04T17:32:01,['http://dbpedia.org/resource/Merseyside'],[]
fce65e9ceed3a4a9789f56f61e0e4a73bb7425,8bf4ffbecf9cb51b06dc9d02406e4dfd,2019-10-04T09:46:10,['http://dbpedia.org/resource/Hockey_East'],[]
fce65e9ceed3a4a9789f56f61e0e4a73bb2220,a81975e7265ad339965c73214a5414ba,2019-10-04T06:09:02,['http://dbpedia.org/resource/Wildfire'],[]
fce65e9ceed3a4a9789f56f61e0e4a73bb11827,e9418995eef1e8734a6cd4cfe7185acf,2019-10-04T13:04:22,"['http://dbpedia.org/resource/Bible', 'http://dbpedia.org/resource/Freedom_From_Religion_Foundation']",[]
fce65e9ceed3a4a9789f56f61e0e4a73bb20449,308dbcc8c025efd944abeeaca3a7f6cb,2019-10-04T17:05:59,"['http://dbpedia.org/resource/4K_resolution', 'http://dbpedia.org/resource/India', 'http://dbpedia.org/resource/Twitter']",[]
fce65e9ceed3a4a9789f56f61e0e4a73bb10339,556497d2aebe27b6e9186818fecfb59e,2019-10-04T12:02:26,['http://dbpedia.org/resource/Pregnancy'],[]
fce65e9ceed3a4a9789f56f61e0e4a73bb15508,5a1dde22b72cb0cab41be67e65444e24,2019-10-04T15:02:49,['http://dbpedia.org/resource/This_Is_Us'],[]
fce65e9ceed3a4a9789f56f61e0e4a73bb17561,58224d52ca53052c02e1e43783dcfe3f,2019-10-04T15:57:21,['http://dbpedia.org/resource/Donald_Trump'],[]
fce65e9ceed3a4a9789f56f61e0e4a73bb1620,3ff0ad1b36412857e190977207021972,2019-10-04T05:50:00,['http://dbpedia.org/resource/Honda_Center'],[]
fce65e9ceed3a4a9789f56f61e0e4a73bb8428,ff0c0f49beeb22fe11a1e9b9873db906,2019-10-04T10:29:34,['http://dbpedia.org/resource/Pregnancy'],[]
fce65e9ceed3a4a9789f56f61e0e4a73bb12666,a2eea5e7e74e8d40bf3ccfd320eee363,2019-10-04T13:34:17,['http://dbpedia.org/resource/Exhibition_game'],[]
fce65e9ceed3a4a9789f56f61e0e4a73bb15657,5989478a7a75862a8a6b0e450469f2af,2019-10-04T15:06:59,['http://dbpedia.org/resource/YouTube'],[]
fce65e9ceed3a4a9789f56f61e0e4a73bb13784,1df26880a97d219f5a30f43257e086b2,2019-10-04T14:10:59,['http://dbpedia.org/resource/Cy_Young_Award'],[]
fce65e9ceed3a4a9789f56f61e0e4a73bb21887,f80c2ef5847f7d721d27027c0337ccdc,2019-10-04T17:41:51,['http://dbpedia.org/resource/Hispanic_and_Latino_Americans'],[]
fce65e9ceed3a4a9789f56f61e0e4a73bb21142,a386c11aa0399fc4721449b72ca8f42b,2019-10-04T17:21:46,['http://dbpedia.org/resource/5_Seconds_of_Summer'],[]
fce65e9ceed3a4a9789f56f61e0e4a73bb23949,9cd2bdb727c0d13d53b54f90107d4440,2019-10-04T18:25:12,"['http://dbpedia.org/resource/Diahann_Carroll', 'http://dbpedia.org/resource/The_Good_Place']",[]
fce65e9ceed3a4a9789f56f61e0e4a73bb20537,2df6bfd6331ba8700f3d1563a0fd2b6e,2019-10-04T17:08:25,['http://dbpedia.org/resource/Astrological_sign'],[]
fce65e9ceed3a4a9789f56f61e0e4a73bb17344,39b61d28d7591ddb0d2bca7dfe7abb40,2019-10-04T15:49:40,['http://dbpedia.org/resource/Nice'],[]
fce65e9ceed3a4a9789f56f61e0e4a73bb13121,57923a593be30eb12ee697d352c83598,2019-10-04T13:48:09,['http://dbpedia.org/resource/South_Africa'],[]
fce65e9ceed3a4a9789f56f61e0e4a73bb13413,fe085d0332bfe725b5f14811d07d14ba,2019-10-04T13:57:13,"['http://dbpedia.org/resource/BTS', 'http://dbpedia.org/resource/Jungkook']",[]
fce65e9ceed3a4a9789f56f61e0e4a73bb30469,564132ee326d5ca2609845f3d4171bca,2019-10-04T21:06:32,"['http://dbpedia.org/resource/English_language', 'http://dbpedia.org/resource/Nice']",[]
fce65e9ceed3a4a9789f56f61e0e4a73bb25366,c8c1a8414140af04ddab4df9c36addd9,2019-10-04T19:03:17,"['http://dbpedia.org/resource/Donald_Trump', 'http://dbpedia.org/resource/Engadget', 'http://dbpedia.org/resource/Google', 'http://dbpedia.org/resource/Ivanka_Trump']",[]
fce65e9ceed3a4a9789f56f61e0e4a73bb31533,7bfffe515fd375a725ec3017a277a65f,2019-10-04T21:32:12,['http://dbpedia.org/resource/Defensively_equipped_merchant_ship'],[]
fce65e9ceed3a4a9789f56f61e0e4a73bb12604,a54e540c56cef939d3900326c60407a5,2019-10-04T13:32:16,['http://dbpedia.org/resource/YouTuber'],[]
fce65e9ceed3a4a9789f56f61e0e4a73bb6066,ef68afd4d55477dac3eed41b913a042e,2019-10-04T08:40:23,['http://dbpedia.org/resource/TikTok'],[]
fce65e9ceed3a4a9789f56f61e0e4a73bb10426,7c4313f09a8be683301c231d5efcde95,2019-10-04T12:07:00,"['http://dbpedia.org/resource/Bachelor_of_Science', 'http://dbpedia.org/resource/CNN']",[]
fce65e9ceed3a4a9789f56f61e0e4a73bb23463,f507ea4b3f5023c6cd94af2b414a7824,2019-10-04T18:16:02,['http://dbpedia.org/resource/CNN'],[]
fce65e9ceed3a4a9789f56f61e0e4a73bb23742,fdb6b0d6ffac2d7d9e5839f1c8c2721b,2019-10-04T18:21:06,['http://dbpedia.org/resource/Fried_chicken'],[]
fce65e9ceed3a4a9789f56f61e0e4a73bb9405,7113ee190e81df9c6443f966aed0c9be,2019-10-04T11:15:20,['http://dbpedia.org/resource/Defensive_tackle'],[]
fce65e9ceed3a4a9789f56f61e0e4a73bb9098,49246a701907079f03f08eaccdd0c282,2019-10-04T11:04:43,['http://dbpedia.org/resource/The_Sydney_Morning_Herald'],[]
fce65e9ceed3a4a9789f56f61e0e4a73bb25868,b96da7affd1c5f8d77f6a7cb5b7fc1c9,2019-10-04T19:15:37,['http://dbpedia.org/resource/Nice'],[]
fce65e9ceed3a4a9789f56f61e0e4a73bb31583,d7805a230f3b2f174cc400fbcc2e1a81,2019-10-04T21:34:28,['http://dbpedia.org/resource/TikTok'],[]
fce65e9ceed3a4a9789f56f61e0e4a73bb4755,a82eab00456c8c7bbbae1cb3d7972cf2,2019-10-04T07:42:14,['http://dbpedia.org/resource/Kashmir'],[]
fce65e9ceed3a4a9789f56f61e0e4a73bb17172,c6350225592dee45c9cb0ca7b0d2ea74,2019-10-04T15:44:49,['http://dbpedia.org/resource/Switzerland'],[]
fce65e9ceed3a4a9789f56f61e0e4a73bb28077,8615c7efd8112a93a90293d9806f03e7,2019-10-04T20:09:38,['http://dbpedia.org/resource/Single-payer_healthcare'],[]
fce65e9ceed3a4a9789f56f61e0e4a73bb26959,813911a2f77dc045d7a9fc678d9e03f7,2019-10-04T19:45:05,['http://dbpedia.org/resource/Twitter'],[]
fce65e9ceed3a4a9789f56f61e0e4a73bb16292,80b04d176f6daf00ea9e373bac49de31,2019-10-04T15:20:55,['http://dbpedia.org/resource/Venice'],[]
fce65e9ceed3a4a9789f56f61e0e4a73bb21374,ed139b4cd1f01e0799b3f85621aa951a,2019-10-04T17:30:11,"['http://dbpedia.org/resource/Adam_Schiff', 'http://dbpedia.org/resource/The_WB']",[]
fce65e9ceed3a4a9789f56f61e0e4a73bb8238,757cb2803cad8f375337d3fe087e88cc,2019-10-04T10:22:06,['http://dbpedia.org/resource/Twitter'],[]
fce65e9ceed3a4a9789f56f61e0e4a73bb30590,1c92420d9bbaa2ed641ee93093df93ea,2019-10-04T21:10:16,['http://dbpedia.org/resource/Caregiver'],[]
fce65e9ceed3a4a9789f56f61e0e4a73bb32174,51ad9e5c053a0b74babe8122a75e0a7b,2019-10-04T21:52:45,['http://dbpedia.org/resource/Tootsie_Roll'],[]
fce65e9ceed3a4a9789f56f61e0e4a73bb3313,67c44b1f232b3efb565e61866b76f36c,2019-10-04T06:42:04,['http://dbpedia.org/resource/BTS'],[]
fce65e9ceed3a4a9789f56f61e0e4a73bb15338,c16b08beef04555b63b24da0c750a613,2019-10-04T14:57:44,['http://dbpedia.org/resource/The_Economist'],[]
fce65e9ceed3a4a9789f56f61e0e4a73bb25050,d11ccd1d15dea08320cc362982412cf0,2019-10-04T18:54:06,['http://dbpedia.org/resource/Snack'],[]
fce65e9ceed3a4a9789f56f61e0e4a73bb20134,896ec9759af86a8d1d01eca783af5ce2,2019-10-04T16:58:21,['http://dbpedia.org/resource/Starbucks'],[]
fce65e9ceed3a4a9789f56f61e0e4a73bb20670,7057f971dcbeb8e822d7549990184cb3,2019-10-04T17:11:47,"['http://dbpedia.org/resource/Europe', 'http://dbpedia.org/resource/The_Atlantic']",[]
fce65e9ceed3a4a9789f56f61e0e4a73bb27151,2f6acadb1b0a76b0928699f1ab8df9f9,2019-10-04T19:49:42,['http://dbpedia.org/resource/Billie_Eilish'],[]
fce65e9ceed3a4a9789f56f61e0e4a73bb12206,891cc5630f27487cbe9b32bce8a7a45a,2019-10-04T13:19:31,['http://dbpedia.org/resource/Public_relations'],[]
fce65e9ceed3a4a9789f56f61e0e4a73bb10620,783e03bf91b811bdf17d6123bbe671a6,2019-10-04T12:13:37,['http://dbpedia.org/resource/English_language'],[]
fce65e9ceed3a4a9789f56f61e0e4a73bb33707,ece05d14485a8778fac562aad70e5090,2019-10-04T22:38:37,['http://dbpedia.org/resource/Halloween'],[]
fce65e9ceed3a4a9789f56f61e0e4a73bb10449,dded8f7a2ef3de19e4bdc99df178d103,2019-10-04T12:07:48,"['http://dbpedia.org/resource/High_school_football', 'http://dbpedia.org/resource/Maryland']",[]
fce65e9ceed3a4a9789f56f61e0e4a73bb35698,8ae24b6275dd3c608d168e11db7a31d6,2019-10-04T23:35:02,['http://dbpedia.org/resource/Amazon_Kindle'],[]
fce65e9ceed3a4a9789f56f61e0e4a73bb12269,0492e5a5c2421500af6b124d14066bc6,2019-10-04T13:21:56,['http://dbpedia.org/resource/Impeachment'],[]
fce65e9ceed3a4a9789f56f61e0e4a73bb19113,6699f16a824e363ba674ec7802594d31,2019-10-04T16:36:31,['http://dbpedia.org/resource/Castilian_Party'],[]
fce65e9ceed3a4a9789f56f61e0e4a73bb25992,296ebe7f670d018695252b35bac46765,2019-10-04T19:19:25,['http://dbpedia.org/resource/Halloween'],[]
fce65e9ceed3a4a9789f56f61e0e4a73bb5731,15b0732f4e112c21b4a1c9ed1850bccb,2019-10-04T08:28:21,['http://dbpedia.org/resource/Manchester_United_F.C.'],[]
fce65e9ceed3a4a9789f56f61e0e4a73bb21653,7bedbdb8289d33618d644c98d7d7a95a,2019-10-04T17:36:20,['http://dbpedia.org/resource/Andrew_Scheer'],[]
fce65e9ceed3a4a9789f56f61e0e4a73bb18594,dc4ec6151ceb75f8a0691eeb508d7c19,2019-10-04T16:23:24,['http://dbpedia.org/resource/The_New_York_Times'],[]
fce65e9ceed3a4a9789f56f61e0e4a73bb13085,37e242ab2d525505933bbdb47d50d2b9,2019-10-04T13:47:34,['http://dbpedia.org/resource/Baseball'],[]
fce65e9ceed3a4a9789f56f61e0e4a73bb13047,6c34505c14c633dc1c7b3a5fe024e820,2019-10-04T13:47:05,['http://dbpedia.org/resource/Twitter'],[]
fce65e9ceed3a4a9789f56f61e0e4a73bb17919,6c5a8473aa14702d489ec6bc8f8f1f95,2019-10-04T16:07:25,['http://dbpedia.org/resource/Toronto'],[]
fce65e9ceed3a4a9789f56f61e0e4a73bb34105,e82c8e2b320c39232932f379a518b73b,2019-10-04T22:49:03,"['http://dbpedia.org/resource/Donald_Trump', 'http://dbpedia.org/resource/Impeachment']",[]
fce65e9ceed3a4a9789f56f61e0e4a73bb19243,3c10a387be7cbad6150eac44eb58328a,2019-10-04T16:39:49,['http://dbpedia.org/resource/Racism'],[]
fce65e9ceed3a4a9789f56f61e0e4a73bb25816,9714d7c99fc687baef3a14b4cc2a0c18,2019-10-04T19:14:44,['http://dbpedia.org/resource/Aaron_Rodgers'],[]
fce65e9ceed3a4a9789f56f61e0e4a73bb24371,bf8e860648fa6e6aa202395a498a7302,2019-10-04T18:36:17,['http://dbpedia.org/resource/Ruth_Bader_Ginsburg'],[]
fce65e9ceed3a4a9789f56f61e0e4a73bb21521,c5836e372769a128ba8ed2d762fc6c78,2019-10-04T17:32:51,['http://dbpedia.org/resource/Peter_Navarro'],[]
fce65e9ceed3a4a9789f56f61e0e4a73bb22718,ff7054663524015385262cd37237f328,2019-10-04T18:01:17,['http://dbpedia.org/resource/John_Cornyn'],[]
fce65e9ceed3a4a9789f56f61e0e4a73bb4294,c221919574a815f70945ec25bb4c9bcf,2019-10-04T07:23:57,['http://dbpedia.org/resource/Halloween'],[]
fce65e9ceed3a4a9789f56f61e0e4a73bb11187,2344482be2cf2bf58a33cf8f86fe8564,2019-10-04T12:36:01,['http://dbpedia.org/resource/The_Sydney_Morning_Herald'],[]
fce65e9ceed3a4a9789f56f61e0e4a73bb4456,88b43c25fa8be439e79aee67bf176518,2019-10-04T07:31:23,['http://dbpedia.org/resource/Midfielder'],[]
fce65e9ceed3a4a9789f56f61e0e4a73bb842,60b693872dae1dee3eaa502f8be40f4d,2019-10-04T05:20:12,['http://dbpedia.org/resource/BBC'],[]
fce65e9ceed3a4a9789f56f61e0e4a73bb17293,f43c50a2c863995c41ac2acac01c099c,2019-10-04T15:48:30,['http://dbpedia.org/resource/Google'],[]
fce65e9ceed3a4a9789f56f61e0e4a73bb34595,7cf2e3530e19efc87f041c2caecd58a9,2019-10-04T23:00:16,"['http://dbpedia.org/resource/African_Americans', 'http://dbpedia.org/resource/Brooklyn', 'http://dbpedia.org/resource/Manhattan']",[]
fce65e9ceed3a4a9789f56f61e0e4a73bb15277,9f6be6af6c29f8bf195b30ba609a89dd,2019-10-04T14:55:27,['http://dbpedia.org/resource/Twitter'],[]
fce65e9ceed3a4a9789f56f61e0e4a73bb23617,94d4537110b40c2009225efafcf68168,2019-10-04T18:18:41,['http://dbpedia.org/resource/Historically_black_colleges_and_universities'],[]
fce65e9ceed3a4a9789f56f61e0e4a73bb5197,544d1b83d2d112e528f60a09722cd775,2019-10-04T08:01:59,['http://dbpedia.org/resource/EBay'],[]
fce65e9ceed3a4a9789f56f61e0e4a73bb4839,f9430b079dcfc7df977ba5dc520607b6,2019-10-04T07:47:43,['http://dbpedia.org/resource/YouTube'],[]
fce65e9ceed3a4a9789f56f61e0e4a73bb27078,3694094bc6e37e6befb7213cdee72ecc,2019-10-04T19:47:50,['http://dbpedia.org/resource/Bachelor_of_Science'],[]
fce65e9ceed3a4a9789f56f61e0e4a73bb29172,2c395277381cb6a4a1779928d22af99f,2019-10-04T20:37:43,['http://dbpedia.org/resource/NASCAR'],[]
fce65e9ceed3a4a9789f56f61e0e4a73bb22727,c523d5f7fda5aa6e88caafb35467cbc1,2019-10-04T18:01:21,"['http://dbpedia.org/resource/Anfield', 'http://dbpedia.org/resource/Brendan_Rodgers', 'http://dbpedia.org/resource/Premier_League']",[]
fce65e9ceed3a4a9789f56f61e0e4a73bb22810,d55fcc5316abe829af28c8f1933f3b83,2019-10-04T18:02:33,['http://dbpedia.org/resource/Centers_for_Disease_Control_and_Prevention'],[]
fce65e9ceed3a4a9789f56f61e0e4a73bb16406,64ed88dd044a972558fb37cb70c53e27,2019-10-04T15:23:42,"['http://dbpedia.org/resource/Facebook', 'http://dbpedia.org/resource/Instagram']",[]
fce65e9ceed3a4a9789f56f61e0e4a73bb36192,6f372d080798f8f6e07995e21b7930c7,2019-10-04T23:49:34,['http://dbpedia.org/resource/Twitter'],[]
fce65e9ceed3a4a9789f56f61e0e4a73bb22620,ff94c9635ed0945c8ba3b2724f995368,2019-10-04T18:00:30,['http://dbpedia.org/resource/BET'],[]
fce65e9ceed3a4a9789f56f61e0e4a73bb8594,03ae92fe5f13f3373c17e9d76cb93483,2019-10-04T10:37:48,['http://dbpedia.org/resource/Smart_TV'],[]
fce65e9ceed3a4a9789f56f61e0e4a73bb16423,67c22e1e75e52adf70ff26a5563b7865,2019-10-04T15:24:14,['http://dbpedia.org/resource/Harry_Potter'],[]
fce65e9ceed3a4a9789f56f61e0e4a73bb13467,eaee90f46b65936d4c743d703f7875d2,2019-10-04T13:58:28,['http://dbpedia.org/resource/Apple_Inc.'],[]
fce65e9ceed3a4a9789f56f61e0e4a73bb8069,b29ae6053377854cf2dd572721e046a7,2019-10-04T10:13:12,['http://dbpedia.org/resource/Oslo'],[]
fce65e9ceed3a4a9789f56f61e0e4a73bb16673,bf3148515f8d5910c451b27c7a11ad0a,2019-10-04T15:29:49,['http://dbpedia.org/resource/Joe_Biden'],[]
fce65e9ceed3a4a9789f56f61e0e4a73bb33842,a1a7b04b2a6fa7ad57ca07e7e6e0b526,2019-10-04T22:42:08,['http://dbpedia.org/resource/Christian_Bale'],[]
fce65e9ceed3a4a9789f56f61e0e4a73bb31787,670081a4c342a852683ff6122b38d824,2019-10-04T21:41:45,['http://dbpedia.org/resource/I_Feel_for_You'],[]
fce65e9ceed3a4a9789f56f61e0e4a73bb3733,b5cc60f2daa70aacf6c5f174b8e9060d,2019-10-04T06:57:40,['http://dbpedia.org/resource/Watt'],[]
fce65e9ceed3a4a9789f56f61e0e4a73bb31967,b41d2d7da77e26a3b169c143f669c0af,2019-10-04T21:45:58,['http://dbpedia.org/resource/Camila_Cabello'],[]
fce65e9ceed3a4a9789f56f61e0e4a73bb8893,ecd82aaa62537385ab11b2f0b91afae6,2019-10-04T10:52:19,"['http://dbpedia.org/resource/Feminism', 'http://dbpedia.org/resource/Social_media']",[]
fce65e9ceed3a4a9789f56f61e0e4a73bb23700,ebae29cd3e909c280fa5776808a124ea,2019-10-04T18:20:49,"['http://dbpedia.org/resource/BTS', 'http://dbpedia.org/resource/Skype']",[]
fce65e9ceed3a4a9789f56f61e0e4a73bb19560,ae14d2804db18d71f4fb440ab1b53a12,2019-10-04T16:46:14,['http://dbpedia.org/resource/Halloween'],[]
fce65e9ceed3a4a9789f56f61e0e4a73bb25629,35176fb0fcea738b87a69337bf5e6655,2019-10-04T19:09:50,['http://dbpedia.org/resource/Bowl_Championship_Series'],[]
fce65e9ceed3a4a9789f56f61e0e4a73bb27007,b62c44a208ef1f55776eb80ecc3218f6,2019-10-04T19:45:40,['http://dbpedia.org/resource/The_Sydney_Morning_Herald'],[]
fce65e9ceed3a4a9789f56f61e0e4a73bb16869,8915b465c621d7765d0346f156d639bf,2019-10-04T15:36:17,['http://dbpedia.org/resource/Twitter'],[]
fce65e9ceed3a4a9789f56f61e0e4a73bb29646,40548153edf4e7e96105bee7c9c8ba5e,2019-10-04T20:48:26,['http://dbpedia.org/resource/Private_browsing'],[]
fce65e9ceed3a4a9789f56f61e0e4a73bb17869,bc7fac598af451e312fd39f352920ecf,2019-10-04T16:05:32,"['http://dbpedia.org/resource/Cheat_sheet', 'http://dbpedia.org/resource/Chemistry']",[]
fce65e9ceed3a4a9789f56f61e0e4a73bb36349,24dab28a3ed17562209dd15cd55af9bf,2019-10-04T23:56:03,['http://dbpedia.org/resource/Air_pollution'],[]
fce65e9ceed3a4a9789f56f61e0e4a73bb27376,72546b07d334544eba557d0454669619,2019-10-04T19:55:43,['http://dbpedia.org/resource/Colt_McCoy'],[]
fce65e9ceed3a4a9789f56f61e0e4a73bb15845,5fc2dd442d2d740aa3ddb5607005be12,2019-10-04T15:10:53,"['http://dbpedia.org/resource/Child_sexual_abuse', 'http://dbpedia.org/resource/Sexual_slavery']",[]
fce65e9ceed3a4a9789f56f61e0e4a73bb11337,6711b775e9fd02cb91788d381a53db83,2019-10-04T12:43:19,['http://dbpedia.org/resource/Italy'],[]
fce65e9ceed3a4a9789f56f61e0e4a73bb30841,a26d262fdf45846b2dcc2ac2f6efab98,2019-10-04T21:15:35,['http://dbpedia.org/resource/WWE'],[]
fce65e9ceed3a4a9789f56f61e0e4a73bb3322,42ede04b9134ba2211018c9742db9d91,2019-10-04T06:42:12,['http://dbpedia.org/resource/Justin_Bieber'],[]
fce65e9ceed3a4a9789f56f61e0e4a73bb13340,3aeea705d853089ad2035fc2e1a88c68,2019-10-04T13:55:19,['http://dbpedia.org/resource/Impeachment'],[]
fce65e9ceed3a4a9789f56f61e0e4a73bb14994,86f31ea2de049d6562965f3f6d9f08aa,2019-10-04T14:47:51,"['http://dbpedia.org/resource/Manchester_United_F.C.', 'http://dbpedia.org/resource/Old_Trafford']",[]
fce65e9ceed3a4a9789f56f61e0e4a73bb30325,74fa149022a6e9463b369bb11034193b,2019-10-04T21:03:13,['http://dbpedia.org/resource/Houston'],[]
fce65e9ceed3a4a9789f56f61e0e4a73bb22348,4c21fd8e288b09a164f81dc1da36305a,2019-10-04T17:54:01,['http://dbpedia.org/resource/Quid_pro_quo'],[]
fce65e9ceed3a4a9789f56f61e0e4a73bb26926,0e78bfaee050a38fc44ec053956bd0f2,2019-10-04T19:44:26,['http://dbpedia.org/resource/HIV'],[]
fce65e9ceed3a4a9789f56f61e0e4a73bb2196,2e5d81369960561e001d4d4d2b638e1a,2019-10-04T06:08:11,['http://dbpedia.org/resource/BTS'],[]
fce65e9ceed3a4a9789f56f61e0e4a73bb24885,e2e7364b399e2afca8e2be8f8d53c2e5,2019-10-04T18:49:36,['http://dbpedia.org/resource/Twitter'],[]
fce65e9ceed3a4a9789f56f61e0e4a73bb10687,14bb07e74218fcb19671d0b96d62531c,2019-10-04T12:15:08,['http://dbpedia.org/resource/GoFundMe'],[]
fce65e9ceed3a4a9789f56f61e0e4a73bb22368,9d4dbf5ff66649fe52835ccb5ace9912,2019-10-04T17:54:12,"['http://dbpedia.org/resource/Twitter', 'http://dbpedia.org/resource/Watt']",[]
fce65e9ceed3a4a9789f56f61e0e4a73bb12037,acd11277b635e3094156afcf66a95f42,2019-10-04T13:10:52,['http://dbpedia.org/resource/Twitter'],[]
fce65e9ceed3a4a9789f56f61e0e4a73bb6229,65d4f79750867e6c092fbda3db38c487,2019-10-04T08:47:52,['http://dbpedia.org/resource/Spotify'],[]
fce65e9ceed3a4a9789f56f61e0e4a73bb29321,2ad6461be4a0a27d6743b4c78aa36a87,2019-10-04T20:40:57,['http://dbpedia.org/resource/Association_football'],[]
fce65e9ceed3a4a9789f56f61e0e4a73bb30368,8a6458840ef3a8d5ab8497c8d9df9d3e,2019-10-04T21:03:59,['http://dbpedia.org/resource/Racism'],[]
fce65e9ceed3a4a9789f56f61e0e4a73bb13200,addd6c6cdc40452431e29dcc73c787b5,2019-10-04T13:51:18,"['http://dbpedia.org/resource/Call_of_Duty', 'http://dbpedia.org/resource/Midfielder']",[]
fce65e9ceed3a4a9789f56f61e0e4a73bb2375,402485540abe54193ddd3063c00f328e,2019-10-04T06:13:55,['http://dbpedia.org/resource/Midfielder'],[]
fce65e9ceed3a4a9789f56f61e0e4a73bb27032,73a36d0476062f7483eaff017f34cb9e,2019-10-04T19:46:07,"['http://dbpedia.org/resource/Midfielder', 'http://dbpedia.org/resource/Twitter']",[]
fce65e9ceed3a4a9789f56f61e0e4a73bb19646,3f5d6edcdfc78faf51d5ef31e9f4bf5f,2019-10-04T16:47:04,['http://dbpedia.org/resource/Ford_Motor_Company'],[]
fce65e9ceed3a4a9789f56f61e0e4a73bb13476,042aa996a9d11d1b8341060f0fac29fe,2019-10-04T13:58:35,"['http://dbpedia.org/resource/Kashmir', 'http://dbpedia.org/resource/Twitter']",[]
fce65e9ceed3a4a9789f56f61e0e4a73bb7172,cd487b9e429f17b83dd2ed532a77e945,2019-10-04T09:35:37,['http://dbpedia.org/resource/East_Africa_Time'],[]
fce65e9ceed3a4a9789f56f61e0e4a73bb22738,b4c3edc8f461d37186a39bbe9cb62f12,2019-10-04T18:01:38,['http://dbpedia.org/resource/Nigeria'],[]
fce65e9ceed3a4a9789f56f61e0e4a73bb13833,532311879d4e7a6b6c7edc18d41e2399,2019-10-04T14:11:45,"['http://dbpedia.org/resource/Dubai', 'http://dbpedia.org/resource/Paris']",[]
fce65e9ceed3a4a9789f56f61e0e4a73bb18672,d126929592f46e8d515819ab0b56a48e,2019-10-04T16:25:10,['http://dbpedia.org/resource/Baseball'],[]
fce65e9ceed3a4a9789f56f61e0e4a73bb25259,ed3029fc27bf1b7d832ed8971f4a4a75,2019-10-04T19:00:31,['http://dbpedia.org/resource/Texas'],[]
fce65e9ceed3a4a9789f56f61e0e4a73bb28541,f7c072e3eb9485c967b84b4f3e98e2ce,2019-10-04T20:19:30,['http://dbpedia.org/resource/Texas'],[]
fce65e9ceed3a4a9789f56f61e0e4a73bb26758,43675021fadf0640d2083706e2a2ee2a,2019-10-04T19:39:36,['http://dbpedia.org/resource/Twitter'],[]
fce65e9ceed3a4a9789f56f61e0e4a73bb29945,d1d41a23d3865530f30f48ec67ffb552,2019-10-04T20:54:18,"['http://dbpedia.org/resource/Mediaite', 'http://dbpedia.org/resource/Tucker_Carlson']",[]
fce65e9ceed3a4a9789f56f61e0e4a73bb20521,452c8793421d291c08d927d3ab317499,2019-10-04T17:08:02,['http://dbpedia.org/resource/BTS'],[]
fce65e9ceed3a4a9789f56f61e0e4a73bb5443,232ee4c1b31c81c116fd53bca2977031,2019-10-04T08:16:58,['http://dbpedia.org/resource/Midfielder'],[]
fce65e9ceed3a4a9789f56f61e0e4a73bb33431,a6aada18ce2c5f487d7ae7a845f2d8ab,2019-10-04T22:32:22,['http://dbpedia.org/resource/United_States_dollar'],[]
fce65e9ceed3a4a9789f56f61e0e4a73bb13909,02c8d858e007d4b9a14494830516e8b9,2019-10-04T14:13:24,['http://dbpedia.org/resource/Social_media'],[]
fce65e9ceed3a4a9789f56f61e0e4a73bb8802,f7da638d6f582542fa3edac848b22542,2019-10-04T10:48:36,['http://dbpedia.org/resource/Defensively_equipped_merchant_ship'],[]
fce65e9ceed3a4a9789f56f61e0e4a73bb30902,d27b75c38d7b2871e3928c9ad73edc32,2019-10-04T21:17:20,['http://dbpedia.org/resource/Impeachment'],[]
fce65e9ceed3a4a9789f56f61e0e4a73bb24206,9d77a2c7ae9a513b76700287eea49ea8,2019-10-04T18:31:53,['http://dbpedia.org/resource/Rihanna'],[]
fce65e9ceed3a4a9789f56f61e0e4a73bb1394,b53038ececb52e2644507a13626f0057,2019-10-04T05:41:34,['http://dbpedia.org/resource/Imma'],[]
fce65e9ceed3a4a9789f56f61e0e4a73bb35939,ace9f9b09cf3332de33ec83700ff5060,2019-10-04T23:42:38,['http://dbpedia.org/resource/Lawyer'],[]
fce65e9ceed3a4a9789f56f61e0e4a73bb32984,d7377ea127561920fd450f85135c8a62,2019-10-04T22:16:44,['http://dbpedia.org/resource/Defamation'],[]
fce65e9ceed3a4a9789f56f61e0e4a73bb18912,5afe4634ef527bee546337d79c01bbf5,2019-10-04T16:30:12,['http://dbpedia.org/resource/Heart_of_Midlothian_F.C.'],[]
fce65e9ceed3a4a9789f56f61e0e4a73bb14435,2e612a3eef725d5e2f854db319ad1640,2019-10-04T14:29:57,['http://dbpedia.org/resource/The_Bahamas'],[]
fce65e9ceed3a4a9789f56f61e0e4a73bb33338,03c5270570a3d25556621bd186618e66,2019-10-04T22:28:56,['http://dbpedia.org/resource/Driving_under_the_influence'],[]
fce65e9ceed3a4a9789f56f61e0e4a73bb10219,60b168e072e144265c24aa39212d6040,2019-10-04T11:53:42,['http://dbpedia.org/resource/Wi-Fi'],[]
fce65e9ceed3a4a9789f56f61e0e4a73bb7928,1f2556eb5d8909507f6345c1f4117b65,2019-10-04T10:07:54,['http://dbpedia.org/resource/Cereal'],[]
fce65e9ceed3a4a9789f56f61e0e4a73bb12691,12998bd679babbaca8206d9422c28550,2019-10-04T13:35:18,['http://dbpedia.org/resource/Twitter'],[]
fce65e9ceed3a4a9789f56f61e0e4a73bb34551,fd7423c66ae18d57312edb5d961d0880,2019-10-04T22:59:57,['http://dbpedia.org/resource/Massage'],[]
fce65e9ceed3a4a9789f56f61e0e4a73bb15818,487db8e8bf2dc5974d1b54ad54de2baf,2019-10-04T15:09:58,['http://dbpedia.org/resource/Twitter'],[]
fce65e9ceed3a4a9789f56f61e0e4a73bb23109,c7fe0e0dd1017e73b20718645d5fdd01,2019-10-04T18:09:05,"['http://dbpedia.org/resource/Breitbart_News', 'http://dbpedia.org/resource/Food_and_Drug_Administration']",[]
fce65e9ceed3a4a9789f56f61e0e4a73bb25271,04996ad6834621be1b281cd09ce50ad1,2019-10-04T19:01:11,['http://dbpedia.org/resource/Twitter'],[]
f34d83e7b26764bf2992a4ecbe9d3a1dbb25228,c849806fa21f45fa4d0f9ba63f2b06b5,2019-10-05T16:10:40,"['http://dbpedia.org/resource/Instagram', 'http://dbpedia.org/resource/Spotify']",[]
f34d83e7b26764bf2992a4ecbe9d3a1dbb22519,36f24a7e283aac3dea415fa6e85f4499,2019-10-05T14:46:13,['http://dbpedia.org/resource/Leg_press'],[]
f34d83e7b26764bf2992a4ecbe9d3a1dbb9254,88a3c562ea5db6ac84d34982a44187f8,2019-10-05T05:01:36,['http://dbpedia.org/resource/East_Africa_Time'],[]
f34d83e7b26764bf2992a4ecbe9d3a1dbb14688,145e81d1c6ac86c283f587575e9e7917,2019-10-05T09:00:00,"['http://dbpedia.org/resource/BTS', 'http://dbpedia.org/resource/Castilian_Party', 'http://dbpedia.org/resource/Spotify']",[]
f34d83e7b26764bf2992a4ecbe9d3a1dbb30041,f463512b03d0a79ec3ac4e13c6ddf9aa,2019-10-05T18:14:41,['http://dbpedia.org/resource/BET'],[]
f34d83e7b26764bf2992a4ecbe9d3a1dbb4326,502ae73cc2c9199281b0c4e18dad7fce,2019-10-05T02:27:11,['http://dbpedia.org/resource/Snapchat'],[]
f34d83e7b26764bf2992a4ecbe9d3a1dbb11685,cbbb5b2a1b1efefda42fc85c9d3b58a2,2019-10-05T06:33:02,['http://dbpedia.org/resource/BTS'],[]
f34d83e7b26764bf2992a4ecbe9d3a1dbb8046,56edf31656f40ba4d434a7ca8f218d0e,2019-10-05T04:21:15,['http://dbpedia.org/resource/NATS_Holdings'],[]
f34d83e7b26764bf2992a4ecbe9d3a1dbb6687,02075bc26f74a07e38eef7932dd6b538,2019-10-05T03:44:15,['http://dbpedia.org/resource/Lola_Cars'],[]
f34d83e7b26764bf2992a4ecbe9d3a1dbb11572,9796c2300fd0c6f6db40c71005b575b4,2019-10-05T06:27:23,['http://dbpedia.org/resource/CrossFit'],[]
f34d83e7b26764bf2992a4ecbe9d3a1dbb32701,72e7e5d33b71944170fb0abff5c43109,2019-10-05T19:17:49,['http://dbpedia.org/resource/Ice_cream'],[]
f34d83e7b26764bf2992a4ecbe9d3a1dbb29245,b432f467d1d9da920682ce5f7e1f71c2,2019-10-05T17:57:48,['http://dbpedia.org/resource/YouTube'],[]
f34d83e7b26764bf2992a4ecbe9d3a1dbb2316,7d48ef8a45b3700ead0387672801bc2a,2019-10-05T01:22:31,['http://dbpedia.org/resource/Donald_Trump'],[]
f34d83e7b26764bf2992a4ecbe9d3a1dbb1450,7c86967148beb3fc4f2fa710bc00e795,2019-10-05T00:51:24,['http://dbpedia.org/resource/Try_This'],[]
f34d83e7b26764bf2992a4ecbe9d3a1dbb23862,0c855dd8a333fe9b8e15d4b4e9d5ca20,2019-10-05T15:30:11,['http://dbpedia.org/resource/Hindi'],[]
f34d83e7b26764bf2992a4ecbe9d3a1dbb20530,55749c346e6774970aeddf18e60ee4fa,2019-10-05T13:36:24,['http://dbpedia.org/resource/Crowdfunding'],[]
f34d83e7b26764bf2992a4ecbe9d3a1dbb9720,48c522a23b5967b69127cd4dee0936f5,2019-10-05T05:16:04,"['http://dbpedia.org/resource/Freedom_of_speech', 'http://dbpedia.org/resource/The_Sydney_Morning_Herald']",[]
f34d83e7b26764bf2992a4ecbe9d3a1dbb32795,278de3fa7f857cecebf137ac188c71d0,2019-10-05T19:21:22,['http://dbpedia.org/resource/Lucasfilm'],[]
f34d83e7b26764bf2992a4ecbe9d3a1dbb33300,841b709b2aef68a605405ecae78c55fa,2019-10-05T19:35:59,"['http://dbpedia.org/resource/Chicago', 'http://dbpedia.org/resource/Tijuana']",[]
f34d83e7b26764bf2992a4ecbe9d3a1dbb20024,a68d2cd81eff97789ff73a5bbf047163,2019-10-05T13:16:48,['http://dbpedia.org/resource/Try_This'],[]
f34d83e7b26764bf2992a4ecbe9d3a1dbb30465,c945511b310267f757f6821acca8af10,2019-10-05T18:22:30,['http://dbpedia.org/resource/Impeachment'],[]
f34d83e7b26764bf2992a4ecbe9d3a1dbb18613,99a691b4e346a8481c47d04714931ec9,2019-10-05T12:10:58,['http://dbpedia.org/resource/Soulmate'],[]
f34d83e7b26764bf2992a4ecbe9d3a1dbb25134,7e1cbe72fcf7b02f07ce459bb99b5963,2019-10-05T16:07:30,['http://dbpedia.org/resource/Richard_Nixon'],[]
f34d83e7b26764bf2992a4ecbe9d3a1dbb31903,be7022308ab282e14739673ef275cff1,2019-10-05T19:01:13,['http://dbpedia.org/resource/NBCSN'],[]
f34d83e7b26764bf2992a4ecbe9d3a1dbb35812,02e05b9919b9b36812321c44b3976c6b,2019-10-05T20:47:29,['http://dbpedia.org/resource/Reuters'],[]
f34d83e7b26764bf2992a4ecbe9d3a1dbb29572,7f8a608e8a2e1877b087e8f8a8ffd71f,2019-10-05T18:05:09,['http://dbpedia.org/resource/UTEP_Miners_football'],[]
f34d83e7b26764bf2992a4ecbe9d3a1dbb19096,9adbf901fce0b364433f1170f529c78d,2019-10-05T12:31:32,['http://dbpedia.org/resource/Egypt'],[]
f34d83e7b26764bf2992a4ecbe9d3a1dbb18568,341cf3114985b99297029e01ee30f1ae,2019-10-05T12:09:48,['http://dbpedia.org/resource/Drug_Enforcement_Administration'],[]
f34d83e7b26764bf2992a4ecbe9d3a1dbb34640,787a0326694aa1db585efef097c7e71b,2019-10-05T20:15:02,['http://dbpedia.org/resource/Netflix'],[]
f34d83e7b26764bf2992a4ecbe9d3a1dbb3612,da1f0e4b1954ffb8ab6934f21dce6807,2019-10-05T02:06:17,['http://dbpedia.org/resource/Twitter'],[]
f34d83e7b26764bf2992a4ecbe9d3a1dbb5212,b57fe66a17484cef0b685a4739762c5c,2019-10-05T02:51:39,['http://dbpedia.org/resource/Unidentified_flying_object'],[]
f34d83e7b26764bf2992a4ecbe9d3a1dbb36154,7cf2af8f5be2d88029467eb38694a8f4,2019-10-05T20:59:19,['http://dbpedia.org/resource/Michigan'],[]
f34d83e7b26764bf2992a4ecbe9d3a1dbb33653,368973cc0e1b7ff9602eb829e172d5dc,2019-10-05T19:44:47,"['http://dbpedia.org/resource/Imma', 'http://dbpedia.org/resource/Nice']",[]
f34d83e7b26764bf2992a4ecbe9d3a1dbb25471,61b1cafba43060afa458f73934fbbbda,2019-10-05T16:17:44,['http://dbpedia.org/resource/Birth_weight'],[]
f34d83e7b26764bf2992a4ecbe9d3a1dbb12046,be351a6754f1e940d82796dc3d8779c0,2019-10-05T06:51:28,['http://dbpedia.org/resource/Midfielder'],[]
f34d83e7b26764bf2992a4ecbe9d3a1dbb28489,e4d80bf00329fb7beccd98c1bcc02c38,2019-10-05T17:39:35,"['http://dbpedia.org/resource/Association_football', 'http://dbpedia.org/resource/BBC', 'http://dbpedia.org/resource/James_Maddison']",[]
f34d83e7b26764bf2992a4ecbe9d3a1dbb12929,54e919e008fa59a3d8d4dd5b8a188e9a,2019-10-05T07:26:30,['http://dbpedia.org/resource/Twitter'],[]
f34d83e7b26764bf2992a4ecbe9d3a1dbb30024,2249d53be9b05a2ddb28beabf0885fea,2019-10-05T18:13:35,['http://dbpedia.org/resource/LGBT'],[]
f34d83e7b26764bf2992a4ecbe9d3a1dbb10450,61c533d973eb65ad17803b7068d3bb3b,2019-10-05T05:40:57,['http://dbpedia.org/resource/Marvel_Studios'],[]
f34d83e7b26764bf2992a4ecbe9d3a1dbb5792,5d3869753de7b9be048dc391c024417b,2019-10-05T03:12:51,['http://dbpedia.org/resource/Instagram'],[]
f34d83e7b26764bf2992a4ecbe9d3a1dbb11145,06ec93d5ec68fcd3c7525a169f79cb4b,2019-10-05T06:11:15,['http://dbpedia.org/resource/Midfielder'],[]
f34d83e7b26764bf2992a4ecbe9d3a1dbb1968,15fc16c2394e3bea742196b260f452dd,2019-10-05T01:09:22,"['http://dbpedia.org/resource/Imma', 'http://dbpedia.org/resource/Twitter']",[]
f34d83e7b26764bf2992a4ecbe9d3a1dbb17793,a7200461718bce72eaf2efb66c1a25d3,2019-10-05T11:34:55,['http://dbpedia.org/resource/Lionel_Messi'],[]
f34d83e7b26764bf2992a4ecbe9d3a1dbb23632,943b2c8bd5646258a4edd94ab510d1e7,2019-10-05T15:23:16,['http://dbpedia.org/resource/Call_of_Duty'],[]
f34d83e7b26764bf2992a4ecbe9d3a1dbb1283,5dcb8fd5decee1dd977733063befb6cb,2019-10-05T00:46:02,['http://dbpedia.org/resource/Anfield'],[]
f34d83e7b26764bf2992a4ecbe9d3a1dbb19251,04fa41fded6dbbd950538b8f0bc4d457,2019-10-05T12:39:41,"['http://dbpedia.org/resource/Microsoft', 'http://dbpedia.org/resource/Surface_Pro']",[]
f34d83e7b26764bf2992a4ecbe9d3a1dbb34702,9dccfa0b129ac956211c1c635dd79bc1,2019-10-05T20:16:02,['http://dbpedia.org/resource/Twitter'],[]
f34d83e7b26764bf2992a4ecbe9d3a1dbb23829,f1bd60bc73addeecd5b61aa7ffa12dae,2019-10-05T15:28:30,['http://dbpedia.org/resource/Donald_Trump'],[]
f34d83e7b26764bf2992a4ecbe9d3a1dbb29592,b74ae5ee8d08a6ef287592eb3e27be0c,2019-10-05T18:05:11,"['http://dbpedia.org/resource/Donald_Trump', 'http://dbpedia.org/resource/Mike_Pence']",[]
f34d83e7b26764bf2992a4ecbe9d3a1dbb12490,57efe90d356523d045cfea45d8758a6d,2019-10-05T07:11:58,['http://dbpedia.org/resource/Hungary'],[]
f34d83e7b26764bf2992a4ecbe9d3a1dbb14894,27a0cf1d27a4594170a927572b68bb5d,2019-10-05T09:09:48,"['http://dbpedia.org/resource/Costco', 'http://dbpedia.org/resource/Pumpkin_pie']",[]
f34d83e7b26764bf2992a4ecbe9d3a1dbb33192,6abc619be1a68507ee4f920609a8b489,2019-10-05T19:32:34,['http://dbpedia.org/resource/Donald_Trump_Jr.'],[]
f34d83e7b26764bf2992a4ecbe9d3a1dbb11237,d3d66bec7a7d320873662cc6b241161e,2019-10-05T06:16:05,['http://dbpedia.org/resource/Rapping'],[]
f34d83e7b26764bf2992a4ecbe9d3a1dbb8167,5f686c7ebf95b52ab43313578fa02ad0,2019-10-05T04:26:02,['http://dbpedia.org/resource/Mad_Men'],[]
f34d83e7b26764bf2992a4ecbe9d3a1dbb6030,5eb36aeaf3a605a75431b14f3f4b592b,2019-10-05T03:18:44,['http://dbpedia.org/resource/Bachelor_of_Science'],[]
f34d83e7b26764bf2992a4ecbe9d3a1dbb26018,d8ccf072a16171c7638c579819156e05,2019-10-05T16:35:11,"['http://dbpedia.org/resource/Chris_Wallace', 'http://dbpedia.org/resource/Donald_Trump', 'http://dbpedia.org/resource/Fox_News']",[]
f34d83e7b26764bf2992a4ecbe9d3a1dbb24112,162591d90ce1b83faee364c1c4ff7a62,2019-10-05T15:39:36,['http://dbpedia.org/resource/Pop_music'],[]
f34d83e7b26764bf2992a4ecbe9d3a1dbb17599,d47b4b7da4d258a8d65d05ed981a6113,2019-10-05T11:24:29,['http://dbpedia.org/resource/Uber'],[]
f34d83e7b26764bf2992a4ecbe9d3a1dbb10473,dec5316873fe6f0f15e87e958299af12,2019-10-05T05:41:43,['http://dbpedia.org/resource/Spotify'],[]
f34d83e7b26764bf2992a4ecbe9d3a1dbb8664,b2e6d2115b07e1bac98080872664120f,2019-10-05T04:40:33,['http://dbpedia.org/resource/BTS'],[]
f34d83e7b26764bf2992a4ecbe9d3a1dbb1364,c9449005070950992bdb137df37df081,2019-10-05T00:48:59,['http://dbpedia.org/resource/Twitter'],[]
f34d83e7b26764bf2992a4ecbe9d3a1dbb9783,a062aa993fe85ee73015b64c6fb1da1e,2019-10-05T05:18:25,['http://dbpedia.org/resource/Ice_cream'],[]
f34d83e7b26764bf2992a4ecbe9d3a1dbb12602,4f03575ff6e0cae394249bd2284ca13e,2019-10-05T07:15:51,"['http://dbpedia.org/resource/Netflix', 'http://dbpedia.org/resource/Rugrats']",[]
f34d83e7b26764bf2992a4ecbe9d3a1dbb9188,3a7fe166753d19497eb356c0d9a9bbbb,2019-10-05T04:58:50,"['http://dbpedia.org/resource/Donald_Trump', 'http://dbpedia.org/resource/President_of_the_United_States']",[]
f34d83e7b26764bf2992a4ecbe9d3a1dbb7341,442cac2ebb01cdb70c8d295ecc5bbb09,2019-10-05T04:03:16,['http://dbpedia.org/resource/I_Feel_Bad'],[]
f34d83e7b26764bf2992a4ecbe9d3a1dbb33091,dd0252f5d8347a077afb8d4a91a39433,2019-10-05T19:30:12,['http://dbpedia.org/resource/Vanuatu'],[]
f34d83e7b26764bf2992a4ecbe9d3a1dbb4169,6ddf374cd8087de7372e6050b74c99c6,2019-10-05T02:22:36,['http://dbpedia.org/resource/WWE'],[]
f34d83e7b26764bf2992a4ecbe9d3a1dbb502,8ce672452eead2e4a753a5b1c0421db4,2019-10-05T00:16:04,['http://dbpedia.org/resource/Seven_Pounds'],[]
f34d83e7b26764bf2992a4ecbe9d3a1dbb2434,3402cdd0538bfcf5613a6ff0b31db5d2,2019-10-05T01:26:36,['http://dbpedia.org/resource/Coffee'],[]
f34d83e7b26764bf2992a4ecbe9d3a1dbb21276,8d4533cfbafa863c549583f107633b4c,2019-10-05T14:03:16,['http://dbpedia.org/resource/Microsoft_Ignite'],[]
f34d83e7b26764bf2992a4ecbe9d3a1dbb21014,872b3e22e629dc4a2b7ee063c83fdd36,2019-10-05T13:53:40,['http://dbpedia.org/resource/Nice'],[]
f34d83e7b26764bf2992a4ecbe9d3a1dbb27777,0b056d5c0c708539832624f2413dc4f3,2019-10-05T17:21:02,"['http://dbpedia.org/resource/Binge-watching', 'http://dbpedia.org/resource/Raising_Dion']",[]
f34d83e7b26764bf2992a4ecbe9d3a1dbb24325,4e3068a120005438f1e3d6c54a58325c,2019-10-05T15:45:04,"['http://dbpedia.org/resource/Bowl_Championship_Series', 'http://dbpedia.org/resource/Mental_disorder']",[]
f34d83e7b26764bf2992a4ecbe9d3a1dbb28221,29c20a3ecde286f3cb061fa97fc3580e,2019-10-05T17:31:52,['http://dbpedia.org/resource/Snapchat'],[]
f34d83e7b26764bf2992a4ecbe9d3a1dbb680,d61353d94c8dacf9d5a5438f027076f4,2019-10-05T00:22:09,['http://dbpedia.org/resource/Soulmate'],[]
f34d83e7b26764bf2992a4ecbe9d3a1dbb17936,73a4fbf0fb60f4ac08800b97a9445243,2019-10-05T11:43:02,"['http://dbpedia.org/resource/Jazz', 'http://dbpedia.org/resource/Social_media']",[]
f34d83e7b26764bf2992a4ecbe9d3a1dbb31746,4a346ee5986f5b6605a19588825652a9,2019-10-05T18:57:09,['http://dbpedia.org/resource/Twitter'],[]
f34d83e7b26764bf2992a4ecbe9d3a1dbb15073,83ee4a028b5058428ef2a6006a9f5a9d,2019-10-05T09:19:53,['http://dbpedia.org/resource/Michael_Jackson'],[]
f34d83e7b26764bf2992a4ecbe9d3a1dbb20479,4f99efe7342f2dc5157275b3fbbcc72e,2019-10-05T13:35:09,['http://dbpedia.org/resource/Midfielder'],[]
f34d83e7b26764bf2992a4ecbe9d3a1dbb874,01719a88b3579a2380182b952e1e6215,2019-10-05T00:29:23,['http://dbpedia.org/resource/Jonas_Brothers'],[]
f34d83e7b26764bf2992a4ecbe9d3a1dbb10711,eb89a8617c9be9996e9a1830559dd239,2019-10-05T05:53:45,['http://dbpedia.org/resource/Disneyland'],[]
f34d83e7b26764bf2992a4ecbe9d3a1dbb21596,84960256bd6df675b40a4139baf45b64,2019-10-05T14:13:06,['http://dbpedia.org/resource/Pinterest'],[]
f34d83e7b26764bf2992a4ecbe9d3a1dbb20386,7d4126c22c8f2a34d3fcf11519695e09,2019-10-05T13:30:24,['http://dbpedia.org/resource/Multinational_corporation'],[]
f34d83e7b26764bf2992a4ecbe9d3a1dbb6492,991e6a019ff5f75e8b47442af9733868,2019-10-05T03:38:19,['http://dbpedia.org/resource/Watergate_scandal'],[]
f34d83e7b26764bf2992a4ecbe9d3a1dbb5693,4db38d1dd143ee39ae05a2d0c381cb22,2019-10-05T03:08:43,['http://dbpedia.org/resource/Thruxton_Circuit'],[]
f34d83e7b26764bf2992a4ecbe9d3a1dbb36094,acd1b389c6942c477009367c7a9a7c28,2019-10-05T20:57:49,"['http://dbpedia.org/resource/Iowa', 'http://dbpedia.org/resource/Michigan']",[]
f34d83e7b26764bf2992a4ecbe9d3a1dbb28596,1238345bede5050a57053010b0168ba2,2019-10-05T17:42:09,"['http://dbpedia.org/resource/Bachelor_of_Science', 'http://dbpedia.org/resource/Billionaire']",[]
f34d83e7b26764bf2992a4ecbe9d3a1dbb178,425da7e8e13331881a68892e1169a93b,2019-10-05T00:05:03,['http://dbpedia.org/resource/Texas'],[]
f34d83e7b26764bf2992a4ecbe9d3a1dbb34375,6a2e58f54585c9a3869366c038329ada,2019-10-05T20:05:00,['http://dbpedia.org/resource/Snapchat'],[]
f34d83e7b26764bf2992a4ecbe9d3a1dbb24205,b781977ba58cf22c1fc004726b0f065a,2019-10-05T15:41:37,['http://dbpedia.org/resource/Hockey_East'],[]
f34d83e7b26764bf2992a4ecbe9d3a1dbb6820,7f9087a4879e3b02f187a07f75a82b79,2019-10-05T03:48:24,['http://dbpedia.org/resource/Netflix'],[]
f34d83e7b26764bf2992a4ecbe9d3a1dbb13372,b5e47c49c195d9c92794bed129a3f2e1,2019-10-05T07:43:43,['http://dbpedia.org/resource/Barclays'],[]
f34d83e7b26764bf2992a4ecbe9d3a1dbb10984,66e5c01a0076efbc968aa4848ba668d3,2019-10-05T06:06:01,['http://dbpedia.org/resource/Joaquin_Phoenix'],[]
f34d83e7b26764bf2992a4ecbe9d3a1dbb29396,778e598ab0bda7f5533ca19c4c82fec9,2019-10-05T18:00:53,['http://dbpedia.org/resource/Joe_Biden'],[]
f34d83e7b26764bf2992a4ecbe9d3a1dbb29636,4afba1637b4e542abd44e52e3d3451c5,2019-10-05T18:06:39,['http://dbpedia.org/resource/Quarterback'],[]
f34d83e7b26764bf2992a4ecbe9d3a1dbb4910,910bce81dca40e2e291ba0f164785470,2019-10-05T02:43:01,['http://dbpedia.org/resource/Mackinac_Bridge'],[]
f34d83e7b26764bf2992a4ecbe9d3a1dbb1292,988f48201071777677058e0424dcc170,2019-10-05T00:46:23,['http://dbpedia.org/resource/BP'],[]
f34d83e7b26764bf2992a4ecbe9d3a1dbb3108,b24690f42b57380a0c43cf507390fef8,2019-10-05T01:48:28,['http://dbpedia.org/resource/Xerox'],[]
f34d83e7b26764bf2992a4ecbe9d3a1dbb35566,0b0ea75c5b6210637299c3db89da8f3e,2019-10-05T20:42:13,['http://dbpedia.org/resource/PayPal'],[]
f34d83e7b26764bf2992a4ecbe9d3a1dbb28987,e72194769d9a2211e566a4c40677a86d,2019-10-05T17:52:11,['http://dbpedia.org/resource/Stephen_Strasburg'],[]
f34d83e7b26764bf2992a4ecbe9d3a1dbb29128,cbff947789b6c858276c563d38171eb2,2019-10-05T17:55:27,['http://dbpedia.org/resource/Zionism'],[]
f34d83e7b26764bf2992a4ecbe9d3a1dbb14673,50b115416b9684127b5dd0b8a2e6d6e5,2019-10-05T08:59:27,['http://dbpedia.org/resource/Apple_Inc.'],[]
f34d83e7b26764bf2992a4ecbe9d3a1dbb3835,dde6edff21941a0e327013e2c882839e,2019-10-05T02:12:17,['http://dbpedia.org/resource/Nice'],[]
f34d83e7b26764bf2992a4ecbe9d3a1dbb30531,d2264c58a974ea3d71b70c00c9d1087f,2019-10-05T18:23:53,"['http://dbpedia.org/resource/American_Samoa', 'http://dbpedia.org/resource/United_States_Marshals_Service']",[]
f34d83e7b26764bf2992a4ecbe9d3a1dbb29069,1626d7f4a96481af1adb5398b2f07144,2019-10-05T17:54:28,['http://dbpedia.org/resource/Anfield'],[]
f34d83e7b26764bf2992a4ecbe9d3a1dbb9132,18ef4b311328c2e54f8fa96cf8e343c7,2019-10-05T04:58:00,['http://dbpedia.org/resource/HBO'],[]
f34d83e7b26764bf2992a4ecbe9d3a1dbb333,4d70af5a59db156aa75009b0b4758af2,2019-10-05T00:09:30,['http://dbpedia.org/resource/IPad'],[]
f34d83e7b26764bf2992a4ecbe9d3a1dbb27436,92ebc496161cf4797017cfcc5259aefe,2019-10-05T17:12:54,['http://dbpedia.org/resource/WhatsApp'],[]
f34d83e7b26764bf2992a4ecbe9d3a1dbb11471,064677cb5087bac73c5f716f32efce2a,2019-10-05T06:22:30,['http://dbpedia.org/resource/Twitter'],[]
f34d83e7b26764bf2992a4ecbe9d3a1dbb9991,a4410c2640e4477322b4f6fbc2f5a1b4,2019-10-05T05:26:37,['http://dbpedia.org/resource/Twitter'],[]
f34d83e7b26764bf2992a4ecbe9d3a1dbb30689,591cb27714fcbad2905b5c709a416a22,2019-10-05T18:27:35,['http://dbpedia.org/resource/Harry_Styles'],[]
f34d83e7b26764bf2992a4ecbe9d3a1dbb18603,90478ee27724064b06bb286000801bd8,2019-10-05T12:10:53,['http://dbpedia.org/resource/Uber'],[]
f34d83e7b26764bf2992a4ecbe9d3a1dbb24504,e830fdee4bd1359b0a94a8b36ac87823,2019-10-05T15:50:56,['http://dbpedia.org/resource/4K_resolution'],[]
f34d83e7b26764bf2992a4ecbe9d3a1dbb24485,da23d49c3d2c0d7cd3b042927d687153,2019-10-05T15:49:35,"['http://dbpedia.org/resource/Harry_Styles', 'http://dbpedia.org/resource/Twitter']",[]
f34d83e7b26764bf2992a4ecbe9d3a1dbb31048,160e7689b18c2c71e220b44f824119e1,2019-10-05T18:39:29,['http://dbpedia.org/resource/New_York_City'],[]
f34d83e7b26764bf2992a4ecbe9d3a1dbb24676,3f8d5fbf1b35d4e16a31a7a626a165ba,2019-10-05T15:55:46,['http://dbpedia.org/resource/Old_age'],[]
f34d83e7b26764bf2992a4ecbe9d3a1dbb33870,cc587d375a17d6c151c5433e5784d94c,2019-10-05T19:51:30,['http://dbpedia.org/resource/Midfielder'],[]
f34d83e7b26764bf2992a4ecbe9d3a1dbb8201,a72053099965704cb1df4a196471a097,2019-10-05T04:27:15,['http://dbpedia.org/resource/Bluetooth'],[]
f34d83e7b26764bf2992a4ecbe9d3a1dbb34349,269bd1ec4ce3405ee5917dfd549555b9,2019-10-05T20:04:33,['http://dbpedia.org/resource/President_of_the_United_States'],[]
f34d83e7b26764bf2992a4ecbe9d3a1dbb23817,db636e38172a522eed152169e4d6bc7c,2019-10-05T15:28:19,"['http://dbpedia.org/resource/Donald_Trump', 'http://dbpedia.org/resource/Governor_of_California', 'http://dbpedia.org/resource/President_of_the_United_States']",[]
f34d83e7b26764bf2992a4ecbe9d3a1dbb7136,269a021c1fb75ae567aa8266dec2536d,2019-10-05T03:58:54,['http://dbpedia.org/resource/MSNBC'],[]
f34d83e7b26764bf2992a4ecbe9d3a1dbb28320,701907f5b81e2076dea006eba9ba4b90,2019-10-05T17:35:05,"['http://dbpedia.org/resource/Hawaii', 'http://dbpedia.org/resource/Surfing']",[]
f34d83e7b26764bf2992a4ecbe9d3a1dbb12715,f18cbd17453eb6ff6c0cab79c50da45a,2019-10-05T07:18:36,['http://dbpedia.org/resource/Atlantic_Coast_Conference'],[]
f34d83e7b26764bf2992a4ecbe9d3a1dbb4516,8f0a0027b4d2b550cf12917fc4f00396,2019-10-05T02:32:15,['http://dbpedia.org/resource/Donald_Trump'],[]
f34d83e7b26764bf2992a4ecbe9d3a1dbb19033,d57a50b5f5f33396062babac405f5652,2019-10-05T12:29:48,['http://dbpedia.org/resource/Twitter'],[]
f34d83e7b26764bf2992a4ecbe9d3a1dbb7933,55c23815a5df70afd5644437148131e4,2019-10-05T04:18:58,['http://dbpedia.org/resource/Clayton_Kershaw'],[]
f34d83e7b26764bf2992a4ecbe9d3a1dbb28653,ab4bb9f9c0b6514873716e88acf338a8,2019-10-05T17:43:09,"['http://dbpedia.org/resource/Association_football', 'http://dbpedia.org/resource/Canadian_Football_League', 'http://dbpedia.org/resource/Winnipeg_Jets']",[]
f34d83e7b26764bf2992a4ecbe9d3a1dbb21219,62567483e5bd3fd1eb2c991f153383cd,2019-10-05T14:02:07,"['http://dbpedia.org/resource/NAACP', 'http://dbpedia.org/resource/The_Indianapolis_Star']",[]
f34d83e7b26764bf2992a4ecbe9d3a1dbb31993,9d99535d04a68ab09265e4c674ca401d,2019-10-05T19:02:20,['http://dbpedia.org/resource/Artpop'],[]
f34d83e7b26764bf2992a4ecbe9d3a1dbb2899,d19b35f85852bb364259308b0e8294b6,2019-10-05T01:40:56,['http://dbpedia.org/resource/Fox_Broadcasting_Company'],[]
f34d83e7b26764bf2992a4ecbe9d3a1dbb30830,76d98225e1489be5f67a0e9fdf9a1edc,2019-10-05T18:31:16,['http://dbpedia.org/resource/Massachusetts'],[]
f34d83e7b26764bf2992a4ecbe9d3a1dbb29495,a016e7e3817eec54180fba6a64ae6616,2019-10-05T18:03:00,['http://dbpedia.org/resource/Binge-watching'],[]
f34d83e7b26764bf2992a4ecbe9d3a1dbb20104,202a818f6fd737ea2537410f6bf01da6,2019-10-05T13:17:28,"['http://dbpedia.org/resource/Ghostbusters', 'http://dbpedia.org/resource/Nintendo_Entertainment_System']",[]
f34d83e7b26764bf2992a4ecbe9d3a1dbb25735,7cceb761be1ce240075fd967ad59006b,2019-10-05T16:26:19,['http://dbpedia.org/resource/Midfielder'],[]
f34d83e7b26764bf2992a4ecbe9d3a1dbb19619,29bb561e0398e3725d5938427a8690b8,2019-10-05T12:58:04,['http://dbpedia.org/resource/Italy'],[]
f34d83e7b26764bf2992a4ecbe9d3a1dbb7941,10b28bd27bdc0016951a1ddfcf34e2fe,2019-10-05T04:19:05,['http://dbpedia.org/resource/Aaron_Judge'],[]
f34d83e7b26764bf2992a4ecbe9d3a1dbb16591,329b2ee2465a62a62d5620ee7dae2151,2019-10-05T10:31:12,['http://dbpedia.org/resource/Nice'],[]
f34d83e7b26764bf2992a4ecbe9d3a1dbb7365,2942bdda5930c577eddca2c6571c8976,2019-10-05T04:04:04,['http://dbpedia.org/resource/Soulmate'],[]
f34d83e7b26764bf2992a4ecbe9d3a1dbb1699,712e6f0076d054bbbbf95c00793efbea,2019-10-05T01:01:24,['http://dbpedia.org/resource/Oregon'],[]
f34d83e7b26764bf2992a4ecbe9d3a1dbb12209,d2e08c169b561738d856a9ee374edf49,2019-10-05T06:58:46,['http://dbpedia.org/resource/Sexual_attraction'],[]
f34d83e7b26764bf2992a4ecbe9d3a1dbb13605,254d89d1103cc25a1832d2860f1eb7d6,2019-10-05T07:59:31,['http://dbpedia.org/resource/Castilian_Party'],[]
f34d83e7b26764bf2992a4ecbe9d3a1dbb856,a7de279c1abe50c951c18161c1263601,2019-10-05T00:27:55,['http://dbpedia.org/resource/Europe'],[]
f34d83e7b26764bf2992a4ecbe9d3a1dbb25802,ec407fae161e0789ded317147788c6bd,2019-10-05T16:28:20,['http://dbpedia.org/resource/Imma'],[]
f34d83e7b26764bf2992a4ecbe9d3a1dbb23203,164147aebbb9983a8b692930aa07b02f,2019-10-05T15:05:58,['http://dbpedia.org/resource/Twitter'],[]
f34d83e7b26764bf2992a4ecbe9d3a1dbb5861,b3c7dd2fe5d5101d3b3335d7bda74660,2019-10-05T03:15:04,['http://dbpedia.org/resource/Twitter'],[]
f34d83e7b26764bf2992a4ecbe9d3a1dbb8031,74c8b142babb584bf5ae1934295aeb36,2019-10-05T04:20:30,['http://dbpedia.org/resource/Twitter'],[]
f34d83e7b26764bf2992a4ecbe9d3a1dbb21457,9265bc4e0607c5817648a996b20cd349,2019-10-05T14:10:48,['http://dbpedia.org/resource/Twitter'],[]
f34d83e7b26764bf2992a4ecbe9d3a1dbb25076,59f4f9dd6a698e3c63eb7c1caf9d8b90,2019-10-05T16:05:12,['http://dbpedia.org/resource/Attention_deficit_hyperactivity_disorder'],[]
f34d83e7b26764bf2992a4ecbe9d3a1dbb2411,b50384e4b9900f7fd516eaad26445854,2019-10-05T01:25:00,['http://dbpedia.org/resource/Midfielder'],[]
f34d83e7b26764bf2992a4ecbe9d3a1dbb25923,e006fd4c0090b3231e63fed7eb0a10f8,2019-10-05T16:32:38,['http://dbpedia.org/resource/Uber'],[]
f34d83e7b26764bf2992a4ecbe9d3a1dbb11489,3ac7e78c53bd8aae8f682fcd3f405ae6,2019-10-05T06:23:17,['http://dbpedia.org/resource/Ramen'],[]
f34d83e7b26764bf2992a4ecbe9d3a1dbb19398,6d52ed6ba3dfdaf022be5718cb511819,2019-10-05T12:48:39,['http://dbpedia.org/resource/Nice'],[]
f34d83e7b26764bf2992a4ecbe9d3a1dbb6704,7c2ae0ce79a701aa2e390de9f63eb1b8,2019-10-05T03:44:43,['http://dbpedia.org/resource/Foreign_Policy'],[]
f34d83e7b26764bf2992a4ecbe9d3a1dbb28058,0d1a5142116701936dcb59f8bcd8612c,2019-10-05T17:27:03,"['http://dbpedia.org/resource/Los_Angeles_Times', 'http://dbpedia.org/resource/Microplastics']",[]
f34d83e7b26764bf2992a4ecbe9d3a1dbb33412,b503fa5d9c6e9ed0c82e001c7b159099,2019-10-05T19:39:31,['http://dbpedia.org/resource/Castilian_Party'],[]
f34d83e7b26764bf2992a4ecbe9d3a1dbb23053,07d42d7d5f65251c3a54e5724da8a401,2019-10-05T15:02:18,['http://dbpedia.org/resource/English_language'],[]
f34d83e7b26764bf2992a4ecbe9d3a1dbb16131,e2678664dc1181e02936e3b7a1b8c171,2019-10-05T10:12:27,['http://dbpedia.org/resource/Reddit'],[]
f34d83e7b26764bf2992a4ecbe9d3a1dbb3537,90ea8acaef18dd91ac4e49f567673ce2,2019-10-05T02:04:28,['http://dbpedia.org/resource/The_Sydney_Morning_Herald'],[]
f34d83e7b26764bf2992a4ecbe9d3a1dbb32675,4f4d30b412e4a9f6aecca65b9d435dce,2019-10-05T19:17:06,"['http://dbpedia.org/resource/Gordon_Sondland', 'http://dbpedia.org/resource/Seattle']",[]
f34d83e7b26764bf2992a4ecbe9d3a1dbb7002,9d7b9e7ca3c463d49d5b1f2c24222805,2019-10-05T03:54:33,['http://dbpedia.org/resource/Italy'],[]
f34d83e7b26764bf2992a4ecbe9d3a1dbb25004,7013a8d2c78dad34995c925c66eefae2,2019-10-05T16:04:32,['http://dbpedia.org/resource/Alabama'],[]
f34d83e7b26764bf2992a4ecbe9d3a1dbb33954,b0fcb5369d60f7707bd0a85ca986d1ad,2019-10-05T19:54:16,"['http://dbpedia.org/resource/Exhibition_game', 'http://dbpedia.org/resource/Western_culture']",[]
f34d83e7b26764bf2992a4ecbe9d3a1dbb12318,9c1e6246bd4639168cb4acb1b5c4077d,2019-10-05T07:05:14,['http://dbpedia.org/resource/NCAA_Division_I_Football_Bowl_Subdivision'],[]
f34d83e7b26764bf2992a4ecbe9d3a1dbb23399,938e7e041d0c0bf23eaf9b9651fbdaeb,2019-10-05T15:15:20,['http://dbpedia.org/resource/Jay_Leno'],[]
f34d83e7b26764bf2992a4ecbe9d3a1dbb35334,d3a7328bfe78054c3e150f4ed758f562,2019-10-05T20:35:49,['http://dbpedia.org/resource/Exhibition_game'],[]
f34d83e7b26764bf2992a4ecbe9d3a1dbb159,af2f5b15ec035d5e48feddf13c5f1f24,2019-10-05T00:04:25,['http://dbpedia.org/resource/The_Sydney_Morning_Herald'],[]
f34d83e7b26764bf2992a4ecbe9d3a1dbb17713,98cc1bf8b6079d757b100829e9c95563,2019-10-05T11:32:12,['http://dbpedia.org/resource/Hockey_East'],[]
f34d83e7b26764bf2992a4ecbe9d3a1dbb33996,57df068bb73e49e9243cfd33f86cecdc,2019-10-05T19:55:29,['http://dbpedia.org/resource/University_Interscholastic_League'],[]
f34d83e7b26764bf2992a4ecbe9d3a1dbb13017,c094a18aea04e5881fbea701dde2e263,2019-10-05T07:30:58,['http://dbpedia.org/resource/Chewbacca'],[]
f34d83e7b26764bf2992a4ecbe9d3a1dbb35091,6c3f536591c58353d5b295a378fb2c20,2019-10-05T20:26:34,"['http://dbpedia.org/resource/BBC', 'http://dbpedia.org/resource/Brooklyn']",[]
f34d83e7b26764bf2992a4ecbe9d3a1dbb16329,48dd810f073261045bdbb4d1002551d7,2019-10-05T10:19:39,['http://dbpedia.org/resource/Wi-Fi'],[]
f34d83e7b26764bf2992a4ecbe9d3a1dbb4232,1b15f0f99eeab593591b95282de6eed1,2019-10-05T02:24:53,['http://dbpedia.org/resource/Whole_Foods_Market'],[]
f34d83e7b26764bf2992a4ecbe9d3a1dbb30033,3d964d46f87d6d6c3f57173e56eb924f,2019-10-05T18:14:15,['http://dbpedia.org/resource/East_Africa_Time'],[]
f34d83e7b26764bf2992a4ecbe9d3a1dbb12072,1a5ec4ab21791972578c542dcbee15cb,2019-10-05T06:52:16,['http://dbpedia.org/resource/High-occupancy_vehicle_lane'],[]
f34d83e7b26764bf2992a4ecbe9d3a1dbb31894,68bb9afd8ba14a025a4d4141fd746638,2019-10-05T19:01:07,['http://dbpedia.org/resource/Chase_Center'],[]
f34d83e7b26764bf2992a4ecbe9d3a1dbb14387,b7195765644ac7b9a3ad0253be983a35,2019-10-05T08:46:18,['http://dbpedia.org/resource/Racism'],[]
f34d83e7b26764bf2992a4ecbe9d3a1dbb24120,4010879c5cea29d2831788481af4be6b,2019-10-05T15:39:43,['http://dbpedia.org/resource/Perth'],[]
f34d83e7b26764bf2992a4ecbe9d3a1dbb17450,1bd08cb596b825cf5d8c27cc1ec6d461,2019-10-05T11:17:03,['http://dbpedia.org/resource/Kansas'],[]
f34d83e7b26764bf2992a4ecbe9d3a1dbb34214,11dc261a99829f4a22da39562e3b3107,2019-10-05T20:01:22,['http://dbpedia.org/resource/Phishing'],[]
f34d83e7b26764bf2992a4ecbe9d3a1dbb9177,d51e2c1464ed8107763effc8f5898a35,2019-10-05T04:58:44,['http://dbpedia.org/resource/Castilian_Party'],[]
f34d83e7b26764bf2992a4ecbe9d3a1dbb14235,e3d44f2995dfe27b71875b9f0c12d40c,2019-10-05T08:36:50,['http://dbpedia.org/resource/Poshmark'],[]
f34d83e7b26764bf2992a4ecbe9d3a1dbb27312,eef3a0b4fedd144bf0c53ced7bec20c1,2019-10-05T17:08:51,"['http://dbpedia.org/resource/Racism', 'http://dbpedia.org/resource/Xenophobia']",[]
f34d83e7b26764bf2992a4ecbe9d3a1dbb4886,9cedfbcf367a54dbabc4178974342137,2019-10-05T02:42:01,['http://dbpedia.org/resource/TikTok'],[]
f34d83e7b26764bf2992a4ecbe9d3a1dbb33920,afccbd0a10d0409fa3c72a583e38e6a6,2019-10-05T19:52:44,"['http://dbpedia.org/resource/Kashmir', 'http://dbpedia.org/resource/United_Nations_Human_Rights_Council']",[]
f34d83e7b26764bf2992a4ecbe9d3a1dbb32864,f507ea4b3f5023c6cd94af2b414a7824,2019-10-05T19:23:16,"['http://dbpedia.org/resource/Chicago', 'http://dbpedia.org/resource/San_Francisco']",[]
f34d83e7b26764bf2992a4ecbe9d3a1dbb21868,be563515c963749db83e84c16575b4ac,2019-10-05T14:21:00,['http://dbpedia.org/resource/Joaquin_Phoenix'],[]
f34d83e7b26764bf2992a4ecbe9d3a1dbb6128,aeeb2f6d3155ef746ac44d897aa48215,2019-10-05T03:21:28,['http://dbpedia.org/resource/United_States'],[]
f34d83e7b26764bf2992a4ecbe9d3a1dbb16078,05f5cdb95f829d3e9aee6a3a47628f3c,2019-10-05T10:10:43,['http://dbpedia.org/resource/Twitter'],[]
f34d83e7b26764bf2992a4ecbe9d3a1dbb17015,0a9c4de9cf29312137d82aca49d69bbb,2019-10-05T10:53:12,['http://dbpedia.org/resource/Monster_Mash'],[]
f34d83e7b26764bf2992a4ecbe9d3a1dbb4775,02e1e6df605ce0936e89f0881bdc358c,2019-10-05T02:39:28,['http://dbpedia.org/resource/Midfielder'],[]
f34d83e7b26764bf2992a4ecbe9d3a1dbb27992,3bfbc391265cb0d96aba4e7b8fb5fe4f,2019-10-05T17:25:36,['http://dbpedia.org/resource/Antisemitism'],[]
f34d83e7b26764bf2992a4ecbe9d3a1dbb4846,2d6587ba75f88cf31e5459c0d6ba01a6,2019-10-05T02:41:07,['http://dbpedia.org/resource/BET'],[]
f34d83e7b26764bf2992a4ecbe9d3a1dbb19764,40955b065299aafedc406d67f7e9de0a,2019-10-05T13:04:49,['http://dbpedia.org/resource/The_Guardian'],[]
f34d83e7b26764bf2992a4ecbe9d3a1dbb9440,815b8c9791dbff228c0707d38a239fb0,2019-10-05T05:08:54,['http://dbpedia.org/resource/BMW'],[]
f34d83e7b26764bf2992a4ecbe9d3a1dbb6927,134ac1377d9aff07d88fbbf05a3c53b3,2019-10-05T03:51:36,['http://dbpedia.org/resource/Nice'],[]
f34d83e7b26764bf2992a4ecbe9d3a1dbb31199,c6228ee093cd97b2a0ba56966e62b2fb,2019-10-05T18:42:59,['http://dbpedia.org/resource/New_Hampshire'],[]
f34d83e7b26764bf2992a4ecbe9d3a1dbb35519,c1eb15eb7ffccc370bc46e9a2a9fdf1b,2019-10-05T20:40:51,['http://dbpedia.org/resource/Twitter'],[]
f34d83e7b26764bf2992a4ecbe9d3a1dbb33339,fc9e755d97bdc13c72f91afa3247a38a,2019-10-05T19:37:23,['http://dbpedia.org/resource/Real_estate'],[]
f34d83e7b26764bf2992a4ecbe9d3a1dbb33019,b43ac3be2fad76b7e7d3fc4a21a6b847,2019-10-05T19:28:05,['http://dbpedia.org/resource/Louisiana'],[]
f34d83e7b26764bf2992a4ecbe9d3a1dbb5536,d98ea2a46f866359a892e67cfb9a86d0,2019-10-05T03:04:08,['http://dbpedia.org/resource/Trans_woman'],[]
f34d83e7b26764bf2992a4ecbe9d3a1dbb1566,c14a1967f8c95609c52d5be15b683967,2019-10-05T00:57:44,['http://dbpedia.org/resource/Columbus_Blue_Jackets'],[]
f34d83e7b26764bf2992a4ecbe9d3a1dbb34779,66a3785ede029245cab4edb49cbdbfb9,2019-10-05T20:18:27,['http://dbpedia.org/resource/Impeachment'],[]
f34d83e7b26764bf2992a4ecbe9d3a1dbb28457,8ce6b1f2375abab3f353568e3f5ab400,2019-10-05T17:37:57,['http://dbpedia.org/resource/Nice'],[]
f34d83e7b26764bf2992a4ecbe9d3a1dbb24088,3c9041e444721650c0dd8ae6c67a83bf,2019-10-05T15:38:33,['http://dbpedia.org/resource/Twitter'],[]
f34d83e7b26764bf2992a4ecbe9d3a1dbb35724,3085b48a85f95cca9cc64aba415cefa8,2019-10-05T20:45:02,['http://dbpedia.org/resource/Thanksgiving'],[]
f34d83e7b26764bf2992a4ecbe9d3a1dbb31853,1916697de255df6cf5b6dc65c6b2e403,2019-10-05T19:00:18,['http://dbpedia.org/resource/Rapping'],[]
f34d83e7b26764bf2992a4ecbe9d3a1dbb6383,58f066227a2078222119d225792733ca,2019-10-05T03:32:32,['http://dbpedia.org/resource/Stonehenge'],[]
f34d83e7b26764bf2992a4ecbe9d3a1dbb8510,d36a695760555e3e88eefcc936707a89,2019-10-05T04:37:01,['http://dbpedia.org/resource/Bachelor_of_Science'],[]
f34d83e7b26764bf2992a4ecbe9d3a1dbb6566,24f5e8e7b6988a48c8bd33e1ff9ae4e8,2019-10-05T03:40:08,['http://dbpedia.org/resource/Impeachment'],[]
f34d83e7b26764bf2992a4ecbe9d3a1dbb15377,62f9a606448c66a633cb0267a93de743,2019-10-05T09:33:02,['http://dbpedia.org/resource/YouTube'],[]
f34d83e7b26764bf2992a4ecbe9d3a1dbb12860,6cfd0407f1bdbab5aa18542ccb09bde0,2019-10-05T07:23:27,['http://dbpedia.org/resource/Facebook'],[]
f34d83e7b26764bf2992a4ecbe9d3a1dbb34262,f549e53280506cded9cec6333ebecee3,2019-10-05T20:02:29,['http://dbpedia.org/resource/CNN'],[]
f34d83e7b26764bf2992a4ecbe9d3a1dbb23927,97d37d62f9ef8200d983c98976298fd2,2019-10-05T15:33:32,['http://dbpedia.org/resource/Castilian_Party'],[]
f34d83e7b26764bf2992a4ecbe9d3a1dbb26266,6a961a9f1049decdb6c9226bf7dfea9d,2019-10-05T16:42:58,"['http://dbpedia.org/resource/Halloween', 'http://dbpedia.org/resource/Romeo_and_Juliet']",[]
f34d83e7b26764bf2992a4ecbe9d3a1dbb8864,dfa7c156c7707e2b8cbfe42f76ab90bb,2019-10-05T04:46:16,['http://dbpedia.org/resource/Mayor_of_Chicago'],[]
f34d83e7b26764bf2992a4ecbe9d3a1dbb229,6d9c7f81f79e0f65e001e2d568cd2940,2019-10-05T00:06:11,['http://dbpedia.org/resource/White_House'],[]
f34d83e7b26764bf2992a4ecbe9d3a1dbb13487,49657b7fe1af10697ecd519859dced5a,2019-10-05T07:49:44,['http://dbpedia.org/resource/Imma'],[]
f34d83e7b26764bf2992a4ecbe9d3a1dbb10193,081d02b41280a511f7f8b8ae64e12d23,2019-10-05T05:34:01,['http://dbpedia.org/resource/Epic_Records'],[]
f34d83e7b26764bf2992a4ecbe9d3a1dbb3620,88ef6e71e45878a842742fb720795ef5,2019-10-05T02:06:34,['http://dbpedia.org/resource/Major_League_Baseball'],[]
f34d83e7b26764bf2992a4ecbe9d3a1dbb3175,dcc44e4d64969e2ba82ff28c1fcaa921,2019-10-05T01:49:51,"['http://dbpedia.org/resource/Real_estate', 'http://dbpedia.org/resource/Russians']",[]
f34d83e7b26764bf2992a4ecbe9d3a1dbb31267,020745ed0137ae88b431f7c19be85c79,2019-10-05T18:45:17,['http://dbpedia.org/resource/Israel'],[]
f34d83e7b26764bf2992a4ecbe9d3a1dbb15054,17506c9a06f42dc92a0f2cd92c1ca368,2019-10-05T09:18:54,['http://dbpedia.org/resource/Epic_Records'],[]
f34d83e7b26764bf2992a4ecbe9d3a1dbb9949,18e52eb88c517774a869db34c11bdbba,2019-10-05T05:25:05,"['http://dbpedia.org/resource/Cord-cutting', 'http://dbpedia.org/resource/Twinkie']",[]
f34d83e7b26764bf2992a4ecbe9d3a1dbb6530,20334893ba3bf9644ab71f38fc61d38f,2019-10-05T03:39:26,['http://dbpedia.org/resource/Microsoft_Windows'],[]
f34d83e7b26764bf2992a4ecbe9d3a1dbb24096,fe8944fd1658bc9fa8aae16ba6fc9c92,2019-10-05T15:38:40,['http://dbpedia.org/resource/Offensive_coordinator'],[]
f34d83e7b26764bf2992a4ecbe9d3a1dbb3213,59a2285d454e463f123222298e8c9352,2019-10-05T01:50:33,"['http://dbpedia.org/resource/Cereal', 'http://dbpedia.org/resource/President_of_the_United_States']",[]
f34d83e7b26764bf2992a4ecbe9d3a1dbb24390,71ec07e6cb083fc986b43b6173bf742b,2019-10-05T15:47:27,['http://dbpedia.org/resource/YouTube'],[]
f34d83e7b26764bf2992a4ecbe9d3a1dbb33822,1495302e0c50952f8a55293d33b5be54,2019-10-05T19:49:05,['http://dbpedia.org/resource/Racism'],[]
f34d83e7b26764bf2992a4ecbe9d3a1dbb29466,caf5aaf2816e8f393887b019323d3af5,2019-10-05T18:02:18,['http://dbpedia.org/resource/Skype'],[]
f34d83e7b26764bf2992a4ecbe9d3a1dbb16290,7ffedfa873d8b60984a0f61f64b9005b,2019-10-05T10:19:07,['http://dbpedia.org/resource/Jews'],[]
f34d83e7b26764bf2992a4ecbe9d3a1dbb16914,6fd31ce6b335c75dd6b313184a9ba6ea,2019-10-05T10:46:20,['http://dbpedia.org/resource/Epic_Records'],[]
f34d83e7b26764bf2992a4ecbe9d3a1dbb14423,d97e58020dd2b3ee032ea152354ff801,2019-10-05T08:48:42,['http://dbpedia.org/resource/Walmart'],[]
f34d83e7b26764bf2992a4ecbe9d3a1dbb36200,c1c7c74d63a9f381e796c67428773e6b,2019-10-05T20:59:59,['http://dbpedia.org/resource/Vladimir_Putin'],[]
f34d83e7b26764bf2992a4ecbe9d3a1dbb23952,b92a493e892fb76a3a52ecd15d9e71cc,2019-10-05T15:34:16,['http://dbpedia.org/resource/2020_Summer_Olympics'],[]
f34d83e7b26764bf2992a4ecbe9d3a1dbb3335,663e1a12a9b73af8f6e26b61ce8593d7,2019-10-05T01:54:07,['http://dbpedia.org/resource/Netflix'],[]
f34d83e7b26764bf2992a4ecbe9d3a1dbb29092,52739407a110c6c299671f45ad6e0868,2019-10-05T17:54:44,['http://dbpedia.org/resource/Twitter'],[]
f34d83e7b26764bf2992a4ecbe9d3a1dbb8501,aac57fdc0c4d464280ccc4c5a0f1dcac,2019-10-05T04:36:06,"['http://dbpedia.org/resource/Bernie_Sanders', 'http://dbpedia.org/resource/Nigger']",[]
f34d83e7b26764bf2992a4ecbe9d3a1dbb8235,0b8e35acaee8a976a15e6659289a0d10,2019-10-05T04:28:29,['http://dbpedia.org/resource/Impeachment'],[]
f34d83e7b26764bf2992a4ecbe9d3a1dbb2375,2e74b101611520df5131b869c240fa85,2019-10-05T01:23:56,['http://dbpedia.org/resource/Impeachment'],[]
f34d83e7b26764bf2992a4ecbe9d3a1dbb31400,c3f9965b44a7a8344e8e5677cecf1a3f,2019-10-05T18:48:44,['http://dbpedia.org/resource/Left-wing_politics'],[]
f34d83e7b26764bf2992a4ecbe9d3a1dbb15012,67dbe2889e6b1c14dbb6019cb891e23d,2019-10-05T09:17:07,['http://dbpedia.org/resource/Twitter'],[]
f34d83e7b26764bf2992a4ecbe9d3a1dbb10266,9738697f8f90f597c6359d81bd71bc93,2019-10-05T05:36:18,['http://dbpedia.org/resource/San_Diego'],[]
f34d83e7b26764bf2992a4ecbe9d3a1dbb21803,617b0f82deb846762eb3ed9814c13225,2019-10-05T14:19:45,['http://dbpedia.org/resource/Press_TV'],[]
f34d83e7b26764bf2992a4ecbe9d3a1dbb33759,e720f72d036c0653f9c5f5f07643c893,2019-10-05T19:47:22,['http://dbpedia.org/resource/Halloween'],[]
f34d83e7b26764bf2992a4ecbe9d3a1dbb32527,02a8bcec7a54900f0581dfd612a75b3b,2019-10-05T19:13:55,['http://dbpedia.org/resource/Cannabidiol'],[]
f34d83e7b26764bf2992a4ecbe9d3a1dbb31779,a889dc620a7346ecabaeffc3c39c51cd,2019-10-05T18:57:57,['http://dbpedia.org/resource/Midfielder'],[]
f34d83e7b26764bf2992a4ecbe9d3a1dbb25212,ec3b0aee9aa35c9382e30ee4c6539c6f,2019-10-05T16:10:27,['http://dbpedia.org/resource/Van_Jones'],[]
f34d83e7b26764bf2992a4ecbe9d3a1dbb14943,7c25ccae65a74b8a3190069ea9ddadae,2019-10-05T09:12:16,['http://dbpedia.org/resource/Quran'],[]
f34d83e7b26764bf2992a4ecbe9d3a1dbb16230,55972b01f41dcddc2e8da25bb2d5eab3,2019-10-05T10:15:10,['http://dbpedia.org/resource/Guinness_World_Records'],[]
f34d83e7b26764bf2992a4ecbe9d3a1dbb22157,bcba2782baa39b9b387268217d3988d9,2019-10-05T14:30:24,['http://dbpedia.org/resource/Microsoft'],[]
f34d83e7b26764bf2992a4ecbe9d3a1dbb10422,6e78bce5a4089c002d9019e5f1b6fe3d,2019-10-05T05:40:24,['http://dbpedia.org/resource/Cincinnati'],[]
f34d83e7b26764bf2992a4ecbe9d3a1dbb27335,a089d50e70d4c3b079c07a1c080dff81,2019-10-05T17:09:22,['http://dbpedia.org/resource/Adobe_Photoshop'],[]
f34d83e7b26764bf2992a4ecbe9d3a1dbb29157,876780476814c2eaf20ce848cb4b6524,2019-10-05T17:56:10,['http://dbpedia.org/resource/Ubisoft'],[]
f34d83e7b26764bf2992a4ecbe9d3a1dbb33269,cd49f03f487cc3d9f24d726ca4995e9e,2019-10-05T19:35:21,"['http://dbpedia.org/resource/Impeachment', 'http://dbpedia.org/resource/Speaker_of_the_United_States_House_of_Representatives']",[]
f34d83e7b26764bf2992a4ecbe9d3a1dbb1074,81a3d537d7a4646b0f62e7b0ff06fec3,2019-10-05T00:38:05,['http://dbpedia.org/resource/Freedom_of_speech'],[]
f34d83e7b26764bf2992a4ecbe9d3a1dbb487,8437b12db81b24188ed57aeb1e72d01c,2019-10-05T00:15:08,['http://dbpedia.org/resource/Imma'],[]
f34d83e7b26764bf2992a4ecbe9d3a1dbb31217,7a5278d35d2ae64ffe3f7138f6f128c3,2019-10-05T18:43:43,['http://dbpedia.org/resource/IPhone'],[]
f34d83e7b26764bf2992a4ecbe9d3a1dbb8890,0afd607fccb2be8e49cf59c80aa124e0,2019-10-05T04:47:45,['http://dbpedia.org/resource/Nice'],[]
f34d83e7b26764bf2992a4ecbe9d3a1dbb2568,111ac872d348882dee9ea6248aa2c211,2019-10-05T01:32:10,['http://dbpedia.org/resource/BTS'],[]
f34d83e7b26764bf2992a4ecbe9d3a1dbb14100,c09d03e48909c713fbd2d3a8a1297163,2019-10-05T08:30:55,['http://dbpedia.org/resource/Black_people'],[]
f34d83e7b26764bf2992a4ecbe9d3a1dbb31844,e73fe9e2c2a2f7bf602fd223c0613f45,2019-10-05T19:00:10,"['http://dbpedia.org/resource/Rick_Perry', 'http://dbpedia.org/resource/United_States_Secretary_of_Energy']",[]
f34d83e7b26764bf2992a4ecbe9d3a1dbb16972,b178cff34a106693af82edd6e2e3c605,2019-10-05T10:51:10,['http://dbpedia.org/resource/New_York_Daily_News'],[]
f34d83e7b26764bf2992a4ecbe9d3a1dbb29657,edc41d5ddb58c8bb1cbe57a91c8afee1,2019-10-05T18:06:54,['http://dbpedia.org/resource/Fake_news'],[]
f34d83e7b26764bf2992a4ecbe9d3a1dbb33528,f106d44d80536414a2a0b9175d3ee032,2019-10-05T19:41:54,['http://dbpedia.org/resource/Massage'],[]
f34d83e7b26764bf2992a4ecbe9d3a1dbb36332,510c7e352a796e538ff0fa80069dd24a,2019-10-05T21:03:11,['http://dbpedia.org/resource/Heart_of_Midlothian_F.C.'],[]
f34d83e7b26764bf2992a4ecbe9d3a1dbb9567,0aa08431432c79cced0bf675d0242391,2019-10-05T05:13:29,['http://dbpedia.org/resource/Baseball'],[]
f34d83e7b26764bf2992a4ecbe9d3a1dbb35432,a7ae8ce0b724659fb8888b03fb82f234,2019-10-05T20:38:00,['http://dbpedia.org/resource/Michigan'],[]
f34d83e7b26764bf2992a4ecbe9d3a1dbb35619,9c6aa71d77f8f22d866d13b70c489a26,2019-10-05T20:43:01,"['http://dbpedia.org/resource/Edward_Snowden', 'http://dbpedia.org/resource/Mass_surveillance']",[]
f34d83e7b26764bf2992a4ecbe9d3a1dbb36396,2fabbabcc790ed547b64a621cb4239cc,2019-10-05T21:04:21,['http://dbpedia.org/resource/Frank_Sinatra'],[]
f34d83e7b26764bf2992a4ecbe9d3a1dbb36114,39770267e6bc1c4c335308f9d86c6bed,2019-10-05T20:57:58,['http://dbpedia.org/resource/Facebook'],[]
f34d83e7b26764bf2992a4ecbe9d3a1dbb18003,8fcade9c5014fde3839bf546793c7367,2019-10-05T11:47:16,['http://dbpedia.org/resource/New_Zealand_national_rugby_union_team'],[]
f34d83e7b26764bf2992a4ecbe9d3a1dbb8425,59f8e58c3533b10234d8ecaa65d51b14,2019-10-05T04:34:13,['http://dbpedia.org/resource/CBS'],[]
f34d83e7b26764bf2992a4ecbe9d3a1dbb34225,3385aa0e4b21e35ebf4fbaa5aed6a6c1,2019-10-05T20:01:42,['http://dbpedia.org/resource/Instagram'],[]
f34d83e7b26764bf2992a4ecbe9d3a1dbb4206,c82904e295b735619b16b7a4bdd88b98,2019-10-05T02:23:23,['http://dbpedia.org/resource/Watergate_scandal'],[]
f34d83e7b26764bf2992a4ecbe9d3a1dbb29646,eb69016482f8cb6bd40203dd3c08e653,2019-10-05T18:06:48,"['http://dbpedia.org/resource/Halloween', 'http://dbpedia.org/resource/IMDb']",[]
f34d83e7b26764bf2992a4ecbe9d3a1dbb25717,86c1502c0646cb74bb3f32c567aa0e46,2019-10-05T16:26:11,['http://dbpedia.org/resource/Poshmark'],[]
f34d83e7b26764bf2992a4ecbe9d3a1dbb35988,f1d09cf83a7e451e01d285915202953b,2019-10-05T20:54:25,['http://dbpedia.org/resource/Midfielder'],[]
f34d83e7b26764bf2992a4ecbe9d3a1dbb19267,eecb18a94246d9a28e553cf97702c6e3,2019-10-05T12:40:16,['http://dbpedia.org/resource/Kidapawan'],[]
f34d83e7b26764bf2992a4ecbe9d3a1dbb731,22cb9d5ea3b751b39dfa3249c1532f1c,2019-10-05T00:24:38,['http://dbpedia.org/resource/Offensive_coordinator'],[]
f34d83e7b26764bf2992a4ecbe9d3a1dbb23650,62094ff7b2eb030f48ba963130eab987,2019-10-05T15:23:40,['http://dbpedia.org/resource/Twitter'],[]
f34d83e7b26764bf2992a4ecbe9d3a1dbb30165,2f8ec466b306ccdafa934a55a07563ed,2019-10-05T18:17:00,['http://dbpedia.org/resource/Cereal'],[]
f34d83e7b26764bf2992a4ecbe9d3a1dbb9500,27b2a92488154ed29774c9b8f937c01f,2019-10-05T05:10:15,['http://dbpedia.org/resource/Netflix'],[]
f34d83e7b26764bf2992a4ecbe9d3a1dbb543,169ff8e476239e06a3b106c1fb5a7b98,2019-10-05T00:17:23,['http://dbpedia.org/resource/Midwestern_United_States'],[]
f34d83e7b26764bf2992a4ecbe9d3a1dbb24592,4b106f6765be58b9f0adddcfa466b5b0,2019-10-05T15:53:17,['http://dbpedia.org/resource/Fake_news'],[]
f34d83e7b26764bf2992a4ecbe9d3a1dbb4545,e58ba75e6d14aa11e75815850db31bf1,2019-10-05T02:33:10,['http://dbpedia.org/resource/Nice'],[]
f34d83e7b26764bf2992a4ecbe9d3a1dbb29884,cf4e41351c1f919ac57a52bb1406cdbd,2019-10-05T18:11:14,['http://dbpedia.org/resource/Association_football'],[]
f34d83e7b26764bf2992a4ecbe9d3a1dbb9284,e84aa34e6193c0480a98dbd809bf55a7,2019-10-05T05:02:39,['http://dbpedia.org/resource/Cardi_B'],[]
f34d83e7b26764bf2992a4ecbe9d3a1dbb18723,9f524527f93dc286e82936163cfaa5d0,2019-10-05T12:16:22,['http://dbpedia.org/resource/Baby_boomers'],[]
f34d83e7b26764bf2992a4ecbe9d3a1dbb17569,75e48917ba0ab3e6e2096ac68a058e36,2019-10-05T11:23:01,['http://dbpedia.org/resource/Pound_cake'],[]
f34d83e7b26764bf2992a4ecbe9d3a1dbb381,3730e1df9d627a7926e373961973336c,2019-10-05T00:12:03,"['http://dbpedia.org/resource/Hate_group', 'http://dbpedia.org/resource/Opposition_to_immigration', 'http://dbpedia.org/resource/Twitter', 'http://dbpedia.org/resource/White_nationalism']",[]
f34d83e7b26764bf2992a4ecbe9d3a1dbb3326,2ac8f089230a3f2ad3547bab8d3e2c32,2019-10-05T01:53:56,['http://dbpedia.org/resource/Racism'],[]
f34d83e7b26764bf2992a4ecbe9d3a1dbb8388,cd1d6e10d0526c3eb29736274e3ab9fb,2019-10-05T04:32:28,['http://dbpedia.org/resource/Fox_News'],[]
f34d83e7b26764bf2992a4ecbe9d3a1dbb33979,b4289470a0ee7132cf91a447298f531e,2019-10-05T19:55:08,['http://dbpedia.org/resource/Social_media'],[]
f34d83e7b26764bf2992a4ecbe9d3a1dbb21977,b3875177906d4d91c8109e70214dafb7,2019-10-05T14:24:10,['http://dbpedia.org/resource/Defamation'],[]
f34d83e7b26764bf2992a4ecbe9d3a1dbb36473,1a1c177fc42c3af1b869c88879311bc3,2019-10-05T21:05:18,['http://dbpedia.org/resource/The_Wall_Street_Journal'],[]
f34d83e7b26764bf2992a4ecbe9d3a1dbb28569,a82b26467165fec9c9a59d7fc273e45f,2019-10-05T17:41:29,['http://dbpedia.org/resource/Costco'],[]
f34d83e7b26764bf2992a4ecbe9d3a1dbb20008,89e82dac290d6fde047ca54c36831238,2019-10-05T13:16:21,['http://dbpedia.org/resource/FIFA'],[]
f34d83e7b26764bf2992a4ecbe9d3a1dbb15786,78e375feefb33fa321d19583abf1669f,2019-10-05T09:55:28,['http://dbpedia.org/resource/Xbox_One'],[]
f34d83e7b26764bf2992a4ecbe9d3a1dbb15024,7b184d3fe4a054270e446ecfb5c3b187,2019-10-05T09:17:07,['http://dbpedia.org/resource/President_of_the_United_States'],[]
f34d83e7b26764bf2992a4ecbe9d3a1dbb16657,22e8f09aa650d786228117dacb5f92bf,2019-10-05T10:32:49,['http://dbpedia.org/resource/Adobe_Photoshop'],[]
f34d83e7b26764bf2992a4ecbe9d3a1dbb2527,a7e462dace612e44ba779256f395f653,2019-10-05T01:31:11,"['http://dbpedia.org/resource/College_football', 'http://dbpedia.org/resource/First-class_cricket']",[]
f34d83e7b26764bf2992a4ecbe9d3a1dbb6722,037c92ea794388c1fa474f17c7a1024c,2019-10-05T03:45:04,['http://dbpedia.org/resource/Social_media'],[]
f34d83e7b26764bf2992a4ecbe9d3a1dbb27420,0c3aa812367fbf20655141a586290f41,2019-10-05T17:12:49,['http://dbpedia.org/resource/Midfielder'],[]
f34d83e7b26764bf2992a4ecbe9d3a1dbb25893,661dbad5fac920d77e61d5c238d3ba93,2019-10-05T16:31:55,['http://dbpedia.org/resource/Coffee'],[]
f34d83e7b26764bf2992a4ecbe9d3a1dbb12359,426b0f7f911bc59b833b915d98bed866,2019-10-05T07:07:18,['http://dbpedia.org/resource/Hockey_East'],[]
f34d83e7b26764bf2992a4ecbe9d3a1dbb11676,a98a60531b7b7c1a3f75c8e08a12b88e,2019-10-05T06:32:12,['http://dbpedia.org/resource/Twitter'],[]
f34d83e7b26764bf2992a4ecbe9d3a1dbb32544,f477d60b0cf99364e92de860a96914a7,2019-10-05T19:13:57,['http://dbpedia.org/resource/Twitter'],[]
f34d83e7b26764bf2992a4ecbe9d3a1dbb9976,c15535cd80cfdfc98858c7199728871a,2019-10-05T05:26:23,['http://dbpedia.org/resource/New_Orleans'],[]
f34d83e7b26764bf2992a4ecbe9d3a1dbb23042,e870ee73c52f15ea32a460db51a3bf41,2019-10-05T15:02:14,"['http://dbpedia.org/resource/Diwali', 'http://dbpedia.org/resource/Google_Assistant']",[]
f34d83e7b26764bf2992a4ecbe9d3a1dbb21370,57e1f08ff985865b2772bf9af3002d48,2019-10-05T14:05:50,['http://dbpedia.org/resource/Quid_pro_quo'],[]
f34d83e7b26764bf2992a4ecbe9d3a1dbb27860,05fae38a72fc0f58b3cef43c0ae0536a,2019-10-05T17:22:48,"['http://dbpedia.org/resource/Impeachment', 'http://dbpedia.org/resource/The_New_York_Times', 'http://dbpedia.org/resource/The_Washington_Post']",[]
f34d83e7b26764bf2992a4ecbe9d3a1dbb35587,e0e85bf8d53c3505b9b5328afcac1b71,2019-10-05T20:42:23,['http://dbpedia.org/resource/Midfielder'],[]
f34d83e7b26764bf2992a4ecbe9d3a1dbb16355,6d6a7f5bc92065c3759085dfd7675ced,2019-10-05T10:20:15,"['http://dbpedia.org/resource/Thailand', 'http://dbpedia.org/resource/Twitter']",[]
f34d83e7b26764bf2992a4ecbe9d3a1dbb6502,d2638e286f0d91e4db2a0ba3020a1d84,2019-10-05T03:38:38,['http://dbpedia.org/resource/GoFundMe'],[]
f34d83e7b26764bf2992a4ecbe9d3a1dbb27052,4ff5fa50cdd7b605a4b664176353aeb9,2019-10-05T17:02:41,['http://dbpedia.org/resource/WWE'],[]
f34d83e7b26764bf2992a4ecbe9d3a1dbb1431,2b18343dba51a7a9cc94744eb1d7e8e2,2019-10-05T00:50:55,['http://dbpedia.org/resource/Texas'],[]
f34d83e7b26764bf2992a4ecbe9d3a1dbb20686,637e55ebfe810eee50e8a572a16f5352,2019-10-05T13:40:32,['http://dbpedia.org/resource/Bowl_Championship_Series'],[]
f34d83e7b26764bf2992a4ecbe9d3a1dbb3384,7fe11d3d8148be529d16d0b1b7559491,2019-10-05T01:56:04,['http://dbpedia.org/resource/4K_resolution'],[]
f34d83e7b26764bf2992a4ecbe9d3a1dbb26063,66e869ce1a7f734bbf0de02bdc90f49a,2019-10-05T16:37:26,['http://dbpedia.org/resource/Poshmark'],[]
f34d83e7b26764bf2992a4ecbe9d3a1dbb31038,d3f181c9c5eb694445756f39da435f53,2019-10-05T18:39:18,['http://dbpedia.org/resource/YouTube'],[]
f34d83e7b26764bf2992a4ecbe9d3a1dbb15743,b4ea2d77d9c2a98c930fd823b65ca158,2019-10-05T09:52:28,['http://dbpedia.org/resource/Twitter'],[]
f34d83e7b26764bf2992a4ecbe9d3a1dbb4198,145abec41f6378f82313740857e4c542,2019-10-05T02:23:11,['http://dbpedia.org/resource/None_of_the_above'],[]
f34d83e7b26764bf2992a4ecbe9d3a1dbb29538,2261e2f78a41ad5907f58287548bb722,2019-10-05T18:04:10,['http://dbpedia.org/resource/Central_Park'],[]
f34d83e7b26764bf2992a4ecbe9d3a1dbb24608,875a28cb93be024d756758a3ca3dcf91,2019-10-05T15:53:58,['http://dbpedia.org/resource/Twitter'],[]
f34d83e7b26764bf2992a4ecbe9d3a1dbb28740,d415fea5c88d0aa610b71bc76887c65d,2019-10-05T17:44:28,"['http://dbpedia.org/resource/Defensively_equipped_merchant_ship', 'http://dbpedia.org/resource/Impeachment']",[]
f34d83e7b26764bf2992a4ecbe9d3a1dbb1247,717bbe2246d1a097a2b237e53f472e6a,2019-10-05T00:45:09,['http://dbpedia.org/resource/Lizzo'],[]
f34d83e7b26764bf2992a4ecbe9d3a1dbb35696,afe9babb199f0232cb84741d04295e64,2019-10-05T20:44:18,['http://dbpedia.org/resource/Manchester'],[]
f34d83e7b26764bf2992a4ecbe9d3a1dbb24030,632e986dbd2e05333aae896a5b95c9b0,2019-10-05T15:36:00,"['http://dbpedia.org/resource/Federal_Bureau_of_Investigation', 'http://dbpedia.org/resource/Nate_Silver']",[]
f34d83e7b26764bf2992a4ecbe9d3a1dbb29905,d8b05db30277745fbc045ee032c1ad7f,2019-10-05T18:11:32,['http://dbpedia.org/resource/Chelsea_F.C.'],[]
f34d83e7b26764bf2992a4ecbe9d3a1dbb34722,ba41f6076ffde9d8040fb2cda203f282,2019-10-05T20:16:05,['http://dbpedia.org/resource/India'],[]
f34d83e7b26764bf2992a4ecbe9d3a1dbb22823,807712a0d99e4c53c9b8a913ae5059de,2019-10-05T14:54:47,['http://dbpedia.org/resource/Nobel_Peace_Prize'],[]
f34d83e7b26764bf2992a4ecbe9d3a1dbb3271,659319bd1f1db3e8537b170a9eea0a32,2019-10-05T01:52:48,['http://dbpedia.org/resource/Walt_Disney_World'],[]
f34d83e7b26764bf2992a4ecbe9d3a1dbb12269,015a6e4601bb07a00b41d81fa4d0f610,2019-10-05T07:01:05,['http://dbpedia.org/resource/Tucker_Carlson'],[]
f34d83e7b26764bf2992a4ecbe9d3a1dbb26009,c4c922b51d8b706e68acf73a565e2425,2019-10-05T16:35:02,['http://dbpedia.org/resource/HuffPost'],[]
f34d83e7b26764bf2992a4ecbe9d3a1dbb13271,13695af15f93e337fa84a60d1e6bb937,2019-10-05T07:40:39,"['http://dbpedia.org/resource/Baby_Shark', 'http://dbpedia.org/resource/Whitney_Houston']",[]
f34d83e7b26764bf2992a4ecbe9d3a1dbb6936,63036a0a4f9f6edc0cbdec611e66c2ec,2019-10-05T03:51:53,"['http://dbpedia.org/resource/Director_of_the_Central_Intelligence_Agency', 'http://dbpedia.org/resource/Susan_Rice']",[]
f34d83e7b26764bf2992a4ecbe9d3a1dbb5,,,['http://dbpedia.org/resource/Netflix'],[]
f9af7f20d2fe248138711072f860781dfb16748,24f9ffebe802d69e6a92290396d6d3cc,2019-10-06T06:18:20,"['http://dbpedia.org/resource/Apple_Inc.', 'http://dbpedia.org/resource/IPhone']",[]
f9af7f20d2fe248138711072f860781dfb22006,2b24892f563de691bd06b61293fc0888,2019-10-06T10:21:15,['http://dbpedia.org/resource/Twitter'],[]
f9af7f20d2fe248138711072f860781dfb10871,cc9bde3f578b227a1ca1e271c1900f40,2019-10-06T02:56:32,"['http://dbpedia.org/resource/Irish_pub', 'http://dbpedia.org/resource/Yelp']",[]
f9af7f20d2fe248138711072f860781dfb2673,e1f244b370ddbe04dbda172577bea4f8,2019-10-05T22:19:32,['http://dbpedia.org/resource/Flu_season'],[]
f9af7f20d2fe248138711072f860781dfb36580,0f7bec999b866d0820dec4ccba7afabb,2019-10-06T18:36:44,['http://dbpedia.org/resource/Arsenal_F.C.'],[]
f9af7f20d2fe248138711072f860781dfb4860,067e343594c6da6f2cf8b2aba8638e29,2019-10-05T23:26:00,['http://dbpedia.org/resource/Simone_Biles'],[]
f9af7f20d2fe248138711072f860781dfb8727,127de755be39dbff2eab86be90e168e4,2019-10-06T01:38:48,['http://dbpedia.org/resource/President_of_the_United_States'],[]
f9af7f20d2fe248138711072f860781dfb12896,80a139caf08657d79fe359a1b712af29,2019-10-06T04:00:32,['http://dbpedia.org/resource/San_Diego_Comic-Con'],[]
f9af7f20d2fe248138711072f860781dfb2032,abd89dd890aceaffa3b14261a4dac794,2019-10-05T22:03:27,['http://dbpedia.org/resource/Entertainment_Weekly'],[]
f9af7f20d2fe248138711072f860781dfb31271,036bf24c754a5010eab76f80075d3264,2019-10-06T16:25:19,['http://dbpedia.org/resource/Instagram'],[]
f9af7f20d2fe248138711072f860781dfb20037,d88a4f0a1cc574ccb3d788a0779d884f,2019-10-06T08:39:23,['http://dbpedia.org/resource/Independent_politician'],[]
f9af7f20d2fe248138711072f860781dfb5997,d8656d9d619f7822ec6ab1c5d2189a55,2019-10-06T00:05:42,['http://dbpedia.org/resource/Twitter'],[]
f9af7f20d2fe248138711072f860781dfb36525,e0a5b0b888bea826ded3e92a62463054,2019-10-06T18:34:18,['http://dbpedia.org/resource/Evangelicalism'],[]
f9af7f20d2fe248138711072f860781dfb5334,6821fb905964686a2d2b722b207994c9,2019-10-05T23:41:17,"['http://dbpedia.org/resource/Defensively_equipped_merchant_ship', 'http://dbpedia.org/resource/Impeachment']",[]
f9af7f20d2fe248138711072f860781dfb34165,a25c66b6e49903059bfbd281072812b8,2019-10-06T17:33:23,['http://dbpedia.org/resource/Pregnancy'],[]
f9af7f20d2fe248138711072f860781dfb19304,9ff123aeaa44547edb504562e521fc7c,2019-10-06T08:05:15,"['http://dbpedia.org/resource/Swiss_franc', 'http://dbpedia.org/resource/United_States_dollar']",[]
f9af7f20d2fe248138711072f860781dfb34078,93644af32e75b3fd457a754ff966f550,2019-10-06T17:31:35,['http://dbpedia.org/resource/Twitter'],[]
f9af7f20d2fe248138711072f860781dfb16765,3bfce2890c9716b2a9a68cf9daef9acd,2019-10-06T06:19:26,['http://dbpedia.org/resource/African_Americans'],[]
f9af7f20d2fe248138711072f860781dfb3946,a8daaa7231933dc80d2221260c6dbe99,2019-10-05T22:57:54,['http://dbpedia.org/resource/The_Guardian'],[]
f9af7f20d2fe248138711072f860781dfb7113,7c8cc1db742f94e424ab97e88ae214b2,2019-10-06T00:41:43,"['http://dbpedia.org/resource/BTS', 'http://dbpedia.org/resource/Castilian_Party']",[]
f9af7f20d2fe248138711072f860781dfb27050,d14ebe378bbea5e11f73ee0a9119d92c,2019-10-06T14:16:16,['http://dbpedia.org/resource/Somalia'],[]
f9af7f20d2fe248138711072f860781dfb36642,0bfdf13808f8a8ef9f9cfb9ce049ed58,2019-10-06T18:37:33,['http://dbpedia.org/resource/Crowdfunding'],[]
f9af7f20d2fe248138711072f860781dfb31671,4b2ccbc52624fcfa5018d9ababe465dd,2019-10-06T16:34:35,"['http://dbpedia.org/resource/Indian_Police_Service', 'http://dbpedia.org/resource/Twitter']",[]
f9af7f20d2fe248138711072f860781dfb32512,20946b9bdf2cb3c69505cea25ad613d0,2019-10-06T16:55:54,['http://dbpedia.org/resource/Manchester_City_F.C.'],[]
f9af7f20d2fe248138711072f860781dfb4106,57734b393566f14011ae66dbfc281a19,2019-10-05T23:01:57,['http://dbpedia.org/resource/Dallas'],[]
f9af7f20d2fe248138711072f860781dfb24854,df26807fda1ec6baccbf8a71fa332c9f,2019-10-06T12:49:37,['http://dbpedia.org/resource/Atlantic_Coast_Conference'],[]
f9af7f20d2fe248138711072f860781dfb33243,8b77fc1f6f3a7b4fe1bc099447d6d058,2019-10-06T17:10:16,"['http://dbpedia.org/resource/Fox_News', 'http://dbpedia.org/resource/Single-payer_healthcare']",[]
f9af7f20d2fe248138711072f860781dfb1498,c793950a81efa764f5fb1efad3336d18,2019-10-05T21:46:26,['http://dbpedia.org/resource/Danny_Ainge'],[]
f9af7f20d2fe248138711072f860781dfb23758,2ce5cfde57cf0e397d2a39da8a40b1ce,2019-10-06T11:54:55,['http://dbpedia.org/resource/PDF'],[]
f9af7f20d2fe248138711072f860781dfb20155,c0ae45ea899aefd6df8ef85cf03d57a3,2019-10-06T08:43:37,['http://dbpedia.org/resource/Independent_politician'],[]
f9af7f20d2fe248138711072f860781dfb8169,b0c0801cebf528e226abc9ea134cfbf9,2019-10-06T01:20:08,['http://dbpedia.org/resource/Cryptocurrency'],[]
f9af7f20d2fe248138711072f860781dfb18512,1ecccfedeb6ffea35e88ec7c395a7d1f,2019-10-06T07:26:43,['http://dbpedia.org/resource/United_States'],[]
f9af7f20d2fe248138711072f860781dfb1447,e6c673caca705e0f9fd2db77c3ca55f7,2019-10-05T21:45:06,['http://dbpedia.org/resource/Cheers'],[]
f9af7f20d2fe248138711072f860781dfb4301,ea900a540dd23592dba5ca60d150d787,2019-10-05T23:08:27,['http://dbpedia.org/resource/Sexual_attraction'],[]
f9af7f20d2fe248138711072f860781dfb3049,8a623db7522d84a4d49d756deb6c093a,2019-10-05T22:32:00,['http://dbpedia.org/resource/QAnon'],[]
f9af7f20d2fe248138711072f860781dfb18335,269c0acc837f87c337f0c3c41fb3116b,2019-10-06T07:19:02,['http://dbpedia.org/resource/Ultimate_Fighting_Championship'],[]
f9af7f20d2fe248138711072f860781dfb584,b4b1cfb2a8f4cfd640d9c3bd0908ea92,2019-10-05T21:22:31,['http://dbpedia.org/resource/Twitter'],[]
f9af7f20d2fe248138711072f860781dfb5506,0d4364acb42179f941dfdfd7810948d1,2019-10-05T23:47:44,"['http://dbpedia.org/resource/Black_people', 'http://dbpedia.org/resource/Racism']",[]
f9af7f20d2fe248138711072f860781dfb826,e93f8cc446993d80a5376ba181f14945,2019-10-05T21:29:42,['http://dbpedia.org/resource/Mike_Posner'],[]
f9af7f20d2fe248138711072f860781dfb10573,23552a02387a6025bf8fb6eb6ee7e6c1,2019-10-06T02:46:48,"['http://dbpedia.org/resource/President_of_the_United_States', 'http://dbpedia.org/resource/United_States_Environmental_Protection_Agency']",[]
f9af7f20d2fe248138711072f860781dfb13493,5245ff68e6ff834a0f31491e7a3e582c,2019-10-06T04:23:12,"['http://dbpedia.org/resource/Fortnite', 'http://dbpedia.org/resource/National_Basketball_Association']",[]
f9af7f20d2fe248138711072f860781dfb29132,dc48013a698287a48d0d4836ca335d80,2019-10-06T15:24:28,['http://dbpedia.org/resource/Watt'],[]
f9af7f20d2fe248138711072f860781dfb13747,bc2391d825cfdd49580af3d3e2db7058,2019-10-06T04:31:42,['http://dbpedia.org/resource/Nice'],[]
f9af7f20d2fe248138711072f860781dfb10401,c0682304f31c4d7f457b0d92c3c7f870,2019-10-06T02:41:26,['http://dbpedia.org/resource/Caribbean'],[]
f9af7f20d2fe248138711072f860781dfb946,32ec26f890a057e1aa27b53f5b965561,2019-10-05T21:31:55,['http://dbpedia.org/resource/Midfielder'],[]
f9af7f20d2fe248138711072f860781dfb5558,b0c4d76aa827e0024361791479c949e9,2019-10-05T23:50:07,['http://dbpedia.org/resource/Interception'],[]
f9af7f20d2fe248138711072f860781dfb20988,62094ff7b2eb030f48ba963130eab987,2019-10-06T09:30:35,['http://dbpedia.org/resource/Twitter'],[]
f9af7f20d2fe248138711072f860781dfb2696,12d52ea0cf5d0b245cee4d86e67ee096,2019-10-05T22:20:04,['http://dbpedia.org/resource/East_Africa_Time'],[]
f9af7f20d2fe248138711072f860781dfb15596,00ce9e53fd03a8df355e0e24e752d0de,2019-10-06T05:36:52,['http://dbpedia.org/resource/Uber'],[]
f9af7f20d2fe248138711072f860781dfb12229,72c0682cf91dd5b9b4b9fe36c9a6f260,2019-10-06T03:37:31,['http://dbpedia.org/resource/Markelle_Fultz'],[]
f9af7f20d2fe248138711072f860781dfb22996,230328103bdb1516f46816f189b09f3f,2019-10-06T11:20:39,['http://dbpedia.org/resource/The_Weeknd'],[]
f9af7f20d2fe248138711072f860781dfb17716,fe66f5fa9a18dd7e8607e646e7a1857f,2019-10-06T06:56:50,['http://dbpedia.org/resource/The_Sydney_Morning_Herald'],[]
f9af7f20d2fe248138711072f860781dfb23373,0fd7971ba6a0cf5aecc628733e605d83,2019-10-06T11:39:44,['http://dbpedia.org/resource/Twitter'],[]
f9af7f20d2fe248138711072f860781dfb8317,1f6fe820146a9e70686d64e2b9f54f83,2019-10-06T01:23:45,['http://dbpedia.org/resource/Nice'],[]
f9af7f20d2fe248138711072f860781dfb11807,375bb4c0a4bd1446d4a3a4d78929786d,2019-10-06T03:23:33,['http://dbpedia.org/resource/Twitter'],[]
f9af7f20d2fe248138711072f860781dfb31906,2c68d839d568400b6f5f4f9732bef1ee,2019-10-06T16:39:41,['http://dbpedia.org/resource/Eastern_Time_Zone'],[]
f9af7f20d2fe248138711072f860781dfb1632,bcbddcee93ecff26925bd052e45cc252,2019-10-05T21:50:33,['http://dbpedia.org/resource/Somalia'],[]
f9af7f20d2fe248138711072f860781dfb33950,59cc8aa6dfe77661ae3b8f3d5840d097,2019-10-06T17:28:01,['http://dbpedia.org/resource/No_Doubt'],[]
f9af7f20d2fe248138711072f860781dfb11542,a236ee7e3368c1dd552dad103d2cf2ff,2019-10-06T03:15:05,['http://dbpedia.org/resource/AND1'],[]
f9af7f20d2fe248138711072f860781dfb19877,2402452c7d50bacd04ba0913d0e1816c,2019-10-06T08:33:28,"['http://dbpedia.org/resource/Midfielder', 'http://dbpedia.org/resource/Twitter']",[]
f9af7f20d2fe248138711072f860781dfb34211,83356b7f20df5623ae0a78dfe2a25db5,2019-10-06T17:34:50,"['http://dbpedia.org/resource/Gun_control', 'http://dbpedia.org/resource/Justin_Trudeau']",[]
f9af7f20d2fe248138711072f860781dfb34498,a11670325e586a9a2cb58bc578410e54,2019-10-06T17:43:51,['http://dbpedia.org/resource/Association_football'],[]
f9af7f20d2fe248138711072f860781dfb10496,090264f1888056a96f32ccb7d91ba4e7,2019-10-06T02:45:00,"['http://dbpedia.org/resource/Donald_Trump', 'http://dbpedia.org/resource/Joe_Biden']",[]
f9af7f20d2fe248138711072f860781dfb35340,38c3787939c7b0b6c77d73fce3d28891,2019-10-06T18:05:00,"['http://dbpedia.org/resource/Bill_Clinton', 'http://dbpedia.org/resource/Impeachment', 'http://dbpedia.org/resource/Richard_Nixon']",[]
f9af7f20d2fe248138711072f860781dfb31263,bb43984f38d28f28eaed58317904e255,2019-10-06T16:25:04,['http://dbpedia.org/resource/Pacific_Time_Zone'],[]
f9af7f20d2fe248138711072f860781dfb16659,c109ee04206b6889bcb7dda3b4a245d3,2019-10-06T06:15:10,"['http://dbpedia.org/resource/Impeachment', 'http://dbpedia.org/resource/Lawyer', 'http://dbpedia.org/resource/Pat_Cipollone']",[]
f9af7f20d2fe248138711072f860781dfb23426,de2f9f9e8f058bc1b9074c76fdf977e4,2019-10-06T11:42:22,['http://dbpedia.org/resource/Midfielder'],[]
f9af7f20d2fe248138711072f860781dfb19539,da5a257d0c5ddc155c986e1633fd1df1,2019-10-06T08:17:17,['http://dbpedia.org/resource/Rick_Perry'],[]
f9af7f20d2fe248138711072f860781dfb32932,0c923b899e45e6f0eb1eea386c67b44c,2019-10-06T17:03:39,['http://dbpedia.org/resource/LSU_Tigers_football'],[]
f9af7f20d2fe248138711072f860781dfb36038,b698450d71de980cffbaa4ab1ab6a1d0,2019-10-06T18:21:48,['http://dbpedia.org/resource/Mental_disorder'],[]
f9af7f20d2fe248138711072f860781dfb13435,973e6132819ed376e54db85f742f17bf,2019-10-06T04:22:17,"['http://dbpedia.org/resource/Brett_Kavanaugh', 'http://dbpedia.org/resource/Ford_Motor_Company']",[]
f9af7f20d2fe248138711072f860781dfb35220,1e618053b4d792406352d9ec822796ce,2019-10-06T18:02:00,"['http://dbpedia.org/resource/BTS', 'http://dbpedia.org/resource/Jungkook', 'http://dbpedia.org/resource/Twitter']",[]
f9af7f20d2fe248138711072f860781dfb9964,724462ffe4f768de0f0221be636318e0,2019-10-06T02:25:47,['http://dbpedia.org/resource/Midfielder'],[]
f9af7f20d2fe248138711072f860781dfb17865,3584cf0814e48bbd193585f13273238c,2019-10-06T07:02:01,['http://dbpedia.org/resource/Nice'],[]
f9af7f20d2fe248138711072f860781dfb33684,819c009076be2eb2c97284181641942c,2019-10-06T17:21:28,['http://dbpedia.org/resource/Donald_Trump'],[]
f9af7f20d2fe248138711072f860781dfb19415,d14830a83a35db392a11d48331d01af0,2019-10-06T08:09:31,['http://dbpedia.org/resource/No_Doubt'],[]
f9af7f20d2fe248138711072f860781dfb798,8c61a7bf1ab266029f80add9bc1275d4,2019-10-05T21:28:45,"['http://dbpedia.org/resource/Fake_news', 'http://dbpedia.org/resource/Fox_News', 'http://dbpedia.org/resource/President_of_the_United_States']",[]
f9af7f20d2fe248138711072f860781dfb21876,3f42ff00c7c7c985185903e959d87e7d,2019-10-06T10:14:59,['http://dbpedia.org/resource/Twitter'],[]
f9af7f20d2fe248138711072f860781dfb26178,691946b491b5bb8d5b0f4fe00a37b39f,2019-10-06T13:43:33,"['http://dbpedia.org/resource/BTS', 'http://dbpedia.org/resource/Jungkook']",[]
f9af7f20d2fe248138711072f860781dfb11356,f4844c0ff9839ff71844d5199d715c5c,2019-10-06T03:07:07,['http://dbpedia.org/resource/Murder_of_Travis_Alexander'],[]
f9af7f20d2fe248138711072f860781dfb17613,38db975ae6855ac6a5269725a85dd503,2019-10-06T06:53:16,['http://dbpedia.org/resource/Soulmate'],[]
f9af7f20d2fe248138711072f860781dfb4995,84a4a1e4af226e6f97560c130f503ccb,2019-10-05T23:30:23,['http://dbpedia.org/resource/GoFundMe'],[]
f9af7f20d2fe248138711072f860781dfb4183,3731608e71d02e3c03a541ef193f083f,2019-10-05T23:05:31,['http://dbpedia.org/resource/Association_football'],[]
f9af7f20d2fe248138711072f860781dfb2537,37a339a3a7c6d0282f9b7d8655fe3772,2019-10-05T22:16:51,"['http://dbpedia.org/resource/Iran', 'http://dbpedia.org/resource/Israel', 'http://dbpedia.org/resource/Middle_East']",[]
f9af7f20d2fe248138711072f860781dfb32323,6efb473b675b77a184c330b574b213c2,2019-10-06T16:51:21,['http://dbpedia.org/resource/Seoul'],[]
f9af7f20d2fe248138711072f860781dfb19252,afe02c53bb6c8950888a71bb1611b6f6,2019-10-06T08:02:11,['http://dbpedia.org/resource/MSNBC'],[]
f9af7f20d2fe248138711072f860781dfb22293,c221c203e7040709097e5a539f5ec53e,2019-10-06T10:36:53,['http://dbpedia.org/resource/BTS'],[]
f9af7f20d2fe248138711072f860781dfb18144,849f45a393c6553f5f892700313c6546,2019-10-06T07:11:18,['http://dbpedia.org/resource/Twitter'],[]
f9af7f20d2fe248138711072f860781dfb7409,36379b371787aab709921e2a2ab53304,2019-10-06T00:51:59,['http://dbpedia.org/resource/Ireland'],[]
f9af7f20d2fe248138711072f860781dfb9756,e5ff86a7ef3a59dfda46961e16ecc497,2019-10-06T02:15:31,['http://dbpedia.org/resource/President_of_the_United_States'],[]
f9af7f20d2fe248138711072f860781dfb13029,a5ac565ac2299f22dc7dc303b23a57e1,2019-10-06T04:06:02,['http://dbpedia.org/resource/Social_media'],[]
f9af7f20d2fe248138711072f860781dfb3524,a2d4566169908d9d38893de9f58a27b8,2019-10-05T22:45:12,['http://dbpedia.org/resource/Imma'],[]
f9af7f20d2fe248138711072f860781dfb36012,46917409e5420946d0b1db6162db3b91,2019-10-06T18:21:41,['http://dbpedia.org/resource/Tamil_language'],[]
f9af7f20d2fe248138711072f860781dfb32545,e66519f74738b1a5641653d964912202,2019-10-06T16:56:52,['http://dbpedia.org/resource/Manchester_City_F.C.'],[]
f9af7f20d2fe248138711072f860781dfb16707,d619372715febe7644da9b2beb06bdc0,2019-10-06T06:16:52,['http://dbpedia.org/resource/Mental_disorder'],[]
f9af7f20d2fe248138711072f860781dfb27035,9b01383c7f44659b7a13f50cb09dec31,2019-10-06T14:15:17,['http://dbpedia.org/resource/Chamber_of_commerce'],[]
f9af7f20d2fe248138711072f860781dfb3571,9f30283b5b27c4753bc0c270bded4ecd,2019-10-05T22:46:07,['http://dbpedia.org/resource/Bowl_Championship_Series'],[]
f9af7f20d2fe248138711072f860781dfb33695,e5380b5a3f9efa574e346b1a97f39da8,2019-10-06T17:21:40,['http://dbpedia.org/resource/Newsweek'],[]
f9af7f20d2fe248138711072f860781dfb35843,fb6d740030f4c63f9ae448a0da25f391,2019-10-06T18:18:39,['http://dbpedia.org/resource/Twitter'],[]
f9af7f20d2fe248138711072f860781dfb14667,242cf15f281eabd346fce86a5cb5b04f,2019-10-06T05:00:45,['http://dbpedia.org/resource/LGBT'],[]
f9af7f20d2fe248138711072f860781dfb670,b7f5cbb83dd0365358d47cbd55154405,2019-10-05T21:24:50,['http://dbpedia.org/resource/Midfielder'],[]
f9af7f20d2fe248138711072f860781dfb11858,5d7cdf4903686a857cf579279a57545a,2019-10-06T03:25:12,['http://dbpedia.org/resource/Nice'],[]
f9af7f20d2fe248138711072f860781dfb20744,205f595a10f15af172a5ec0bf676ebc7,2019-10-06T09:16:18,['http://dbpedia.org/resource/Bangkok'],[]
f9af7f20d2fe248138711072f860781dfb25909,b33d06a304d6a4cffee70b5262e81651,2019-10-06T13:29:23,['http://dbpedia.org/resource/Instagram'],[]
f9af7f20d2fe248138711072f860781dfb4004,68445f4871e22341bdff76bd3d9840af,2019-10-05T22:58:08,['http://dbpedia.org/resource/The_Sydney_Morning_Herald'],[]
f9af7f20d2fe248138711072f860781dfb31059,07ba3b2556b3abec99897a4dba9470c2,2019-10-06T16:20:45,['http://dbpedia.org/resource/TCU_Horned_Frogs_football'],[]
f9af7f20d2fe248138711072f860781dfb9568,3abb46a8c4a4b5e3f839db6f3b881056,2019-10-06T02:09:17,['http://dbpedia.org/resource/Recycling'],[]
f9af7f20d2fe248138711072f860781dfb31000,f4f1cd701889c06008d8e671b51c1048,2019-10-06T16:18:38,['http://dbpedia.org/resource/Poshmark'],[]
f9af7f20d2fe248138711072f860781dfb21835,d7633b207f8c6341bf09893002c60296,2019-10-06T10:13:20,['http://dbpedia.org/resource/Apple_Inc.'],[]
f9af7f20d2fe248138711072f860781dfb5102,774c100efa4077c0bf3bc844fe7e3141,2019-10-05T23:34:00,['http://dbpedia.org/resource/Date_Night'],[]
f9af7f20d2fe248138711072f860781dfb32583,46dfa794bb41a1f72e6f07ae5de26ba3,2019-10-06T16:58:11,['http://dbpedia.org/resource/Rihanna'],[]
f9af7f20d2fe248138711072f860781dfb11121,bc5b9a715992cfb91e3adcafa8dd45dc,2019-10-06T03:02:26,['http://dbpedia.org/resource/Taylor_Hall'],[]
f9af7f20d2fe248138711072f860781dfb26983,9579891b8b14cb02ec71792d100ee31d,2019-10-06T14:13:53,['http://dbpedia.org/resource/Batman'],[]
f9af7f20d2fe248138711072f860781dfb1821,905f26198e131851f8cb95895625e1d0,2019-10-05T21:54:29,['http://dbpedia.org/resource/Mona_Lisa'],[]
f9af7f20d2fe248138711072f860781dfb1200,41343958711d4721f0fb03785d6fe9d7,2019-10-05T21:38:05,['http://dbpedia.org/resource/Castilian_Party'],[]
f9af7f20d2fe248138711072f860781dfb27149,59cc7bf627cf55a04ecf1d1d33a8a845,2019-10-06T14:18:16,['http://dbpedia.org/resource/Sean_Payton'],[]
f9af7f20d2fe248138711072f860781dfb27539,0efa70b53cb9aaadcf98b1f357ccf2f9,2019-10-06T14:33:00,['http://dbpedia.org/resource/Mar-a-Lago'],[]
f9af7f20d2fe248138711072f860781dfb4437,3213e29e251908b642c4b713950ab900,2019-10-05T23:11:35,['http://dbpedia.org/resource/Sky_News'],[]
f9af7f20d2fe248138711072f860781dfb20449,f9fec12941d3c589240126beae492f47,2019-10-06T08:59:44,['http://dbpedia.org/resource/Soulmate'],[]
f9af7f20d2fe248138711072f860781dfb31784,db89d1850d904a6ffe3781b4b33cde20,2019-10-06T16:36:06,['http://dbpedia.org/resource/Racism'],[]
f9af7f20d2fe248138711072f860781dfb26016,c4d71da0925decfb7155bd2b7f70804b,2019-10-06T13:36:02,['http://dbpedia.org/resource/Wisconsin'],[]
f9af7f20d2fe248138711072f860781dfb6517,a5e7e880add85e8a20100a7acd8aced3,2019-10-06T00:20:24,['http://dbpedia.org/resource/Rick_Perry'],[]
f9af7f20d2fe248138711072f860781dfb7251,4245f2d2f5c3e2c460aada14d22d9fa0,2019-10-06T00:45:27,['http://dbpedia.org/resource/Midfielder'],[]
f9af7f20d2fe248138711072f860781dfb2057,df3cf6d4f34793b369df930e0d1a7197,2019-10-05T22:04:00,['http://dbpedia.org/resource/Jungkook'],[]
f9af7f20d2fe248138711072f860781dfb28251,3782cace53d11237327f1ae04e071c5d,2019-10-06T15:00:35,['http://dbpedia.org/resource/Broadway_theatre'],[]
f9af7f20d2fe248138711072f860781dfb7308,b3cdb31453e1fc2219b176d3391a0daf,2019-10-06T00:47:23,['http://dbpedia.org/resource/Ukrainians'],[]
f9af7f20d2fe248138711072f860781dfb2253,80e88d3ea238304a71f4a96e04fe011e,2019-10-05T22:08:55,"['http://dbpedia.org/resource/Apple_Inc.', 'http://dbpedia.org/resource/Light-on-dark_color_scheme']",[]
f9af7f20d2fe248138711072f860781dfb4957,8ff3b4c09ffdc49122cfb4959e6441fb,2019-10-05T23:29:37,['http://dbpedia.org/resource/Tyson_Fury'],[]
f9af7f20d2fe248138711072f860781dfb36107,14f49e7ac3bd4dc9fcc68c557004dfa4,2019-10-06T18:24:36,['http://dbpedia.org/resource/Twitter'],[]
f9af7f20d2fe248138711072f860781dfb34825,748ac85e5587666c7c907830c320e12b,2019-10-06T17:52:23,['http://dbpedia.org/resource/Smart_TV'],[]
f9af7f20d2fe248138711072f860781dfb17740,c7f142e0786c2adfeb8568ac4c1e6a57,2019-10-06T06:58:01,['http://dbpedia.org/resource/BET'],[]
f9af7f20d2fe248138711072f860781dfb29249,aa5ea66024742bd7494df4a3281c21e6,2019-10-06T15:28:31,['http://dbpedia.org/resource/Chelsea_F.C.'],[]
f9af7f20d2fe248138711072f860781dfb7629,5474332c2454c11fe4abdf11ca2f2171,2019-10-06T01:00:22,"['http://dbpedia.org/resource/Quarterback', 'http://dbpedia.org/resource/Texas']",[]
f9af7f20d2fe248138711072f860781dfb28610,7f44aef17a58666e0bdc8ffefefc2480,2019-10-06T15:10:10,['http://dbpedia.org/resource/Quarterback'],[]
f9af7f20d2fe248138711072f860781dfb27724,df7d37aa1cea83b0cea117a26c70e9ea,2019-10-06T14:40:58,['http://dbpedia.org/resource/American_Broadcasting_Company'],[]
f9af7f20d2fe248138711072f860781dfb36147,266c67d5346e4e40aa38076d9a36730c,2019-10-06T18:25:29,['http://dbpedia.org/resource/Twitter'],[]
f9af7f20d2fe248138711072f860781dfb14070,f95aac7f808d12c6b6296d2aa8d740af,2019-10-06T04:42:16,['http://dbpedia.org/resource/NASCAR'],[]
f9af7f20d2fe248138711072f860781dfb33911,ca21d2d287583b7466b16071bc2ed4ec,2019-10-06T17:27:04,"['http://dbpedia.org/resource/Chelsea_F.C.', 'http://dbpedia.org/resource/Southampton_F.C.']",[]
f9af7f20d2fe248138711072f860781dfb33433,012e280c7d0b019936b1ca2030bd656e,2019-10-06T17:15:47,['http://dbpedia.org/resource/Hockey_East'],[]
f9af7f20d2fe248138711072f860781dfb19337,05b2cf4402c8713a66e73aea8a0f5798,2019-10-06T08:06:47,['http://dbpedia.org/resource/Defensively_equipped_merchant_ship'],[]
f9af7f20d2fe248138711072f860781dfb18543,98db02bf39029f34a6bf3e02e43793fc,2019-10-06T07:28:10,['http://dbpedia.org/resource/Coffee'],[]
f9af7f20d2fe248138711072f860781dfb6549,267064121b81e488bd2ae7765f0bbcad,2019-10-06T00:23:07,['http://dbpedia.org/resource/Tootsie'],[]
f9af7f20d2fe248138711072f860781dfb8088,0cc0b2b6fecf7286262d8eb7b0b8d384,2019-10-06T01:18:37,['http://dbpedia.org/resource/Fake_news'],[]
f9af7f20d2fe248138711072f860781dfb30733,f3c4848cf5ede26509ee62b6105bcc18,2019-10-06T16:09:12,['http://dbpedia.org/resource/National_Football_League'],[]
f9af7f20d2fe248138711072f860781dfb10505,c5cff028e3306e9682395159db966096,2019-10-06T02:45:03,['http://dbpedia.org/resource/Burger_King'],[]
f9af7f20d2fe248138711072f860781dfb36214,06f687da37fe0a6a5ab5c60eb0fd12d9,2019-10-06T18:27:25,['http://dbpedia.org/resource/Manchester_City_F.C.'],[]
f9af7f20d2fe248138711072f860781dfb3790,c8cfb365dad628ee4a6bad513f2cea8d,2019-10-05T22:52:22,['http://dbpedia.org/resource/YouTube'],[]
f9af7f20d2fe248138711072f860781dfb21706,e06678155a46fcc5e39aaf51adc179e6,2019-10-06T10:03:52,['http://dbpedia.org/resource/Harry_Styles'],[]
f9af7f20d2fe248138711072f860781dfb30031,aa715cc614133bf276174f79a668b076,2019-10-06T15:50:40,['http://dbpedia.org/resource/Tamil_language'],[]
f9af7f20d2fe248138711072f860781dfb1275,58ee7394767f11465b58fc2128d31e20,2019-10-05T21:40:38,['http://dbpedia.org/resource/San_Diego_Comic-Con'],[]
f9af7f20d2fe248138711072f860781dfb34840,6be81700ee5c8823b59f1fb97dbe2e4e,2019-10-06T17:52:39,['http://dbpedia.org/resource/Netflix'],[]
f9af7f20d2fe248138711072f860781dfb5070,c8002b3736bc2b90395b070feb7a5908,2019-10-05T23:32:42,['http://dbpedia.org/resource/Bible'],[]
f9af7f20d2fe248138711072f860781dfb16325,221ec12f71a3a1e5698185e6e9689f6c,2019-10-06T06:01:35,['http://dbpedia.org/resource/Twitter'],[]
f9af7f20d2fe248138711072f860781dfb1464,3b571c3bca5958c2abf9eb69c7af39d0,2019-10-05T21:45:20,['http://dbpedia.org/resource/Quarterback'],[]
f9af7f20d2fe248138711072f860781dfb6408,b20531ed0279b60764be61b160b0b736,2019-10-06T00:16:54,['http://dbpedia.org/resource/HuffPost'],[]
f9af7f20d2fe248138711072f860781dfb24835,a7b07e4b972f96746f3e8ccca098a7eb,2019-10-06T12:49:19,['http://dbpedia.org/resource/Racism'],[]
f9af7f20d2fe248138711072f860781dfb26123,9e08ad75d7d78f6fbaf66a3f990e8a91,2019-10-06T13:40:53,"['http://dbpedia.org/resource/Nice', 'http://dbpedia.org/resource/Poshmark']",[]
f9af7f20d2fe248138711072f860781dfb20673,b34146ad97c6961ebd6fee5dcf39764e,2019-10-06T09:13:36,"['http://dbpedia.org/resource/Police_officer', 'http://dbpedia.org/resource/Racism']",[]
f9af7f20d2fe248138711072f860781dfb30474,035a360d0ca3c013b43cf3561bc0364a,2019-10-06T16:03:10,"['http://dbpedia.org/resource/Impeachment', 'http://dbpedia.org/resource/The_Washington_Post']",[]
f9af7f20d2fe248138711072f860781dfb7939,d1c21a25000957c659de35fad729273f,2019-10-06T01:11:31,['http://dbpedia.org/resource/Millennials'],[]
f9af7f20d2fe248138711072f860781dfb4147,1bedfd6a3065ac18c86266042a5b3ccb,2019-10-05T23:03:16,"['http://dbpedia.org/resource/Brad_Parscale', 'http://dbpedia.org/resource/Smart_People']",[]
f9af7f20d2fe248138711072f860781dfb22846,6a94d6c9a53615c3f98a4ad7d12ddd44,2019-10-06T11:09:04,['http://dbpedia.org/resource/Midfielder'],[]
f9af7f20d2fe248138711072f860781dfb23614,121c89ecde66c245f0dac1da5a257395,2019-10-06T11:52:06,['http://dbpedia.org/resource/Heart_of_Midlothian_F.C.'],[]
f9af7f20d2fe248138711072f860781dfb14584,b4b429804196837588c768c6143e149d,2019-10-06T04:58:41,['http://dbpedia.org/resource/TikTok'],[]
f9af7f20d2fe248138711072f860781dfb3314,3ac492028352c0490c8bac410eab979f,2019-10-05T22:38:02,['http://dbpedia.org/resource/American_Broadcasting_Company'],[]
f9af7f20d2fe248138711072f860781dfb23939,675003111c1b0f26834a96b3ada2e5ee,2019-10-06T12:04:24,['http://dbpedia.org/resource/Text_messaging'],[]
f9af7f20d2fe248138711072f860781dfb17639,4d2b5698f27f06f267df349392ac4cb4,2019-10-06T06:54:08,"['http://dbpedia.org/resource/Bourbon_Street', 'http://dbpedia.org/resource/Midfielder']",[]
f9af7f20d2fe248138711072f860781dfb24729,3ff44cd60670ef490e80b217523ccdf2,2019-10-06T12:43:34,['http://dbpedia.org/resource/Indianapolis_Motor_Speedway'],[]
f9af7f20d2fe248138711072f860781dfb31938,573cc5f32429faedb0609b60cbc2faa3,2019-10-06T16:40:54,['http://dbpedia.org/resource/Helsinki'],[]
f9af7f20d2fe248138711072f860781dfb6089,08a25637336ef4f9a8a4c356f23414b9,2019-10-06T00:07:45,['http://dbpedia.org/resource/Tiger_Woods'],[]
f9af7f20d2fe248138711072f860781dfb31681,05ec19baa2e68f6b4f690cc21c543712,2019-10-06T16:35:00,['http://dbpedia.org/resource/Devin_Nunes'],[]
f9af7f20d2fe248138711072f860781dfb31250,a07ef7f2c2c98cc447b382c454608635,2019-10-06T16:25:03,['http://dbpedia.org/resource/YouTube'],[]
f9af7f20d2fe248138711072f860781dfb4446,ff9e26170b9b5aaa9de3b25931048a00,2019-10-05T23:12:17,['http://dbpedia.org/resource/Pinterest'],[]
f9af7f20d2fe248138711072f860781dfb28725,76c838e2bc9a96171846c85d4aef45f3,2019-10-06T15:13:22,['http://dbpedia.org/resource/President_of_the_United_States'],[]
f9af7f20d2fe248138711072f860781dfb8096,6d9b3dc622feaa9d08f0216db35cbc97,2019-10-06T01:18:42,['http://dbpedia.org/resource/Twitter'],[]
f9af7f20d2fe248138711072f860781dfb14621,d7493bbe4a7da1da7a48fea2fcc8b416,2019-10-06T05:00:14,['http://dbpedia.org/resource/American_Broadcasting_Company'],[]
f9af7f20d2fe248138711072f860781dfb27288,7a7a5319ed2ec3689cf4299d8976c721,2019-10-06T14:24:44,['http://dbpedia.org/resource/Apple_Music'],[]
f9af7f20d2fe248138711072f860781dfb23672,5889642cac75b14fc1f331afcb0cb6df,2019-10-06T11:53:29,['http://dbpedia.org/resource/Nigeria'],[]
f9af7f20d2fe248138711072f860781dfb8686,051fd3b08271d2a53219207b7540f5ce,2019-10-06T01:35:57,"['http://dbpedia.org/resource/Quid_pro_quo', 'http://dbpedia.org/resource/Rick_Perry']",[]
f9af7f20d2fe248138711072f860781dfb30933,c931146312d72e518f34a9d6b935b1dd,2019-10-06T16:16:11,['http://dbpedia.org/resource/Homicide'],[]
f9af7f20d2fe248138711072f860781dfb24676,9276331499b1b52a87eab476e8fd7d21,2019-10-06T12:41:50,['http://dbpedia.org/resource/MSNBC'],[]
f9af7f20d2fe248138711072f860781dfb19920,1c7d0465eb47d85bbbbc8b24db0f1490,2019-10-06T08:35:24,"['http://dbpedia.org/resource/Ben_Simmons', 'http://dbpedia.org/resource/National_Basketball_Association']",[]
f9af7f20d2fe248138711072f860781dfb8770,89276964fd97ab15b28efdcbca7ca143,2019-10-06T01:40:31,['http://dbpedia.org/resource/The_Sydney_Morning_Herald'],[]
f9af7f20d2fe248138711072f860781dfb2262,827f9c1b8e0a85677775664c430354e6,2019-10-05T22:09:11,['http://dbpedia.org/resource/Bible'],[]
f9af7f20d2fe248138711072f860781dfb23684,ef495d5ec386813a6418a99175e89266,2019-10-06T11:53:33,['http://dbpedia.org/resource/Twitter'],[]
f9af7f20d2fe248138711072f860781dfb27415,8d6275f3ce0ee8e76f305292015369d3,2019-10-06T14:29:54,['http://dbpedia.org/resource/Facebook'],[]
f9af7f20d2fe248138711072f860781dfb22682,fface3511fb41871c0f3876a100a3fce,2019-10-06T10:58:29,['http://dbpedia.org/resource/Old_Trafford'],[]
f9af7f20d2fe248138711072f860781dfb6500,6a3c1cb99f1965ee4da1dcadc86c054e,2019-10-06T00:20:12,['http://dbpedia.org/resource/Sky_News'],[]
f9af7f20d2fe248138711072f860781dfb6363,451b2cef3a0ee81e69b292367d99e0bb,2019-10-06T00:15:15,['http://dbpedia.org/resource/Wide_receiver'],[]
f9af7f20d2fe248138711072f860781dfb26579,9257581675b501006631f7c63cbecdf0,2019-10-06T14:02:30,['http://dbpedia.org/resource/Bern'],[]
f9af7f20d2fe248138711072f860781dfb19844,c2e3bc67a2902adfa97c8d37cafc2532,2019-10-06T08:31:30,['http://dbpedia.org/resource/Association_football'],[]
f9af7f20d2fe248138711072f860781dfb16249,48f0f836becc59d638a54429dbd6242f,2019-10-06T05:59:10,['http://dbpedia.org/resource/Castilian_Party'],[]
f9af7f20d2fe248138711072f860781dfb19716,a61604d8c1114caad51bb9a2148bd8ae,2019-10-06T08:28:16,['http://dbpedia.org/resource/Nice'],[]
f9af7f20d2fe248138711072f860781dfb34111,b7a6025575ac69d02a09611a7c9e4eb1,2019-10-06T17:32:18,['http://dbpedia.org/resource/Child_abuse'],[]
f9af7f20d2fe248138711072f860781dfb15885,7575c408b5beb4b037455e12f56916f1,2019-10-06T05:47:08,"['http://dbpedia.org/resource/Kanye_West', 'http://dbpedia.org/resource/Mitt_Romney']",[]
f9af7f20d2fe248138711072f860781dfb22342,5cf08c0c81ff6bf1ec205371ef57fca1,2019-10-06T10:40:03,['http://dbpedia.org/resource/Tyler_Perry_Studios'],[]
f9af7f20d2fe248138711072f860781dfb31874,18ca94791dc3dd640f5dc153972f4b73,2019-10-06T16:38:14,['http://dbpedia.org/resource/Mike_Pence'],[]
f9af7f20d2fe248138711072f860781dfb23663,3ab03b15e06d76a38119114c1bd10a59,2019-10-06T11:53:11,['http://dbpedia.org/resource/Fortnite'],[]
f9af7f20d2fe248138711072f860781dfb18382,83543884eba33ef4f69272f0474cf63c,2019-10-06T07:20:22,['http://dbpedia.org/resource/Twitter'],[]
f9af7f20d2fe248138711072f860781dfb24319,f434261a35d12aa7248c2543a2d82d78,2019-10-06T12:28:33,['http://dbpedia.org/resource/Baywatch'],[]
f9af7f20d2fe248138711072f860781dfb8992,4a19382e1fa3990e5f4961d623b45d0e,2019-10-06T01:47:12,['http://dbpedia.org/resource/WWE'],[]
f9af7f20d2fe248138711072f860781dfb32785,34e0f04ed8340e7d029ee6b717082446,2019-10-06T17:01:28,['http://dbpedia.org/resource/East_Africa_Time'],[]
f9af7f20d2fe248138711072f860781dfb21131,688051041395610f5325407e9a1ea0cb,2019-10-06T09:39:34,['http://dbpedia.org/resource/Intelligence_quotient'],[]
f9af7f20d2fe248138711072f860781dfb14500,776eb7eb09b2a0fd097e2c699b8e7a7d,2019-10-06T04:55:37,['http://dbpedia.org/resource/Twitter'],[]
f9af7f20d2fe248138711072f860781dfb34904,4e64c727b68db35a30052a7f34a8ab60,2019-10-06T17:54:12,['http://dbpedia.org/resource/Finland'],[]
f9af7f20d2fe248138711072f860781dfb28297,05d3cc4521fb0ee12513a6c2640b8a10,2019-10-06T15:01:25,['http://dbpedia.org/resource/Donald_Trump'],[]
f9af7f20d2fe248138711072f860781dfb8336,acdd2c24a61d256bf9af796d698036cf,2019-10-06T01:24:17,['http://dbpedia.org/resource/United_States_Congress'],[]
f9af7f20d2fe248138711072f860781dfb29553,b038b61f783f517359deb2bebc31c53d,2019-10-06T15:37:12,['http://dbpedia.org/resource/President_of_the_United_States'],[]
f9af7f20d2fe248138711072f860781dfb6843,9a39c7e5bc8745a6868be02f30956dbc,2019-10-06T00:30:51,['http://dbpedia.org/resource/Text_messaging'],[]
f9af7f20d2fe248138711072f860781dfb15104,4816735449e8b06e8ce39ed19a790b84,2019-10-06T05:17:13,['http://dbpedia.org/resource/Castilian_Party'],[]
f9af7f20d2fe248138711072f860781dfb21715,885e052863a939ab5b57204c8a69ab5f,2019-10-06T10:04:09,['http://dbpedia.org/resource/Dubai'],[]
f9af7f20d2fe248138711072f860781dfb4463,7e7d4c0d2ddbb3b7c84db4d67393a61d,2019-10-05T23:12:25,['http://dbpedia.org/resource/Indiana'],[]
f9af7f20d2fe248138711072f860781dfb30040,e53d30f66bab05f4bef688d3d2ee67f0,2019-10-06T15:50:40,['http://dbpedia.org/resource/Minor_League_Baseball'],[]
f9af7f20d2fe248138711072f860781dfb22411,d8d91e0d10a0becac176688275b2b257,2019-10-06T10:44:48,['http://dbpedia.org/resource/Bachelor_of_Science'],[]
f9af7f20d2fe248138711072f860781dfb27947,656c7321cdb3e265d7e86c4d01acf50d,2019-10-06T14:50:39,['http://dbpedia.org/resource/Tyler_Bertuzzi'],[]
f9af7f20d2fe248138711072f860781dfb33141,2f5945b98dbd2fe27f9c3555c20c5d53,2019-10-06T17:08:13,"['http://dbpedia.org/resource/Chelsea_F.C.', 'http://dbpedia.org/resource/Christian_Pulisic']",[]
f9af7f20d2fe248138711072f860781dfb13178,f1ac5bd96f6ddd8fc414a471bad850bd,2019-10-06T04:09:59,['http://dbpedia.org/resource/Chicago_White_Sox'],[]
f9af7f20d2fe248138711072f860781dfb6169,82ccc9242fd74d057f3c9fe8fe6bf02b,2019-10-06T00:10:27,['http://dbpedia.org/resource/Veganism'],[]
f9af7f20d2fe248138711072f860781dfb13674,1f03889de13083a4421b63bdf3b04ec8,2019-10-06T04:30:22,['http://dbpedia.org/resource/YouTube'],[]
f9af7f20d2fe248138711072f860781dfb31192,e681341dfd932ad9c7ae34d1c8823633,2019-10-06T16:23:16,['http://dbpedia.org/resource/Planned_Parenthood'],[]
f9af7f20d2fe248138711072f860781dfb3342,826fe24637d7da1016a9ce99ea8a7834,2019-10-05T22:38:57,['http://dbpedia.org/resource/Twitter'],[]
f9af7f20d2fe248138711072f860781dfb35285,b698450d71de980cffbaa4ab1ab6a1d0,2019-10-06T18:04:03,['http://dbpedia.org/resource/Twitter'],[]
f9af7f20d2fe248138711072f860781dfb4404,e4b5adbc6ed3dd0be378e651356bc8e0,2019-10-05T23:10:28,['http://dbpedia.org/resource/Twitter'],[]
f9af7f20d2fe248138711072f860781dfb28939,16b3b80b4d0756b2e5582b5971175068,2019-10-06T15:18:30,['http://dbpedia.org/resource/Greta_Thunberg'],[]
f9af7f20d2fe248138711072f860781dfb14566,c36732ef8aa3ecde775e5fb4b8879a1c,2019-10-06T04:58:11,['http://dbpedia.org/resource/Netflix'],[]
f9af7f20d2fe248138711072f860781dfb16023,7812c442b09ba0635bc67eec427c7165,2019-10-06T05:51:55,['http://dbpedia.org/resource/Calgary'],[]
f9af7f20d2fe248138711072f860781dfb26457,d662c2d6873bfa3e5ff3a4f766fdac7c,2019-10-06T13:57:17,['http://dbpedia.org/resource/Donald_Trump'],[]
f9af7f20d2fe248138711072f860781dfb9348,29687b80e6a09fce4f17c9751ec32bbf,2019-10-06T02:01:41,"['http://dbpedia.org/resource/Arizona', 'http://dbpedia.org/resource/Pac-12_Conference']",[]
f9af7f20d2fe248138711072f860781dfb32190,731e6c4488cfda18c62bc56a8d642aca,2019-10-06T16:48:14,['http://dbpedia.org/resource/Bachelor_of_Science'],[]
f9af7f20d2fe248138711072f860781dfb6541,e3a852e8753e5a854f5418601edcef27,2019-10-06T00:22:28,['http://dbpedia.org/resource/Racism'],[]
f9af7f20d2fe248138711072f860781dfb3710,858197f16ce5f995b626fa5f7fe3570c,2019-10-05T22:48:20,['http://dbpedia.org/resource/Association_football'],[]
f9af7f20d2fe248138711072f860781dfb25476,8a5ea8b3d60333d370ee02af057b5df3,2019-10-06T13:16:05,['http://dbpedia.org/resource/Twitter'],[]
f9af7f20d2fe248138711072f860781dfb20708,9a9c5bc828ffc88f88a27693b5725ac5,2019-10-06T09:15:02,['http://dbpedia.org/resource/BET'],[]
f9af7f20d2fe248138711072f860781dfb29793,2e72136357336489d1ca0db7c43b61b0,2019-10-06T15:44:49,['http://dbpedia.org/resource/YouTube'],[]
f9af7f20d2fe248138711072f860781dfb6242,8ea3f118d6a06783d2a5f671f1c607c3,2019-10-06T00:11:21,"['http://dbpedia.org/resource/Facebook', 'http://dbpedia.org/resource/Google']",[]
f9af7f20d2fe248138711072f860781dfb29313,158c10c675df75a9c5595bf0f1afc02e,2019-10-06T15:30:01,['http://dbpedia.org/resource/Harry_Styles'],[]
f9af7f20d2fe248138711072f860781dfb23950,ff636c47bbd0dab8f00cab80b1d0c96f,2019-10-06T12:05:10,['http://dbpedia.org/resource/English_language'],[]
f9af7f20d2fe248138711072f860781dfb9469,8ff73f24d3128351628a5fd34b80a02b,2019-10-06T02:05:34,"['http://dbpedia.org/resource/Instagram', 'http://dbpedia.org/resource/Justin_Bieber']",[]
f9af7f20d2fe248138711072f860781dfb30689,8a65a0543ad98ed70847c8dd26ba6852,2019-10-06T16:07:59,['http://dbpedia.org/resource/Defensively_equipped_merchant_ship'],[]
f9af7f20d2fe248138711072f860781dfb7360,b4d07c4228079d5c8f26e4bf35c52458,2019-10-06T00:49:24,['http://dbpedia.org/resource/The_Sydney_Morning_Herald'],[]
f9af7f20d2fe248138711072f860781dfb9489,68b87274d9003ead3ae3574d1be05aff,2019-10-06T02:06:13,"['http://dbpedia.org/resource/President_of_the_United_States', 'http://dbpedia.org/resource/Twitter']",[]
f9af7f20d2fe248138711072f860781dfb27296,ea7827174c0c7faeb690703c23f2f351,2019-10-06T14:25:04,['http://dbpedia.org/resource/Tropical_savanna_climate'],[]
f9af7f20d2fe248138711072f860781dfb26805,46d4a8ea171f51ca61ee73df22a248f1,2019-10-06T14:09:38,['http://dbpedia.org/resource/Impeachment'],[]
f9af7f20d2fe248138711072f860781dfb9001,df045fe5233f08b64b85b2c1c39ff269,2019-10-06T01:47:50,['http://dbpedia.org/resource/Halloween'],[]
f9af7f20d2fe248138711072f860781dfb33262,265533459df61ae750210be1631ab77c,2019-10-06T17:10:46,['http://dbpedia.org/resource/Chelsea_F.C.'],[]
f9af7f20d2fe248138711072f860781dfb16573,02ce813231c5674e1fdeba54ba4a6088,2019-10-06T06:10:51,['http://dbpedia.org/resource/Jungkook'],[]
f9af7f20d2fe248138711072f860781dfb10360,d35e41a58b1ca56fcd05f58c5c0d457a,2019-10-06T02:40:38,['http://dbpedia.org/resource/Twitter'],[]
f9af7f20d2fe248138711072f860781dfb6773,b4017e53b9a363f32ac8d491767cbf0b,2019-10-06T00:28:36,"['http://dbpedia.org/resource/Skype', 'http://dbpedia.org/resource/Webcam_model']",[]
f9af7f20d2fe248138711072f860781dfb14349,c743cb5d103d2d7a7bf191ce30db8cf5,2019-10-06T04:52:10,['http://dbpedia.org/resource/Milwaukee'],[]
f9af7f20d2fe248138711072f860781dfb30465,5e304b5ea13da914a9d5716a71ab5fe8,2019-10-06T16:03:04,['http://dbpedia.org/resource/The_Economist'],[]
f9af7f20d2fe248138711072f860781dfb8887,c029dfb14f8b30b04073100cbc69d72f,2019-10-06T01:44:56,['http://dbpedia.org/resource/Oreo'],[]
f9af7f20d2fe248138711072f860781dfb4388,92faaea887ed8253c3b2f4bf83ee7b1a,2019-10-05T23:10:03,['http://dbpedia.org/resource/Twitter'],[]
f9af7f20d2fe248138711072f860781dfb8718,d89800ae4b7ba1a71f503713ab98b1cf,2019-10-06T01:38:39,['http://dbpedia.org/resource/Rick_Perry'],[]
f9af7f20d2fe248138711072f860781dfb12050,b2e34e52cc1e85ec699d5474a185e7cf,2019-10-06T03:30:22,['http://dbpedia.org/resource/Darrel_Williams'],[]
f9af7f20d2fe248138711072f860781dfb214,4f10432f1b80db41a4c87c223cc0b46a,2019-10-05T21:15:06,['http://dbpedia.org/resource/Saturday_Night_Fever'],[]
f9af7f20d2fe248138711072f860781dfb5326,6c0ff01c15fcea291b8876fd4a4bd2fb,2019-10-05T23:41:15,['http://dbpedia.org/resource/Minty_Fresh'],[]
f9af7f20d2fe248138711072f860781dfb26659,c5a84bb1f3b1e5a8257ab968c552088d,2019-10-06T14:04:54,['http://dbpedia.org/resource/Social_media'],[]
f9af7f20d2fe248138711072f860781dfb28211,c97efd527d4bc6b1f238786df74d73ea,2019-10-06T14:59:34,['http://dbpedia.org/resource/Twitter'],[]
f9af7f20d2fe248138711072f860781dfb24826,032fd4cafd3f9dce5efcb6b0cfc8b552,2019-10-06T12:48:51,['http://dbpedia.org/resource/Player_of_the_match'],[]
f9af7f20d2fe248138711072f860781dfb16683,b28295db6a92abbe7bf8394da1322736,2019-10-06T06:16:09,['http://dbpedia.org/resource/Bangkok'],[]
f9af7f20d2fe248138711072f860781dfb21910,2c664ff7ce1bd3d5e106c1a5c481c416,2019-10-06T10:16:55,['http://dbpedia.org/resource/Donald_Trump'],[]
f9af7f20d2fe248138711072f860781dfb13273,918442f20abf707d643b2069c49ef3ce,2019-10-06T04:14:03,['http://dbpedia.org/resource/White_supremacy'],[]
f9af7f20d2fe248138711072f860781dfb22250,403bbf1304de0f1b91b5699bde0c6564,2019-10-06T10:34:37,['http://dbpedia.org/resource/Nice'],[]
f9af7f20d2fe248138711072f860781dfb3350,53c25dc735414babbf4d8813e2bb2ef5,2019-10-05T22:39:23,['http://dbpedia.org/resource/Milan'],[]
f9af7f20d2fe248138711072f860781dfb2186,91ce526e333a41022c1f5e9d24d001ba,2019-10-05T22:07:03,['http://dbpedia.org/resource/Federal_Bureau_of_Investigation'],[]
f9af7f20d2fe248138711072f860781dfb7923,56a93fda46ddeb1c48ad3abc869f6f1d,2019-10-06T01:09:53,"['http://dbpedia.org/resource/Arizona', 'http://dbpedia.org/resource/Colorado']",[]
f9af7f20d2fe248138711072f860781dfb21408,6496390faf8a16b4a6032f0c48780ea9,2019-10-06T09:54:02,"['http://dbpedia.org/resource/Business_Insider', 'http://dbpedia.org/resource/CNN']",[]
f9af7f20d2fe248138711072f860781dfb19860,62a0138b5768bc4d8b7108ea0503fcab,2019-10-06T08:31:34,"['http://dbpedia.org/resource/Mobile_app', 'http://dbpedia.org/resource/Twitter']",[]
f9af7f20d2fe248138711072f860781dfb3623,141a76c8dd93652e209aa3fe74207977,2019-10-05T22:46:52,['http://dbpedia.org/resource/Eminem'],[]
f9af7f20d2fe248138711072f860781dfb6686,26524eed6126e577290c32dc29eb15cf,2019-10-06T00:26:42,['http://dbpedia.org/resource/Texas'],[]
f9af7f20d2fe248138711072f860781dfb31547,33257cb4714933c6249800631f71b2db,2019-10-06T16:32:17,"['http://dbpedia.org/resource/CNN', 'http://dbpedia.org/resource/MSNBC']",[]
f9af7f20d2fe248138711072f860781dfb5382,de995ff151a708e7d863ca5eb37df4f7,2019-10-05T23:42:41,['http://dbpedia.org/resource/Spotify'],[]
f9af7f20d2fe248138711072f860781dfb7167,e2e72ece796508c36b47e41af6e7d805,2019-10-06T00:43:01,"['http://dbpedia.org/resource/MSNBC', 'http://dbpedia.org/resource/Rock_music']",[]
f9af7f20d2fe248138711072f860781dfb35406,0eb7415cd64723de9bda1e35d7b74561,2019-10-06T18:07:12,['http://dbpedia.org/resource/Shooting_guard'],[]
f9af7f20d2fe248138711072f860781dfb7885,db7ba7e8cc514617af152dc2f7edc909,2019-10-06T01:08:58,['http://dbpedia.org/resource/Twitter'],[]
f9af7f20d2fe248138711072f860781dfb34530,ef5f57e2aa8771c88848711720be4209,2019-10-06T17:44:15,['http://dbpedia.org/resource/Nice'],[]
f9af7f20d2fe248138711072f860781dfb28111,b39792c677518f7bcdc7b52d4219bf11,2019-10-06T14:55:40,['http://dbpedia.org/resource/BTS'],[]
f9af7f20d2fe248138711072f860781dfb25591,0b0fa8b05cd530042c0bd93ee50cc071,2019-10-06T13:19:39,['http://dbpedia.org/resource/English_language'],[]
f9af7f20d2fe248138711072f860781dfb31025,d59854223c3cd312b15b780eff687b82,2019-10-06T16:19:01,['http://dbpedia.org/resource/Midfielder'],[]
f9af7f20d2fe248138711072f860781dfb7819,8720c57b527718c312118e9ee13846dd,2019-10-06T01:06:17,['http://dbpedia.org/resource/The_Sydney_Morning_Herald'],[]
f9af7f20d2fe248138711072f860781dfb5761,92e53c75945f7be50287d9ac8c7a736c,2019-10-05T23:56:49,['http://dbpedia.org/resource/Nice'],[]
f9af7f20d2fe248138711072f860781dfb34631,45b6add920a605b583d6ec78457707c7,2019-10-06T17:47:30,['http://dbpedia.org/resource/Chelsea_F.C.'],[]
f9af7f20d2fe248138711072f860781dfb2118,4786a5cdee4ebc90b50f5227707cba51,2019-10-05T22:04:59,['http://dbpedia.org/resource/Tropical_savanna_climate'],[]
f9af7f20d2fe248138711072f860781dfb31477,d5823a9e47da9bc82fad954b62eaaf14,2019-10-06T16:31:03,['http://dbpedia.org/resource/YouTube'],[]
f9af7f20d2fe248138711072f860781dfb23024,60917b91af39cc8054d0da197aa44a40,2019-10-06T11:21:28,['http://dbpedia.org/resource/Twitter'],[]
f9af7f20d2fe248138711072f860781dfb5884,1e2a74a54746394f8d5cf6d9778fd288,2019-10-06T00:00:41,['http://dbpedia.org/resource/Rick_Perry'],[]
f9af7f20d2fe248138711072f860781dfb18864,7636088339d8eddc161082bf78f8a547,2019-10-06T07:42:34,['http://dbpedia.org/resource/Mobile_phone'],[]
f9af7f20d2fe248138711072f860781dfb16884,312aea7de30f0249638b0b7849343168,2019-10-06T06:24:57,"['http://dbpedia.org/resource/DMC_DeLorean', 'http://dbpedia.org/resource/Nice']",[]
f9af7f20d2fe248138711072f860781dfb25035,a3d92915d9ea30aef1ad053d7f5aa61d,2019-10-06T12:56:30,['http://dbpedia.org/resource/Apple_Inc.'],[]
f9af7f20d2fe248138711072f860781dfb13869,6e50058ef64360484a7b5d8d68495774,2019-10-06T04:36:45,['http://dbpedia.org/resource/Stomach_rumble'],[]
f9af7f20d2fe248138711072f860781dfb18741,4047377d9add874fd10233d8050d2867,2019-10-06T07:36:53,['http://dbpedia.org/resource/Bruce_Willis'],[]
f9af7f20d2fe248138711072f860781dfb988,e67ca2496b42d96fd06b050f6b277480,2019-10-05T21:33:13,"['http://dbpedia.org/resource/Justin_Trudeau', 'http://dbpedia.org/resource/Racism']",[]
f9af7f20d2fe248138711072f860781dfb7419,04db174ea807abb3e1f89fa1f13e969b,2019-10-06T00:52:36,['http://dbpedia.org/resource/Zayn_Malik'],[]
f9af7f20d2fe248138711072f860781dfb36125,66485683a4c4ce204dd5bccbe4c93c68,2019-10-06T18:25:09,['http://dbpedia.org/resource/Pet_peeve'],[]
f9af7f20d2fe248138711072f860781dfb19139,79065a2fb62c8e9816d7b7115976e52e,2019-10-06T07:57:06,['http://dbpedia.org/resource/East_Africa_Time'],[]
f9af7f20d2fe248138711072f860781dfb1026,77bae3e7622aa136e4170272d4633fb0,2019-10-05T21:34:28,['http://dbpedia.org/resource/BET'],[]
f9af7f20d2fe248138711072f860781dfb11760,4fa783d41ea81e59891065fd6afc3f38,2019-10-06T03:22:14,['http://dbpedia.org/resource/Instagram'],[]
f9af7f20d2fe248138711072f860781dfb29003,32e31709d9c3c58a84fdcab328dc1502,2019-10-06T15:20:57,['http://dbpedia.org/resource/Nigeria'],[]
f9af7f20d2fe248138711072f860781dfb14691,fd858f72d88cd22841abadbee85d211f,2019-10-06T05:01:22,['http://dbpedia.org/resource/Hospice'],[]
f9af7f20d2fe248138711072f860781dfb15374,4b5c62ffccdfa6c6d98909e2618cd172,2019-10-06T05:27:46,['http://dbpedia.org/resource/Bible'],[]
f9af7f20d2fe248138711072f860781dfb8671,3981bd9c46a1987c37169ae1a104d248,2019-10-06T01:35:43,['http://dbpedia.org/resource/College_football'],[]
f9af7f20d2fe248138711072f860781dfb1654,b5bc6db842f4187aac7c2a9967106cd6,2019-10-05T21:51:08,['http://dbpedia.org/resource/Twitter'],[]
f9af7f20d2fe248138711072f860781dfb19886,868f2b87b51fcddf32973ed3e6af5b14,2019-10-06T08:33:45,['http://dbpedia.org/resource/James_Maddison'],[]
f9af7f20d2fe248138711072f860781dfb31226,123c714cb3af64dd519a624205029856,2019-10-06T16:24:45,['http://dbpedia.org/resource/Halloween'],[]
f9af7f20d2fe248138711072f860781dfb24890,0caece711ed746a39a59195fd8fae7d8,2019-10-06T12:51:40,['http://dbpedia.org/resource/East_Africa_Time'],[]
f9af7f20d2fe248138711072f860781dfb17520,f53cac691b4bf22c5929582599709d4a,2019-10-06T06:51:26,['http://dbpedia.org/resource/Rick_Perry'],[]
f9af7f20d2fe248138711072f860781dfb12510,d266eaf8e662e7a66ae175a773f91104,2019-10-06T03:46:09,['http://dbpedia.org/resource/Twitter'],[]
f9af7f20d2fe248138711072f860781dfb26134,5ab2eb40c6e62dfe9c2594a42ebd4480,2019-10-06T13:41:25,['http://dbpedia.org/resource/Twitter'],[]
f9af7f20d2fe248138711072f860781dfb20188,bda9bdacab97dead7bd7522030a5650b,2019-10-06T08:45:30,['http://dbpedia.org/resource/Twitter'],[]
f9af7f20d2fe248138711072f860781dfb13110,1a32ce64626f5f82f6364a6e9cd2d84e,2019-10-06T04:07:10,['http://dbpedia.org/resource/Twitter'],[]
f9af7f20d2fe248138711072f860781dfb4246,5f69953318aa3ef6fe1999681728b1f9,2019-10-05T23:07:14,['http://dbpedia.org/resource/Manchester_United_F.C.'],[]
f9af7f20d2fe248138711072f860781dfb1522,a8c456edc6dec0eaa115c2c0b98ba6c2,2019-10-05T21:47:13,"['http://dbpedia.org/resource/Midfielder', 'http://dbpedia.org/resource/Twitter']",[]
f9af7f20d2fe248138711072f860781dfb31698,03cd8bc30ded44dd1a6dfec16da6b824,2019-10-06T16:35:26,['http://dbpedia.org/resource/Kanji'],[]
f9af7f20d2fe248138711072f860781dfb14778,95dff22b2f52dd013c09a8c36114f859,2019-10-06T05:04:27,['http://dbpedia.org/resource/Harry_Styles'],[]
f9af7f20d2fe248138711072f860781dfb810,ca5ffa5e7790e2ac764793a166fc0a5a,2019-10-05T21:28:50,['http://dbpedia.org/resource/Hockey_East'],[]
f9af7f20d2fe248138711072f860781dfb11720,09b6612b01606c5464877533eea4d36e,2019-10-06T03:21:26,['http://dbpedia.org/resource/Candy_corn'],[]
f9af7f20d2fe248138711072f860781dfb22957,f2edb59d5833e8f998f881ee8d16adcf,2019-10-06T11:14:30,['http://dbpedia.org/resource/BTS'],[]
f9af7f20d2fe248138711072f860781dfb9682,8a772a29587c34b6d78c66a3a80552aa,2019-10-06T02:12:29,['http://dbpedia.org/resource/Nice'],[]
f9af7f20d2fe248138711072f860781dfb32895,7ac504d649cdc7bae2d27738fdb7e81b,2019-10-06T17:03:10,['http://dbpedia.org/resource/Cerebral_palsy'],[]
f9af7f20d2fe248138711072f860781dfb28493,e45bbd150709b313949fa555c72f7f8d,2019-10-06T15:07:41,['http://dbpedia.org/resource/Twitter'],[]
f9af7f20d2fe248138711072f860781dfb18941,c60845828b0e52c51f21d61877b75dc7,2019-10-06T07:45:46,['http://dbpedia.org/resource/Black_people'],[]
f9af7f20d2fe248138711072f860781dfb14574,cceddf77cbef50a17656b0f94ff8c9e5,2019-10-06T04:58:21,"['http://dbpedia.org/resource/Apple_Music', 'http://dbpedia.org/resource/Megan_Thee_Stallion', 'http://dbpedia.org/resource/Nicki_Minaj']",[]
f9af7f20d2fe248138711072f860781dfb31435,f932f3a37714a605cd8a964fef41cdfc,2019-10-06T16:29:25,['http://dbpedia.org/resource/BTS'],[]
f9af7f20d2fe248138711072f860781dfb26278,3e832b905218b96417ec19d938a8f69e,2019-10-06T13:48:05,['http://dbpedia.org/resource/Bible'],[]
f9af7f20d2fe248138711072f860781dfb26041,911a2d5c1fd762f1087ae6628c434b04,2019-10-06T13:37:00,['http://dbpedia.org/resource/Apple_Inc.'],[]
f9af7f20d2fe248138711072f860781dfb36625,d02c68abce7d21be878be88992c8ccd5,2019-10-06T18:37:19,['http://dbpedia.org/resource/India'],[]
f9af7f20d2fe248138711072f860781dfb7729,63e656bccf2c3e322b76b16e86f296d8,2019-10-06T01:02:01,['http://dbpedia.org/resource/Twitter'],[]
f9af7f20d2fe248138711072f860781dfb35490,c3bc693c0f719dad8c49ff927b959594,2019-10-06T18:09:18,['http://dbpedia.org/resource/Nutella'],[]
f9af7f20d2fe248138711072f860781dfb5214,66b85c8daf5a2e94bf1706e08e54e6e6,2019-10-05T23:37:26,['http://dbpedia.org/resource/Halloween'],[]
f9af7f20d2fe248138711072f860781dfb32793,916dec763c84916c929bb257ff96187d,2019-10-06T17:01:31,['http://dbpedia.org/resource/Fiscal_year'],[]
f9af7f20d2fe248138711072f860781dfb18856,69eb5be2a2e424ba716baed9cdce7ac3,2019-10-06T07:42:08,['http://dbpedia.org/resource/Amazon_Kindle'],[]
f9af7f20d2fe248138711072f860781dfb28192,27415789e3ba92e321510ea22561687a,2019-10-06T14:59:13,['http://dbpedia.org/resource/Castilian_Party'],[]
f9af7f20d2fe248138711072f860781dfb6489,4718cbcaeb7bcfdc943f52c0283c688f,2019-10-06T00:20:10,['http://dbpedia.org/resource/Sky_News'],[]
f9af7f20d2fe248138711072f860781dfb35995,02519fd881d2661902228aa0fe63649b,2019-10-06T18:21:17,['http://dbpedia.org/resource/Exhibition_game'],[]
f9af7f20d2fe248138711072f860781dfb10286,8f12e90ee86293ba39910c38f605cf43,2019-10-06T02:37:22,['http://dbpedia.org/resource/Ottawa'],[]
f9af7f20d2fe248138711072f860781dfb1472,304d11e6de30025dcfef16b040ae8c54,2019-10-05T21:45:32,"['http://dbpedia.org/resource/Neck_pain', 'http://dbpedia.org/resource/Snapchat']",[]
f9af7f20d2fe248138711072f860781dfb2162,9587eb100ac6fb03c587dce846c3f358,2019-10-05T22:06:39,['http://dbpedia.org/resource/The_Sydney_Morning_Herald'],[]
f9af7f20d2fe248138711072f860781dfb23411,cf8e9d9fd5aa7162d553fa50edb12b30,2019-10-06T11:41:50,['http://dbpedia.org/resource/Kitchen_knife'],[]
f9af7f20d2fe248138711072f860781dfb10443,257713e491e591cf04f066617a226957,2019-10-06T02:42:40,['http://dbpedia.org/resource/Chase_Center'],[]
f9af7f20d2fe248138711072f860781dfb26889,4f79b3b10d829902957efde306bf51bb,2019-10-06T14:11:07,['http://dbpedia.org/resource/Helsinki'],[]
f9af7f20d2fe248138711072f860781dfb13323,fc9a14098d52540472ce341f92a4acee,2019-10-06T04:15:13,['http://dbpedia.org/resource/Rick_Perry'],[]
f9af7f20d2fe248138711072f860781dfb21320,7d553db7ff574a970c79935019a9337b,2019-10-06T09:48:29,['http://dbpedia.org/resource/Italy'],[]
f9af7f20d2fe248138711072f860781dfb12263,78544a1fc26a4dc02d9cecdb930c86d0,2019-10-06T03:39:09,['http://dbpedia.org/resource/Fortnite'],[]
f9af7f20d2fe248138711072f860781dfb5743,769413f9bf604e735ff1d866d0f5ff68,2019-10-05T23:56:46,['http://dbpedia.org/resource/ESPN'],[]
f9af7f20d2fe248138711072f860781dfb27924,52aa73aa7066d726de78972946d6f4cd,2019-10-06T14:49:52,['http://dbpedia.org/resource/Midfielder'],[]
f9af7f20d2fe248138711072f860781dfb16461,e95b3b6ab9197cca0b389135ea95df67,2019-10-06T06:05:48,['http://dbpedia.org/resource/Twitter'],[]
f9af7f20d2fe248138711072f860781dfb26405,4e86f26025d57df7d48d3dc1662d6c27,2019-10-06T13:54:01,"['http://dbpedia.org/resource/BTS', 'http://dbpedia.org/resource/Billie_Eilish']",[]
f9af7f20d2fe248138711072f860781dfb12093,fda548713adb3b02bdbfa6bee4376372,2019-10-06T03:30:47,['http://dbpedia.org/resource/Twitter'],[]
f9af7f20d2fe248138711072f860781dfb9037,1f865a26f4df3e3ddc03e46adf3267ad,2019-10-06T01:49:28,['http://dbpedia.org/resource/Glock'],[]
f9af7f20d2fe248138711072f860781dfb33959,8854c9a82bcdff38186ad449db8fd8e6,2019-10-06T17:28:18,['http://dbpedia.org/resource/Twitter'],[]
f9af7f20d2fe248138711072f860781dfb22663,8d39af61c023bbf5183cef8b7d9651f2,2019-10-06T10:57:59,['http://dbpedia.org/resource/Castilian_Party'],[]
f9af7f20d2fe248138711072f860781dfb10176,1ee72b4493e04768d308da9686841eb4,2019-10-06T02:32:48,['http://dbpedia.org/resource/Ryan_Phillippe'],[]
f9af7f20d2fe248138711072f860781dfb7550,9348291add122098fcbfb5296500392b,2019-10-06T00:57:40,['http://dbpedia.org/resource/BTS'],[]
f9af7f20d2fe248138711072f860781dfb10117,fdd00decd2b5a5c232cad2a860534fb0,2019-10-06T02:30:35,['http://dbpedia.org/resource/Donald_Trump'],[]
f9af7f20d2fe248138711072f860781dfb18872,9c7ddce4a69346655f0fceab40948405,2019-10-06T07:42:36,['http://dbpedia.org/resource/Mike_Bobo'],[]
f9af7f20d2fe248138711072f860781dfb8367,321be8aef525a58ff0d30a79e8d985d4,2019-10-06T01:25:00,['http://dbpedia.org/resource/Drew_Brees'],[]
f9af7f20d2fe248138711072f860781dfb8878,b9a37e3d88a09987ea3114aac2c4794e,2019-10-06T01:44:42,"['http://dbpedia.org/resource/Sexism', 'http://dbpedia.org/resource/The_Sydney_Morning_Herald']",[]
f9af7f20d2fe248138711072f860781dfb14524,5f2291745d9d7931ac5c65a28d350a4e,2019-10-06T04:57:12,"['http://dbpedia.org/resource/BTS', 'http://dbpedia.org/resource/Nice']",[]
f9af7f20d2fe248138711072f860781dfb6426,158258fdda64394247f2545b24142e4b,2019-10-06T00:18:20,['http://dbpedia.org/resource/Association_football'],[]
f9af7f20d2fe248138711072f860781dfb17305,84ac685febfb7de292c20fc01bdc44fa,2019-10-06T06:45:25,['http://dbpedia.org/resource/Feminism'],[]
f9af7f20d2fe248138711072f860781dfb24687,0f06ce0403ad481496d2059a4f4e5716,2019-10-06T12:42:05,['http://dbpedia.org/resource/Havarti'],[]
f9af7f20d2fe248138711072f860781dfb31043,b4feee115771c7b14bc8ecd3d72b6a8f,2019-10-06T16:20:23,['http://dbpedia.org/resource/BTS'],[]
f9af7f20d2fe248138711072f860781dfb8308,4ff622e18f642af4e176bb31a90c5f04,2019-10-06T01:23:44,['http://dbpedia.org/resource/McRib'],[]
f9af7f20d2fe248138711072f860781dfb9442,65d36f23333947044e71af20a1fec87c,2019-10-06T02:04:35,['http://dbpedia.org/resource/Internet_of_things'],[]
f9af7f20d2fe248138711072f860781dfb25900,b526ba1d19ce15a0970c3ffcb1daa859,2019-10-06T13:29:19,['http://dbpedia.org/resource/Twitter'],[]
f9af7f20d2fe248138711072f860781dfb30159,99629fec62eb62ca1c379c9550b9f75d,2019-10-06T15:53:33,['http://dbpedia.org/resource/Twitter'],[]
f9af7f20d2fe248138711072f860781dfb4661,2d163f020ccf6ce8ae97400d638b0ed5,2019-10-05T23:20:55,['http://dbpedia.org/resource/Manchester'],[]
f9af7f20d2fe248138711072f860781dfb26519,b1230864c6831f41b515cdbf8093a690,2019-10-06T14:00:07,['http://dbpedia.org/resource/African_Americans'],[]
f9af7f20d2fe248138711072f860781dfb13782,8be7aa63fea0a0440c0575f9a6bfb288,2019-10-06T04:33:01,['http://dbpedia.org/resource/Nice'],[]
f9af7f20d2fe248138711072f860781dfb7043,e208b8a57f29e729c78c830ae506bff4,2019-10-06T00:38:31,['http://dbpedia.org/resource/Bachelor_of_Science'],[]
f9af7f20d2fe248138711072f860781dfb22466,60917e6a4f9611088771e7092ddbf0e4,2019-10-06T10:47:42,['http://dbpedia.org/resource/Twitter'],[]
f132469783170402a8fc68be0b4530ac3b15668,fc6ba2955023c6c78605d6e55ed539ea,2019-10-07T01:29:59,['http://dbpedia.org/resource/Teddy_Pendergrass'],[]
f132469783170402a8fc68be0b4530ac3b34238,39eee0b09878e93bc8dd0f67c5c4cfb4,2019-10-07T13:31:34,['http://dbpedia.org/resource/Eating_disorder'],[]
f132469783170402a8fc68be0b4530ac3b18832,ad0309cf9e598f5e3c0821c531659d75,2019-10-07T03:05:38,['http://dbpedia.org/resource/Twitter'],[]
f132469783170402a8fc68be0b4530ac3b26361,7a076d64b2a0478789d9616cf8688748,2019-10-07T07:10:49,['http://dbpedia.org/resource/Twitter'],[]
f132469783170402a8fc68be0b4530ac3b34383,29a829d3016e09e379129ccdd338f3c7,2019-10-07T13:36:32,['http://dbpedia.org/resource/Soul_music'],[]
f132469783170402a8fc68be0b4530ac3b24377,0017d98be8fa7b70cf41f28977775d2c,2019-10-07T05:48:53,['http://dbpedia.org/resource/National_Football_League'],[]
f132469783170402a8fc68be0b4530ac3b27710,c029dfb14f8b30b04073100cbc69d72f,2019-10-07T08:22:08,['http://dbpedia.org/resource/Nice'],[]
f132469783170402a8fc68be0b4530ac3b5086,07d1296ab1c2cee57db670682f344c50,2019-10-06T20:44:28,['http://dbpedia.org/resource/Sweden'],[]
f132469783170402a8fc68be0b4530ac3b5479,c983254c451c8a7f68e45dfb2c38bfd7,2019-10-06T20:58:37,['http://dbpedia.org/resource/Manchester_City_F.C.'],[]
f132469783170402a8fc68be0b4530ac3b8207,9aecf4b5fc24c504d8f973b91fcffe45,2019-10-06T22:13:57,['http://dbpedia.org/resource/Defensively_equipped_merchant_ship'],[]
f132469783170402a8fc68be0b4530ac3b18480,3631aa20e59fe0118c4d2e74f09b5a38,2019-10-07T02:57:03,['http://dbpedia.org/resource/Purple_Heart'],[]
f132469783170402a8fc68be0b4530ac3b6187,08fa74e23d82b44c532a14798fcc5a4c,2019-10-06T21:21:47,['http://dbpedia.org/resource/5_Seconds_of_Summer'],[]
f132469783170402a8fc68be0b4530ac3b10501,9837d573b8eafbca6fad746722bdc1a4,2019-10-06T23:03:57,['http://dbpedia.org/resource/Los_Angeles_Times'],[]
f132469783170402a8fc68be0b4530ac3b9818,fad0ffcdfbfa81bf06842ae801d5ba2f,2019-10-06T22:47:57,['http://dbpedia.org/resource/Mobile_phone'],[]
f132469783170402a8fc68be0b4530ac3b22402,e97f93125f9d5fa311d60340d829c0ad,2019-10-07T04:50:01,['http://dbpedia.org/resource/Halloween'],[]
f132469783170402a8fc68be0b4530ac3b14718,39aa6a1efad6f2ed15cf6fa6ccdffb32,2019-10-07T01:02:25,['http://dbpedia.org/resource/Prosthesis'],[]
f132469783170402a8fc68be0b4530ac3b3217,64c05f4250c9382cf25867db5ea2d6c5,2019-10-06T20:00:39,['http://dbpedia.org/resource/Heart_rate'],[]
f132469783170402a8fc68be0b4530ac3b36391,6b8b34f00bfcc3faf1cd59f9396046fb,2019-10-07T14:36:44,['http://dbpedia.org/resource/Handedness'],[]
f132469783170402a8fc68be0b4530ac3b5802,8c08c82a9d7667ca6d6dea7a8d3d922c,2019-10-06T21:05:53,['http://dbpedia.org/resource/The_Sydney_Morning_Herald'],[]
f132469783170402a8fc68be0b4530ac3b5501,d3248d5c71763a75db124bf50eef07b8,2019-10-06T20:59:20,['http://dbpedia.org/resource/Cheers'],[]
f132469783170402a8fc68be0b4530ac3b14136,ed06dabff5160cc2981bd605a53a3bcf,2019-10-07T00:42:51,['http://dbpedia.org/resource/Epic_Records'],[]
f132469783170402a8fc68be0b4530ac3b25086,efdb8e4ba6a0321cffe4f8909efb5ccb,2019-10-07T06:09:51,['http://dbpedia.org/resource/Kurds'],[]
f132469783170402a8fc68be0b4530ac3b33352,e2b3cbf7bb22d3adff1e92ea6a12d167,2019-10-07T12:48:13,['http://dbpedia.org/resource/Wisconsin'],[]
f132469783170402a8fc68be0b4530ac3b18323,948f209b38ea9e13d3eac75339835e28,2019-10-07T02:51:06,['http://dbpedia.org/resource/Speaker_of_the_United_States_House_of_Representatives'],[]
f132469783170402a8fc68be0b4530ac3b9330,4abc52a29ea483c4c09f8f92300ccbe1,2019-10-06T22:38:30,['http://dbpedia.org/resource/Lamborghini'],[]
f132469783170402a8fc68be0b4530ac3b9134,5b2a2fc6c3281e1dbd72672f17e697ef,2019-10-06T22:34:06,['http://dbpedia.org/resource/Christianity'],[]
f132469783170402a8fc68be0b4530ac3b18579,82ce868a41184d3d107c45e830d66b05,2019-10-07T03:00:10,['http://dbpedia.org/resource/Twitter'],[]
f132469783170402a8fc68be0b4530ac3b10545,41fbb4edc79fb8d73dfd70bf0390bb12,2019-10-06T23:04:48,['http://dbpedia.org/resource/Imma'],[]
f132469783170402a8fc68be0b4530ac3b474,9303398a9c33f9bf9c9afb2c0d5d369f,2019-10-06T18:49:34,['http://dbpedia.org/resource/Great_Lakes_Intercollegiate_Athletic_Conference'],[]
f132469783170402a8fc68be0b4530ac3b27559,8ae0f80e88236daf39de9536d33d4454,2019-10-07T08:12:43,['http://dbpedia.org/resource/Lamborghini'],[]
f132469783170402a8fc68be0b4530ac3b11521,6f2909c80c1f78df25bae45d44ea2167,2019-10-06T23:31:48,['http://dbpedia.org/resource/West_Virginia'],[]
f132469783170402a8fc68be0b4530ac3b29708,19b186ed05fa73e5e3431d2bc27abe82,2019-10-07T10:04:02,['http://dbpedia.org/resource/Apple_Inc.'],[]
f132469783170402a8fc68be0b4530ac3b11470,9634ca3cd637643652144f9de5554232,2019-10-06T23:30:07,"['http://dbpedia.org/resource/Donald_Trump', 'http://dbpedia.org/resource/Intel']",[]
f132469783170402a8fc68be0b4530ac3b32924,8928cceff5464cb4efc98de2f25892ad,2019-10-07T12:27:50,"['http://dbpedia.org/resource/CNN', 'http://dbpedia.org/resource/Foreign_policy_of_the_United_States', 'http://dbpedia.org/resource/MSNBC']",[]
f132469783170402a8fc68be0b4530ac3b10587,d23ccf46c2fab75d9407fa952c1b00ac,2019-10-06T23:07:08,['http://dbpedia.org/resource/Anxiety_disorder'],[]
f132469783170402a8fc68be0b4530ac3b35282,dffce3e07193defd14548ddf6b253e36,2019-10-07T14:03:14,['http://dbpedia.org/resource/Old_Trafford'],[]
f132469783170402a8fc68be0b4530ac3b29533,132fb87dc71c1af227e31368f56a4c40,2019-10-07T09:56:52,"['http://dbpedia.org/resource/BTS', 'http://dbpedia.org/resource/Castilian_Party']",[]
f132469783170402a8fc68be0b4530ac3b29401,aa937d6b10fb5783c50e139b065d0c0b,2019-10-07T09:52:00,['http://dbpedia.org/resource/Twitter'],[]
f132469783170402a8fc68be0b4530ac3b14197,82ff4a013e6d86e64f74e3514cc3b42d,2019-10-07T00:44:14,['http://dbpedia.org/resource/Skip_Bayless'],[]
f132469783170402a8fc68be0b4530ac3b23155,ce74a4d966e0056c820ee51d30b6c474,2019-10-07T05:07:55,['http://dbpedia.org/resource/Campus_police'],[]
f132469783170402a8fc68be0b4530ac3b30316,84e232748cf06d26cdf25ad11fc14bf1,2019-10-07T10:34:00,['http://dbpedia.org/resource/Southeastern_Conference'],[]
f132469783170402a8fc68be0b4530ac3b18961,03dc5904f6d2447b3ef31707acd9ebe4,2019-10-07T03:09:46,['http://dbpedia.org/resource/Paris'],[]
f132469783170402a8fc68be0b4530ac3b35950,2afe5eb333f61eebbc812c43131cc872,2019-10-07T14:23:46,"['http://dbpedia.org/resource/Defensively_equipped_merchant_ship', 'http://dbpedia.org/resource/Impeachment']",[]
f132469783170402a8fc68be0b4530ac3b20748,29c2d49e862696356a54fc7640ed6876,2019-10-07T04:01:41,"['http://dbpedia.org/resource/BTS', 'http://dbpedia.org/resource/Castilian_Party', 'http://dbpedia.org/resource/Twitter']",[]
f132469783170402a8fc68be0b4530ac3b34540,0849044b7d63587a5916700cf95bf57b,2019-10-07T13:40:49,['http://dbpedia.org/resource/ABBA'],[]
f132469783170402a8fc68be0b4530ac3b22940,7f4c58ef8e0818a68886663c90297f42,2019-10-07T05:03:08,['http://dbpedia.org/resource/BTS'],[]
f132469783170402a8fc68be0b4530ac3b25654,1bc0e86a346261609f71b5eb258f62be,2019-10-07T06:33:12,['http://dbpedia.org/resource/The_Wall_Street_Journal'],[]
f132469783170402a8fc68be0b4530ac3b19637,fdee408c55382f15d6e334b27019f2dc,2019-10-07T03:28:54,"['http://dbpedia.org/resource/Social_media', 'http://dbpedia.org/resource/Twitter', 'http://dbpedia.org/resource/YouTube']",[]
f132469783170402a8fc68be0b4530ac3b33466,8cfbcd3d089d615786fb4c13a3762734,2019-10-07T12:51:47,['http://dbpedia.org/resource/Midfielder'],[]
f132469783170402a8fc68be0b4530ac3b4331,9319aa0c7a4457bf429363a374f0da1d,2019-10-06T20:24:37,['http://dbpedia.org/resource/Teddy_Bridgewater'],[]
f132469783170402a8fc68be0b4530ac3b18985,b973dbf14dddbf9fe9aefb1a5990cb95,2019-10-07T03:10:27,['http://dbpedia.org/resource/Hockey_East'],[]
f132469783170402a8fc68be0b4530ac3b3002,97dac6ba5695176ed7387fe6b37fd635,2019-10-06T19:54:55,['http://dbpedia.org/resource/The_Sydney_Morning_Herald'],[]
f132469783170402a8fc68be0b4530ac3b16882,8e3956a7e1eaf1bd3a4002785f5de418,2019-10-07T02:04:53,['http://dbpedia.org/resource/Strikeout'],[]
f132469783170402a8fc68be0b4530ac3b10795,8c03e995b917928ad18e30e3a65a9ffc,2019-10-06T23:11:49,['http://dbpedia.org/resource/Costco'],[]
f132469783170402a8fc68be0b4530ac3b27830,81be9b36ee990af2a1b9faf6b2357e4c,2019-10-07T08:26:15,['http://dbpedia.org/resource/Exhibition_game'],[]
f132469783170402a8fc68be0b4530ac3b11798,5ea5b7bbfe45618a962a5ce68e2f9297,2019-10-06T23:39:00,['http://dbpedia.org/resource/Demario_Davis'],[]
f132469783170402a8fc68be0b4530ac3b14671,f74e389389f35b418ce0fe7cb5377ea0,2019-10-07T01:01:16,"['http://dbpedia.org/resource/Impeachment', 'http://dbpedia.org/resource/The_Trump_Organization', 'http://dbpedia.org/resource/Vice_president']",[]
f132469783170402a8fc68be0b4530ac3b13490,ea3c88bea3fd671a72431fa5de6a87b5,2019-10-07T00:20:15,['http://dbpedia.org/resource/Colorado'],[]
f132469783170402a8fc68be0b4530ac3b2741,4ab77211a89e0f9e4070f11d03deafff,2019-10-06T19:48:38,['http://dbpedia.org/resource/ASAP_Rocky'],[]
f132469783170402a8fc68be0b4530ac3b2070,721ca31b62b126fbafdd01caa2f710a6,2019-10-06T19:30:14,['http://dbpedia.org/resource/CNN'],[]
f132469783170402a8fc68be0b4530ac3b20483,f44719e746c985c9afd274922abb83c6,2019-10-07T03:52:16,['http://dbpedia.org/resource/Association_football'],[]
f132469783170402a8fc68be0b4530ac3b4583,7045be58cb3d34381da2c9decf04390b,2019-10-06T20:31:34,"['http://dbpedia.org/resource/Adam_Thielen', 'http://dbpedia.org/resource/Stefon_Diggs']",[]
f132469783170402a8fc68be0b4530ac3b5033,e42729ed3c85fc3f26cb49a3c2eaa552,2019-10-06T20:42:55,"['http://dbpedia.org/resource/BTS', 'http://dbpedia.org/resource/Jungkook']",[]
f132469783170402a8fc68be0b4530ac3b27692,886bfd0a17365630698c57bd73bfe863,2019-10-07T08:21:57,['http://dbpedia.org/resource/Twitter'],[]
f132469783170402a8fc68be0b4530ac3b23779,530b350fa6d55f31898681a4b7c1b603,2019-10-07T05:25:55,['http://dbpedia.org/resource/Intel'],[]
f132469783170402a8fc68be0b4530ac3b4859,e09542bb39ba460539c6c8009645597c,2019-10-06T20:38:02,['http://dbpedia.org/resource/Quid_pro_quo'],[]
f132469783170402a8fc68be0b4530ac3b805,57fc983241a84a16547ee8179ac25dde,2019-10-06T18:56:37,['http://dbpedia.org/resource/National_Football_League'],[]
f132469783170402a8fc68be0b4530ac3b3267,e0d2df1cab9a1906590895410cb8ccda,2019-10-06T20:01:44,"['http://dbpedia.org/resource/Coffee', 'http://dbpedia.org/resource/Waffle_House']",[]
f132469783170402a8fc68be0b4530ac3b23032,929baf449874fa4430b25ac65e262a76,2019-10-07T05:04:36,['http://dbpedia.org/resource/National_Football_League'],[]
f132469783170402a8fc68be0b4530ac3b22280,4df16d922f3dd01500f517450e9fb727,2019-10-07T04:44:56,['http://dbpedia.org/resource/Central_Intelligence_Agency'],[]
f132469783170402a8fc68be0b4530ac3b7121,4c9b5df9a2f88aca87f852b8a6261713,2019-10-06T21:45:53,['http://dbpedia.org/resource/Nigeria'],[]
f132469783170402a8fc68be0b4530ac3b11775,8de15537fec6f15c66793e6bfaae2e32,2019-10-06T23:38:34,['http://dbpedia.org/resource/CNN'],[]
f132469783170402a8fc68be0b4530ac3b24871,28c9bcbb304bd23b5ab9fb7bc6526622,2019-10-07T06:02:48,['http://dbpedia.org/resource/Destiny_2'],[]
f132469783170402a8fc68be0b4530ac3b23088,e1990eb19f51b38cceb7feaab97a5b6c,2019-10-07T05:06:36,['http://dbpedia.org/resource/Imma'],[]
f132469783170402a8fc68be0b4530ac3b21992,d49a6394ceedb6d91dcc638512d39830,2019-10-07T04:35:47,['http://dbpedia.org/resource/Lawyer'],[]
f132469783170402a8fc68be0b4530ac3b16766,729b24f0ce2672d6d4f7111723a3b405,2019-10-07T01:59:44,['http://dbpedia.org/resource/Wilt_Chamberlain'],[]
f132469783170402a8fc68be0b4530ac3b8600,93d34dcf586cc13aab4f90acb85f23a1,2019-10-06T22:22:17,['http://dbpedia.org/resource/Candy_corn'],[]
f132469783170402a8fc68be0b4530ac3b27975,a6ff320a2e5b9e6fbe41b1bc3813ba72,2019-10-07T08:32:34,['http://dbpedia.org/resource/Sexual_harassment'],[]
f132469783170402a8fc68be0b4530ac3b14616,604da8b05a355ffaf4725ffdf15f0499,2019-10-07T00:57:43,['http://dbpedia.org/resource/Cheers'],[]
f132469783170402a8fc68be0b4530ac3b11590,d77aa7ec78aa4b97b5d8bce05213caa6,2019-10-06T23:33:47,['http://dbpedia.org/resource/Alabama'],[]
f132469783170402a8fc68be0b4530ac3b14216,546ae8a5c152b5d18221944eb2f1a375,2019-10-07T00:44:26,['http://dbpedia.org/resource/Baltimore'],[]
f132469783170402a8fc68be0b4530ac3b12689,55cf861d3e28d4c17f4f4528520d0ea5,2019-10-07T00:00:58,['http://dbpedia.org/resource/Pop_music'],[]
f132469783170402a8fc68be0b4530ac3b36012,ba228480f115531d1b4007ac9bdf294d,2019-10-07T14:26:22,['http://dbpedia.org/resource/Major_League_Baseball'],[]
f132469783170402a8fc68be0b4530ac3b26252,9aeaeb3caa5d404b7fe42fe9d68871eb,2019-10-07T07:04:41,['http://dbpedia.org/resource/MarketWatch'],[]
f132469783170402a8fc68be0b4530ac3b27999,f6f15717b043d2427ffe11d0e80105dd,2019-10-07T08:33:30,['http://dbpedia.org/resource/GitHub'],[]
f132469783170402a8fc68be0b4530ac3b8396,262dc77e6eb579a997fa096e7b1ff2ab,2019-10-06T22:17:08,['http://dbpedia.org/resource/YouTube'],[]
f132469783170402a8fc68be0b4530ac3b6246,d1a0d636bdc67f1954790116ebaddb4d,2019-10-06T21:23:31,['http://dbpedia.org/resource/Association_football'],[]
f132469783170402a8fc68be0b4530ac3b6587,3f14c98daebcec02cb79b1c35f1d7097,2019-10-06T21:30:29,['http://dbpedia.org/resource/Israel'],[]
f132469783170402a8fc68be0b4530ac3b23535,279c2f96aba9446e7f0b18d92a9f6e99,2019-10-07T05:20:27,['http://dbpedia.org/resource/Kansas'],[]
f132469783170402a8fc68be0b4530ac3b1996,ba1449e92eb9745a05c2415681aa4e73,2019-10-06T19:29:50,['http://dbpedia.org/resource/The_Sydney_Morning_Herald'],[]
f132469783170402a8fc68be0b4530ac3b28155,0f79be85a8deae5f94b0870f682a5607,2019-10-07T08:41:52,['http://dbpedia.org/resource/Hate_crime'],[]
f132469783170402a8fc68be0b4530ac3b15715,3e51f4edf4fc512227694e8d0bc9a51d,2019-10-07T01:31:06,['http://dbpedia.org/resource/CBS'],[]
f132469783170402a8fc68be0b4530ac3b20566,df5db19d59b4cffa737b2aebe08a8f4d,2019-10-07T03:56:02,['http://dbpedia.org/resource/To_be_announced'],[]
f132469783170402a8fc68be0b4530ac3b5885,3bdcbf31022d991a6c7b69b1c32007fe,2019-10-06T21:09:09,['http://dbpedia.org/resource/Mediaite'],[]
f132469783170402a8fc68be0b4530ac3b20302,1cb2110822441bee31e7691d80802f83,2019-10-07T03:48:19,['http://dbpedia.org/resource/Millennials'],[]
f132469783170402a8fc68be0b4530ac3b25044,6e116cfa452e43188227d62dabc85715,2019-10-07T06:09:00,['http://dbpedia.org/resource/Left-wing_politics'],[]
f132469783170402a8fc68be0b4530ac3b22471,883cdba3481c87128892db86797dc796,2019-10-07T04:51:36,['http://dbpedia.org/resource/Gabriel_Zucman'],[]
f132469783170402a8fc68be0b4530ac3b20060,87a4bb787294ffe3102324abb102a5f6,2019-10-07T03:42:58,['http://dbpedia.org/resource/Quarterback'],[]
f132469783170402a8fc68be0b4530ac3b19568,995169ef0f04d84735aaa969f389404a,2019-10-07T03:27:33,['http://dbpedia.org/resource/Twitter'],[]
f132469783170402a8fc68be0b4530ac3b23120,d455cda58fad4323df29f00a9674d7eb,2019-10-07T05:06:55,['http://dbpedia.org/resource/BTS'],[]
f132469783170402a8fc68be0b4530ac3b24879,ee4159e0b847e15ab582e761b0ff88de,2019-10-07T06:02:55,['http://dbpedia.org/resource/Snapchat'],[]
f132469783170402a8fc68be0b4530ac3b20716,8f162724aba6b89db1ae6060e01071cf,2019-10-07T04:00:51,['http://dbpedia.org/resource/Fox_Broadcasting_Company'],[]
f132469783170402a8fc68be0b4530ac3b31915,c509be06d6bb88c9feb9f95acde27181,2019-10-07T12:00:11,['http://dbpedia.org/resource/Long_Island'],[]
f132469783170402a8fc68be0b4530ac3b25492,b115b1a77bfae9222c2ebb9fb0a10c05,2019-10-07T06:27:03,['http://dbpedia.org/resource/Sydney'],[]
f132469783170402a8fc68be0b4530ac3b13073,acc99272ec25f8543546d9cf8fa8caaf,2019-10-07T00:11:06,['http://dbpedia.org/resource/CNN'],[]
f132469783170402a8fc68be0b4530ac3b26150,9ccc2112a7e5446d755339182c18ca1e,2019-10-07T06:55:09,['http://dbpedia.org/resource/Gun_violence'],[]
f132469783170402a8fc68be0b4530ac3b11986,f521ff0f89cac3079a73dfbc1e3ed137,2019-10-06T23:42:38,['http://dbpedia.org/resource/Mike_Soroka'],[]
f132469783170402a8fc68be0b4530ac3b34579,a293751f9e2374544fa2fb8cac50541d,2019-10-07T13:42:40,"['http://dbpedia.org/resource/Chicago', 'http://dbpedia.org/resource/Hard_Rock_Cafe']",[]
f132469783170402a8fc68be0b4530ac3b2305,8c3c9162023ae0f7c1683b10ff0585d8,2019-10-06T19:38:15,['http://dbpedia.org/resource/Twitter'],[]
f132469783170402a8fc68be0b4530ac3b28492,c3eeed7718c4a0e9cc242d49a76f30dd,2019-10-07T08:58:54,['http://dbpedia.org/resource/Twitter'],[]
f132469783170402a8fc68be0b4530ac3b21485,b798ef4afc53c8663c301766b19a9be1,2019-10-07T04:21:42,['http://dbpedia.org/resource/WWE'],[]
f132469783170402a8fc68be0b4530ac3b10321,7a0cc70bf4c9ef76187801845a6cdebd,2019-10-06T23:00:42,['http://dbpedia.org/resource/Ramen'],[]
f132469783170402a8fc68be0b4530ac3b12755,d0ae1d57f6323f0d990c2a585500a875,2019-10-07T00:03:01,['http://dbpedia.org/resource/Uber'],[]
f132469783170402a8fc68be0b4530ac3b10094,706f408256f369e192adc2e0617f2531,2019-10-06T22:54:44,"['http://dbpedia.org/resource/Ashley_McBryde', 'http://dbpedia.org/resource/YouTube']",[]
f132469783170402a8fc68be0b4530ac3b6909,b847ae90f4b0b4ad72a3f6898abd51f0,2019-10-06T21:39:36,['http://dbpedia.org/resource/England'],[]
f132469783170402a8fc68be0b4530ac3b10579,92d1aca95f19b163b1642f96ef0cdff5,2019-10-06T23:07:03,['http://dbpedia.org/resource/Morocco'],[]
f132469783170402a8fc68be0b4530ac3b32173,fb998474eee1ee83ff764d7d618fdb52,2019-10-07T12:04:58,['http://dbpedia.org/resource/Twitter'],[]
f132469783170402a8fc68be0b4530ac3b7896,a18c3a7a0567f32f4d77ebe04ed03062,2019-10-06T22:07:23,['http://dbpedia.org/resource/Will_Fuller'],[]
f132469783170402a8fc68be0b4530ac3b14825,3aee5858fac72db27bbe5e1468698f1d,2019-10-07T01:06:18,['http://dbpedia.org/resource/Exxon'],[]
f132469783170402a8fc68be0b4530ac3b32960,a95bdf2871e65aa0c13d14b402c11f5c,2019-10-07T12:28:47,['http://dbpedia.org/resource/Veganism'],[]
f132469783170402a8fc68be0b4530ac3b34346,a33e09173d414ce8373d902938ae90e0,2019-10-07T13:35:58,['http://dbpedia.org/resource/Home_Alone'],[]
f132469783170402a8fc68be0b4530ac3b11445,b23b4ef93c792d705d61912a36138778,2019-10-06T23:29:35,['http://dbpedia.org/resource/Ontario_Hockey_League'],[]
f132469783170402a8fc68be0b4530ac3b9170,e53b03cd9fc8cf7bb22c4dbe439ae768,2019-10-06T22:34:53,['http://dbpedia.org/resource/Justin_Tucker'],[]
f132469783170402a8fc68be0b4530ac3b25770,c6fe008c55ef1a26d0f5a5fb34d1b4b7,2019-10-07T06:38:27,"['http://dbpedia.org/resource/Marcus_Mariota', 'http://dbpedia.org/resource/Tom_Brady']",[]
f132469783170402a8fc68be0b4530ac3b11580,962cdab6f4e49a108febd911aac603ba,2019-10-06T23:33:40,['http://dbpedia.org/resource/Social_media'],[]
f132469783170402a8fc68be0b4530ac3b10509,713ab94127117b0e719ea1629a46c315,2019-10-06T23:04:19,['http://dbpedia.org/resource/South_Africa'],[]
f132469783170402a8fc68be0b4530ac3b13866,0c027eea392454093d00838196104de2,2019-10-07T00:32:11,['http://dbpedia.org/resource/Charter_school'],[]
f132469783170402a8fc68be0b4530ac3b16072,05a84ed4ed04c0fc8b9725a6703d255a,2019-10-07T01:39:30,['http://dbpedia.org/resource/PDF'],[]
f132469783170402a8fc68be0b4530ac3b29213,be1b47512916fa1dcbd2c6c4c155aa5d,2019-10-07T09:39:51,"['http://dbpedia.org/resource/Apple_Watch', 'http://dbpedia.org/resource/India']",[]
f132469783170402a8fc68be0b4530ac3b34956,600ffe0594fc669e8949633c2f0d874a,2019-10-07T13:54:23,"['http://dbpedia.org/resource/Light-on-dark_color_scheme', 'http://dbpedia.org/resource/Snapchat']",[]
f132469783170402a8fc68be0b4530ac3b30038,a075eb0023cc995b2db63b2b903bd509,2019-10-07T10:18:41,['http://dbpedia.org/resource/Nigeria'],[]
f132469783170402a8fc68be0b4530ac3b33321,67538aff8fb2faf8cd8cb4f66d9005f2,2019-10-07T12:46:47,['http://dbpedia.org/resource/Nice'],[]
f132469783170402a8fc68be0b4530ac3b19491,0032c929d6e10766041455c1918f9823,2019-10-07T03:25:52,['http://dbpedia.org/resource/East_Africa_Time'],[]
f132469783170402a8fc68be0b4530ac3b29136,ce01fd155615c265c4b24d072c90a6ab,2019-10-07T09:35:07,['http://dbpedia.org/resource/Wynwood'],[]
f132469783170402a8fc68be0b4530ac3b36524,55edc9cbba5ea724f1271755ae6ab7ea,2019-10-07T14:40:44,['http://dbpedia.org/resource/Coffee'],[]
f132469783170402a8fc68be0b4530ac3b8608,e93eca0b2410767d7913493592e8e1fa,2019-10-06T22:22:17,['http://dbpedia.org/resource/Breaking_Bad'],[]
f132469783170402a8fc68be0b4530ac3b18410,9a766175fe07ff8bb99a70b761f0b16f,2019-10-07T02:53:35,['http://dbpedia.org/resource/Hockey_East'],[]
f132469783170402a8fc68be0b4530ac3b26950,cf09ffac1c64b61fa04e3f1b41cfff09,2019-10-07T07:40:07,['http://dbpedia.org/resource/Japan_Standard_Time'],[]
f132469783170402a8fc68be0b4530ac3b3027,2579b545f0fe43d11ea56dbac22474ec,2019-10-06T19:55:18,['http://dbpedia.org/resource/Bundesliga'],[]
f132469783170402a8fc68be0b4530ac3b31797,1019289348b429f28b793dca60864160,2019-10-07T11:55:14,['http://dbpedia.org/resource/YouTube'],[]
f132469783170402a8fc68be0b4530ac3b23009,5138265de05c0957026508fc3abfce8f,2019-10-07T05:04:20,['http://dbpedia.org/resource/BTS'],[]
f132469783170402a8fc68be0b4530ac3b11977,345546949da48abe52cf5701a531abb2,2019-10-06T23:42:27,['http://dbpedia.org/resource/Coffee'],[]
f132469783170402a8fc68be0b4530ac3b4160,c4176e5958f2b87ef72c94fb4f2bf513,2019-10-06T20:19:37,['http://dbpedia.org/resource/Clint_Eastwood'],[]
f132469783170402a8fc68be0b4530ac3b237,31b77b87a2cd02020ae987c83eb194d2,2019-10-06T18:45:29,['http://dbpedia.org/resource/Netflix'],[]
f132469783170402a8fc68be0b4530ac3b25113,b4f3dd9907c2cb23248e9c87fcd6083a,2019-10-07T06:11:13,['http://dbpedia.org/resource/Mortgage_loan'],[]
f132469783170402a8fc68be0b4530ac3b12540,bcc3a98a3382cf27f35727388f492204,2019-10-06T23:57:44,['http://dbpedia.org/resource/YouTube'],[]
f132469783170402a8fc68be0b4530ac3b34524,85b82958b134170433f93200415df363,2019-10-07T13:40:29,['http://dbpedia.org/resource/Coffee'],[]
f132469783170402a8fc68be0b4530ac3b8748,2dfeb13b154dbf6d00ef9d7a50de52a6,2019-10-06T22:24:57,['http://dbpedia.org/resource/Sean_Combs'],[]
f132469783170402a8fc68be0b4530ac3b22082,036716e72749c041021d30c1dc6a425e,2019-10-07T04:38:02,['http://dbpedia.org/resource/Elena_Delle_Donne'],[]
f132469783170402a8fc68be0b4530ac3b10820,602955c44f7338ea77007033a54b58c7,2019-10-06T23:12:15,"['http://dbpedia.org/resource/Human_Development_Index', 'http://dbpedia.org/resource/Libya', 'http://dbpedia.org/resource/Nobel_Peace_Prize']",[]
f132469783170402a8fc68be0b4530ac3b16225,7cbe489ebcd9de89a5c3efed03d81760,2019-10-07T01:45:53,['http://dbpedia.org/resource/East_Africa_Time'],[]
f132469783170402a8fc68be0b4530ac3b12012,771eb9a8f10b77bddbc7dbcfabe97b13,2019-10-06T23:43:10,['http://dbpedia.org/resource/Twitter'],[]
f132469783170402a8fc68be0b4530ac3b5868,0e35db075be70aadba231d40b03120f5,2019-10-06T21:07:28,"['http://dbpedia.org/resource/Impeachment', 'http://dbpedia.org/resource/Iowa']",[]
f132469783170402a8fc68be0b4530ac3b12265,4b154751e40ee9f338ac0d9ac3484802,2019-10-06T23:49:54,['http://dbpedia.org/resource/Dallas'],[]
f132469783170402a8fc68be0b4530ac3b9278,825d118603939ef7e09988363e5929a2,2019-10-06T22:37:35,['http://dbpedia.org/resource/Pennsylvania'],[]
f132469783170402a8fc68be0b4530ac3b27362,a61744abf29172157dc17bd1b2228ddf,2019-10-07T07:59:15,['http://dbpedia.org/resource/Castilian_Party'],[]
f132469783170402a8fc68be0b4530ac3b28052,5343c3bc1fa317331f029bab5b59a8d8,2019-10-07T08:34:54,['http://dbpedia.org/resource/Terrorism'],[]
f132469783170402a8fc68be0b4530ac3b22695,c454331e828a20963f18eb653a836afb,2019-10-07T04:57:20,['http://dbpedia.org/resource/Student_debt'],[]
f132469783170402a8fc68be0b4530ac3b22877,ae0e3e77949655d3ab842cadc1f734ff,2019-10-07T05:01:06,['http://dbpedia.org/resource/Association_football'],[]
f132469783170402a8fc68be0b4530ac3b32344,7b111b2dbb36f88b2037183c1d23828b,2019-10-07T12:08:34,['http://dbpedia.org/resource/Malawi'],[]
f132469783170402a8fc68be0b4530ac3b26383,2df851d019575a081fc8db7eafe03c37,2019-10-07T07:12:34,['http://dbpedia.org/resource/Nazism'],[]
f132469783170402a8fc68be0b4530ac3b16558,98ae3733714a37883c36a32a0202b365,2019-10-07T01:54:39,['http://dbpedia.org/resource/Jeep'],[]
f132469783170402a8fc68be0b4530ac3b17653,da481ae00f9c4d90eaa41b6231b3ad25,2019-10-07T02:28:23,"['http://dbpedia.org/resource/Impeachment', 'http://dbpedia.org/resource/MSNBC', 'http://dbpedia.org/resource/Nancy_Pelosi']",[]
f132469783170402a8fc68be0b4530ac3b13982,6d12410fe9b7f9cba2807b0957e70115,2019-10-07T00:37:09,"['http://dbpedia.org/resource/Atlanta_Braves', 'http://dbpedia.org/resource/New_Orleans_Saints']",[]
f132469783170402a8fc68be0b4530ac3b35453,06cb239e1a8c996ff6c0e502128b09d1,2019-10-07T14:08:50,['http://dbpedia.org/resource/WeWork'],[]
f132469783170402a8fc68be0b4530ac3b27101,e54214b62634b5e48f99a543beac2192,2019-10-07T07:47:08,['http://dbpedia.org/resource/Left-wing_politics'],[]
f132469783170402a8fc68be0b4530ac3b14337,689ee5e190fc3459c825d3152a2601f8,2019-10-07T00:48:25,['http://dbpedia.org/resource/New_England'],[]
f132469783170402a8fc68be0b4530ac3b13050,b05d1cac52afe7abaf4ae5f907464ca8,2019-10-07T00:10:02,"['http://dbpedia.org/resource/Candy_corn', 'http://dbpedia.org/resource/Defamation']",[]
f132469783170402a8fc68be0b4530ac3b31288,595ee2e140f918214bdae63331764ee1,2019-10-07T11:30:40,['http://dbpedia.org/resource/Defensively_equipped_merchant_ship'],[]
f132469783170402a8fc68be0b4530ac3b24773,21a39b6444876fcd12dd098b3d7a0813,2019-10-07T06:00:13,['http://dbpedia.org/resource/Facebook'],[]
f132469783170402a8fc68be0b4530ac3b15921,6c803622f3fc3b72ca2778894c83ad9d,2019-10-07T01:35:33,['http://dbpedia.org/resource/Central_Intelligence_Agency'],[]
f132469783170402a8fc68be0b4530ac3b28248,d85362faae75ddbec33d4870191c72e9,2019-10-07T08:47:41,['http://dbpedia.org/resource/Impeachment'],[]
f132469783170402a8fc68be0b4530ac3b26065,9f525c39c94c46a5a25a339365550c91,2019-10-07T06:51:12,['http://dbpedia.org/resource/Text_messaging'],[]
f132469783170402a8fc68be0b4530ac3b7574,497e8fd34dfc93dca72de5ded48a8057,2019-10-06T22:01:04,['http://dbpedia.org/resource/Touchdown'],[]
f132469783170402a8fc68be0b4530ac3b16702,707f26ae896af3b09d4863a456bb2fb2,2019-10-07T01:58:02,['http://dbpedia.org/resource/Social_media'],[]
f132469783170402a8fc68be0b4530ac3b16936,2ddc94ca6e77cd2168d66546e5ecc2a0,2019-10-07T02:06:10,['http://dbpedia.org/resource/Texas'],[]
f132469783170402a8fc68be0b4530ac3b1013,830212c8e69331ea0dab8270c13c6b63,2019-10-06T19:00:38,['http://dbpedia.org/resource/BET'],[]
f132469783170402a8fc68be0b4530ac3b12257,706fc391bd2c8d9283936e67ae996f12,2019-10-06T23:49:21,['http://dbpedia.org/resource/Oktoberfest'],[]
f132469783170402a8fc68be0b4530ac3b21453,3eadae90f0ffc119c9d9b92a64103e6a,2019-10-07T04:21:06,['http://dbpedia.org/resource/Bachelor_of_Science'],[]
f132469783170402a8fc68be0b4530ac3b15985,28e0f020557c8077572968fa2d1cdbdf,2019-10-07T01:37:03,['http://dbpedia.org/resource/Castilian_Party'],[]
f132469783170402a8fc68be0b4530ac3b19913,53a93550dea93d082c6223bef564f0c0,2019-10-07T03:36:49,['http://dbpedia.org/resource/Kansas'],[]
f132469783170402a8fc68be0b4530ac3b33389,bb68602eac9fe4f7b611cf03368f756d,2019-10-07T12:50:00,['http://dbpedia.org/resource/Midfielder'],[]
f132469783170402a8fc68be0b4530ac3b22742,de519a539a139da787bc92d082a3f32e,2019-10-07T04:59:08,['http://dbpedia.org/resource/New_Jersey'],[]
f132469783170402a8fc68be0b4530ac3b15182,7a5e7c41daf39dd5445d0762d6746210,2019-10-07T01:16:58,['http://dbpedia.org/resource/Rip_Taylor'],[]
f132469783170402a8fc68be0b4530ac3b35308,03ef583932ebaa010183f397a4763643,2019-10-07T14:04:07,['http://dbpedia.org/resource/National_Football_League'],[]
f132469783170402a8fc68be0b4530ac3b27382,8f9ac89a3164140edfeb85bd147d0e15,2019-10-07T08:00:27,['http://dbpedia.org/resource/Weight_loss'],[]
f132469783170402a8fc68be0b4530ac3b21678,1273b1a1739a74bd926ef72dd117a094,2019-10-07T04:27:29,['http://dbpedia.org/resource/Nice'],[]
f132469783170402a8fc68be0b4530ac3b17559,767c0b9a88a2d9c6d5f91c94afd68f00,2019-10-07T02:26:53,['http://dbpedia.org/resource/Wisconsin'],[]
f132469783170402a8fc68be0b4530ac3b15637,766a04dcb2f3243c0c08581d02db20b8,2019-10-07T01:29:47,['http://dbpedia.org/resource/Pub'],[]
f132469783170402a8fc68be0b4530ac3b27086,126d2f66359b92d7691087ec5ef1b412,2019-10-07T07:46:06,['http://dbpedia.org/resource/Twitter'],[]
f132469783170402a8fc68be0b4530ac3b16319,afe76348b19a69a5b4beb8641095dd16,2019-10-07T01:48:01,['http://dbpedia.org/resource/Foxconn'],[]
f132469783170402a8fc68be0b4530ac3b22801,88bca9bf9c2719feeee2ffb31bd24b25,2019-10-07T04:59:40,['http://dbpedia.org/resource/Buddhism'],[]
f132469783170402a8fc68be0b4530ac3b4640,5a7721e5f828d157415aa1b29a254385,2019-10-06T20:33:11,['http://dbpedia.org/resource/Twitter'],[]
f132469783170402a8fc68be0b4530ac3b18766,320f1a45d3baffb03414b7a0f113c634,2019-10-07T03:04:37,['http://dbpedia.org/resource/Touchdown'],[]
f132469783170402a8fc68be0b4530ac3b10803,5e6ddb73aa4e458602d7d831d0c74683,2019-10-06T23:12:02,['http://dbpedia.org/resource/Public_Citizen'],[]
f132469783170402a8fc68be0b4530ac3b35060,ca78dd8b0d893623e9288e0f593c5bf7,2019-10-07T13:57:14,"['http://dbpedia.org/resource/Eden_Hazard', 'http://dbpedia.org/resource/Raheem_Sterling']",[]
f132469783170402a8fc68be0b4530ac3b10294,e8b0cecf1ca891c0c12749758eaba9df,2019-10-06T23:00:18,['http://dbpedia.org/resource/Dallas'],[]
f132469783170402a8fc68be0b4530ac3b17167,5bb45f216777e47084185849772cbf31,2019-10-07T02:12:16,['http://dbpedia.org/resource/Calorie'],[]
f132469783170402a8fc68be0b4530ac3b16030,71cb32056c532bbb8f97c3e057336a69,2019-10-07T01:38:08,['http://dbpedia.org/resource/Jalen_Ramsey'],[]
f132469783170402a8fc68be0b4530ac3b32018,15aa0c7a9748107e6794140d7a88eacc,2019-10-07T12:01:44,['http://dbpedia.org/resource/Donald_Trump'],[]
f132469783170402a8fc68be0b4530ac3b9521,3a9b5580ffe0f1e7cc1ad8cc2ec89700,2019-10-06T22:41:28,['http://dbpedia.org/resource/Gmail'],[]
f132469783170402a8fc68be0b4530ac3b29663,e87e8026b1228964b49430504ab12bd9,2019-10-07T10:02:20,['http://dbpedia.org/resource/Nice'],[]
f132469783170402a8fc68be0b4530ac3b31543,d99fd0489de4c79d19d2cd41831fed71,2019-10-07T11:40:33,"['http://dbpedia.org/resource/Federal_Bureau_of_Investigation', 'http://dbpedia.org/resource/Twitter']",[]
f132469783170402a8fc68be0b4530ac3b35185,710fcd0fd2c045e0c21b875ccdb87ed5,2019-10-07T14:01:26,['http://dbpedia.org/resource/Midfielder'],[]
f132469783170402a8fc68be0b4530ac3b7619,c1d2fbc4414371d00097a2e982e94709,2019-10-06T22:02:24,['http://dbpedia.org/resource/Quarterback'],[]
f132469783170402a8fc68be0b4530ac3b22228,3401ca18dcb93f8e242b3b38b8e3c3ea,2019-10-07T04:42:14,['http://dbpedia.org/resource/Antisemitism'],[]
f132469783170402a8fc68be0b4530ac3b26991,00e025444e98a618cd160ed16b7f42e8,2019-10-07T07:42:03,['http://dbpedia.org/resource/Stephen_A._Smith'],[]
f132469783170402a8fc68be0b4530ac3b9695,f79c6f98ae256202a42c7f22fbc51843,2019-10-06T22:44:43,"['http://dbpedia.org/resource/Association_football', 'http://dbpedia.org/resource/Buffalo_wing']",[]
f132469783170402a8fc68be0b4530ac3b26847,7a5bd7a9d14777b5b38a79a72902ae8d,2019-10-07T07:35:45,['http://dbpedia.org/resource/South_Park'],[]
f132469783170402a8fc68be0b4530ac3b17080,889b855ca2d22bac78321288d33c0409,2019-10-07T02:10:18,"['http://dbpedia.org/resource/Cheers', 'http://dbpedia.org/resource/Twitter']",[]
f132469783170402a8fc68be0b4530ac3b21541,05e7d030acd13505a2e25070516c8594,2019-10-07T04:22:35,['http://dbpedia.org/resource/Poshmark'],[]
f132469783170402a8fc68be0b4530ac3b21976,d2fb21ace73108ade70c29489c848124,2019-10-07T04:35:27,['http://dbpedia.org/resource/Donald_Trump'],[]
f132469783170402a8fc68be0b4530ac3b14523,1eed3daa33fd94b00cd7979c358ed592,2019-10-07T00:54:49,['http://dbpedia.org/resource/Area_51'],[]
f132469783170402a8fc68be0b4530ac3b34704,188f09de99592134e64bae8f0d51d3ba,2019-10-07T13:46:42,['http://dbpedia.org/resource/Personality_type'],[]
f132469783170402a8fc68be0b4530ac3b6861,b05016d29acf585008cd68622b970574,2019-10-06T21:38:07,['http://dbpedia.org/resource/National_Football_League'],[]
f132469783170402a8fc68be0b4530ac3b5013,0a4d8a6b4cfd2181cfb20808640f69f2,2019-10-06T20:42:20,['http://dbpedia.org/resource/Nice'],[]
f132469783170402a8fc68be0b4530ac3b25554,4749765855ee59794adfccb2a5e2559c,2019-10-07T06:30:20,['http://dbpedia.org/resource/Pakistan'],[]
f132469783170402a8fc68be0b4530ac3b10653,521934dff0f6b5da8f670a3e503ee3a7,2019-10-06T23:08:00,['http://dbpedia.org/resource/Jameis_Winston'],[]
f132469783170402a8fc68be0b4530ac3b12303,95324408e9110dfa2122fb3eb76c1050,2019-10-06T23:51:14,['http://dbpedia.org/resource/Esports'],[]
f132469783170402a8fc68be0b4530ac3b13763,e6be4eef1e63f63150adb74974e674bb,2019-10-07T00:28:46,['http://dbpedia.org/resource/Northern_California'],[]
f132469783170402a8fc68be0b4530ac3b31392,d225b0f5e6fa63e16b0d29831a08a17f,2019-10-07T11:36:51,['http://dbpedia.org/resource/Sexual_harassment'],[]
f132469783170402a8fc68be0b4530ac3b33305,bae2b99ec9e77404739c6a525fa6311e,2019-10-07T12:46:31,['http://dbpedia.org/resource/Lindsey_Graham'],[]
f132469783170402a8fc68be0b4530ac3b25357,d375ab344326edac5ccfc822535effa4,2019-10-07T06:21:05,['http://dbpedia.org/resource/Boy_Meets_World'],[]
f132469783170402a8fc68be0b4530ac3b29324,519f75bf5601584940e47b681302c96f,2019-10-07T09:47:42,['http://dbpedia.org/resource/Midfielder'],[]
f132469783170402a8fc68be0b4530ac3b16233,77389a77cbce685fb5ef7cf5021a837b,2019-10-07T01:46:16,['http://dbpedia.org/resource/GoPro'],[]
f132469783170402a8fc68be0b4530ac3b22979,ff7fd9c7c85ea5582d8ef508a5192c55,2019-10-07T05:03:56,['http://dbpedia.org/resource/Tokio_Hotel'],[]
f132469783170402a8fc68be0b4530ac3b2994,828f0f5af59f435f0aa3720b1de244e1,2019-10-06T19:54:54,['http://dbpedia.org/resource/Midfielder'],[]
f132469783170402a8fc68be0b4530ac3b1214,142dba42a7950b3db11866e38e0ad613,2019-10-06T19:06:08,['http://dbpedia.org/resource/Manchester_United_F.C.'],[]
f132469783170402a8fc68be0b4530ac3b2623,ad46e13018f894090b8a6eb8130fdc30,2019-10-06T19:45:36,['http://dbpedia.org/resource/National_Basketball_Association'],[]
f132469783170402a8fc68be0b4530ac3b27373,9a0fb0cbc9506d33e74c7732ae303c2f,2019-10-07T08:00:17,['http://dbpedia.org/resource/Europe'],[]
f132469783170402a8fc68be0b4530ac3b306,c15ca6eee75afbe5c66b973a55a6c6d7,2019-10-06T18:47:10,"['http://dbpedia.org/resource/Defensively_equipped_merchant_ship', 'http://dbpedia.org/resource/President_of_the_United_States', 'http://dbpedia.org/resource/United_States']",[]
f132469783170402a8fc68be0b4530ac3b19697,301b714421c47052ef749d6c890aed7b,2019-10-07T03:30:39,['http://dbpedia.org/resource/USA_Network'],[]
f132469783170402a8fc68be0b4530ac3b17968,5247913b438b074dd33a92aef1493cee,2019-10-07T02:38:41,['http://dbpedia.org/resource/Instagram'],[]
f132469783170402a8fc68be0b4530ac3b12557,1d983e2aed659061489ac30f6dc28ee9,2019-10-06T23:58:25,"['http://dbpedia.org/resource/Juventus_F.C.', 'http://dbpedia.org/resource/Maurizio_Sarri']",[]
f132469783170402a8fc68be0b4530ac3b7904,499470ebf4f65c30bfc48f6dc7a459dd,2019-10-06T22:07:27,['http://dbpedia.org/resource/Midfielder'],[]
f132469783170402a8fc68be0b4530ac3b5755,0fb9d89575c3749051df9253871877d0,2019-10-06T21:04:24,"['http://dbpedia.org/resource/BTS', 'http://dbpedia.org/resource/Castilian_Party']",[]
f132469783170402a8fc68be0b4530ac3b11366,db930dac2f3759fd34572111d40c893b,2019-10-06T23:27:55,"['http://dbpedia.org/resource/Adidas', 'http://dbpedia.org/resource/Poshmark']",[]
f132469783170402a8fc68be0b4530ac3b31452,09856c943b07790312445963be1ff17e,2019-10-07T11:38:33,['http://dbpedia.org/resource/Coming_out'],[]
f132469783170402a8fc68be0b4530ac3b19665,725ffa892a90b34f1c85530a26f270fc,2019-10-07T03:30:00,['http://dbpedia.org/resource/Hockey_East'],[]
f132469783170402a8fc68be0b4530ac3b11221,235b0f2dacd439959cd28ba4e7e11cbd,2019-10-06T23:23:52,['http://dbpedia.org/resource/Pulp_Fiction'],[]
f132469783170402a8fc68be0b4530ac3b2535,9be2443f10635985a8163a3e91c3c917,2019-10-06T19:43:34,['http://dbpedia.org/resource/Independent_politician'],[]
f132469783170402a8fc68be0b4530ac3b16534,04c128e737862dea2f78a6911ee4733d,2019-10-07T01:54:26,['http://dbpedia.org/resource/Nintendo'],[]
f132469783170402a8fc68be0b4530ac3b30615,d70622ef5daf9ba98f823838dc2fdd75,2019-10-07T10:50:47,['http://dbpedia.org/resource/Independent_politician'],[]
f132469783170402a8fc68be0b4530ac3b16268,626ca69c1139574d108d902380584aa4,2019-10-07T01:47:06,"['http://dbpedia.org/resource/Millennials', 'http://dbpedia.org/resource/Occupational_burnout']",[]
f132469783170402a8fc68be0b4530ac3b30324,5859581528e7c78d63f73d417f2e18cb,2019-10-07T10:34:00,['http://dbpedia.org/resource/Nice'],[]
f132469783170402a8fc68be0b4530ac3b31470,b934f570dfe945e7a1146992717077cc,2019-10-07T11:39:00,['http://dbpedia.org/resource/Twitter'],[]
f132469783170402a8fc68be0b4530ac3b36102,9f13415183f6e4ce7ba5c08fd0a54235,2019-10-07T14:29:47,['http://dbpedia.org/resource/WWE'],[]
f132469783170402a8fc68be0b4530ac3b10636,5fc9fe8077138898e536530731839b04,2019-10-06T23:07:52,['http://dbpedia.org/resource/Interception'],[]
f132469783170402a8fc68be0b4530ac3b9179,6c811ccb7deca1c4111a1111ff1a4102,2019-10-06T22:34:58,['http://dbpedia.org/resource/Iowa'],[]
f132469783170402a8fc68be0b4530ac3b2050,31bdff857d43489b940e97ca8deb0976,2019-10-06T19:30:12,['http://dbpedia.org/resource/Manchester_United_F.C.'],[]
f132469783170402a8fc68be0b4530ac3b354,e40ef552fa3db4ef0e18c00423391239,2019-10-06T18:47:34,['http://dbpedia.org/resource/Social_media'],[]
f132469783170402a8fc68be0b4530ac3b33929,1d6105f99ba5890d13ce01180cee8895,2019-10-07T13:17:43,['http://dbpedia.org/resource/Gossip_Girl'],[]
f132469783170402a8fc68be0b4530ac3b34056,e887c4eb33b50ca7d12e2a95c7422faa,2019-10-07T13:24:44,['http://dbpedia.org/resource/Stock'],[]
f132469783170402a8fc68be0b4530ac3b23737,143867a56c3699f104e8e2b8d7158f35,2019-10-07T05:24:21,['http://dbpedia.org/resource/Maldives'],[]
f132469783170402a8fc68be0b4530ac3b31303,a7492417cb7fa5bef8db1086790afeea,2019-10-07T11:31:02,"['http://dbpedia.org/resource/Left-wing_politics', 'http://dbpedia.org/resource/Twitter']",[]
f132469783170402a8fc68be0b4530ac3b28677,5b50f2a67e5fe541c225361c62cf70c3,2019-10-07T09:09:39,['http://dbpedia.org/resource/5_Seconds_of_Summer'],[]
f132469783170402a8fc68be0b4530ac3b19830,5cd793206fb20723645a00804c7f288d,2019-10-07T03:34:52,['http://dbpedia.org/resource/American_cheese'],[]
f132469783170402a8fc68be0b4530ac3b21565,4d5faf54a9fd301eaa8cc1147037ff49,2019-10-07T04:23:14,['http://dbpedia.org/resource/WWE'],[]
f132469783170402a8fc68be0b4530ac3b35406,da9543b60e8f3d4d0a3a7554b9b7e89d,2019-10-07T14:08:01,"['http://dbpedia.org/resource/4K_resolution', 'http://dbpedia.org/resource/India', 'http://dbpedia.org/resource/Twitter']",[]
f132469783170402a8fc68be0b4530ac3b29037,e51601cdd1e07a260a2976a1897c0cfd,2019-10-07T09:27:15,['http://dbpedia.org/resource/Twitter'],[]
f132469783170402a8fc68be0b4530ac3b20148,01f0c5d3e02f34ea8acd6e4c8b92e80b,2019-10-07T03:44:21,['http://dbpedia.org/resource/Situation_Room'],[]
f132469783170402a8fc68be0b4530ac3b17915,e404c54eb282cd0fad1bfedef4ffb096,2019-10-07T02:35:45,['http://dbpedia.org/resource/Instagram'],[]
f132469783170402a8fc68be0b4530ac3b30344,72941e28283947fb7b7aeaa38abb94e1,2019-10-07T10:35:04,"['http://dbpedia.org/resource/Impeachment', 'http://dbpedia.org/resource/Nice']",[]
f132469783170402a8fc68be0b4530ac3b6814,554bc9d965af8b8417c4983b4bf93495,2019-10-06T21:36:36,['http://dbpedia.org/resource/Twitter'],[]
f132469783170402a8fc68be0b4530ac3b22907,0d4364acb42179f941dfdfd7810948d1,2019-10-07T05:01:31,['http://dbpedia.org/resource/White_supremacy'],[]
f132469783170402a8fc68be0b4530ac3b7752,ffed5ad457dfbdb944252a535a7afa5f,2019-10-06T22:05:42,['http://dbpedia.org/resource/Latin'],[]
f132469783170402a8fc68be0b4530ac3b16277,d7c98412ae6cbc9e0d654a0153dcc627,2019-10-07T01:47:10,['http://dbpedia.org/resource/Poodle'],[]
f132469783170402a8fc68be0b4530ac3b34742,37243a2b676b0976d8362a864fb42bae,2019-10-07T13:48:08,['http://dbpedia.org/resource/Vikings'],[]
f132469783170402a8fc68be0b4530ac3b6579,8c04f305756de5c785eecbe9f1aa8547,2019-10-06T21:30:27,['http://dbpedia.org/resource/Nice'],[]
f132469783170402a8fc68be0b4530ac3b21771,64d43d194d78ea00343a65abe956c33b,2019-10-07T04:28:14,"['http://dbpedia.org/resource/Ari_Aster', 'http://dbpedia.org/resource/Sweden']",[]
f132469783170402a8fc68be0b4530ac3b12512,e9698816d811ee00d54e0cb35f9870ea,2019-10-06T23:56:11,['http://dbpedia.org/resource/BP'],[]
f132469783170402a8fc68be0b4530ac3b11034,73772a4255c38f9982e50caa6f6b61d9,2019-10-06T23:18:52,['http://dbpedia.org/resource/East_Africa_Time'],[]
f132469783170402a8fc68be0b4530ac3b21668,dfbe3aae4a9c808517d4bd96d97e79ca,2019-10-07T04:27:29,['http://dbpedia.org/resource/Poshmark'],[]
f132469783170402a8fc68be0b4530ac3b10434,a9dbd74d0e5017cbfdb0fb53bd83d58d,2019-10-06T23:02:33,['http://dbpedia.org/resource/Microsoft_Windows'],[]
f132469783170402a8fc68be0b4530ac3b6552,73452be92cf62e263e482b7f8cb12e68,2019-10-06T21:30:04,['http://dbpedia.org/resource/East_Africa_Time'],[]
f132469783170402a8fc68be0b4530ac3b15075,6103f5a4eb157aff750a6b6df3d9594e,2019-10-07T01:13:44,['http://dbpedia.org/resource/Black_people'],[]
f132469783170402a8fc68be0b4530ac3b13651,e92f957064be7e34ca9a94dac9f6e2db,2019-10-07T00:24:35,['http://dbpedia.org/resource/Nice'],[]
f132469783170402a8fc68be0b4530ac3b21763,7bd1df75662c30a689aeb6f14f901bc9,2019-10-07T04:28:08,['http://dbpedia.org/resource/Jungkook'],[]
f132469783170402a8fc68be0b4530ac3b35588,2e57574851f99a455e92a1d8be53e532,2019-10-07T14:13:09,['http://dbpedia.org/resource/Jungkook'],[]
f132469783170402a8fc68be0b4530ac3b30437,6c47b32935998f21225e7ff4d5507173,2019-10-07T10:42:55,['http://dbpedia.org/resource/Impeachment'],[]
f132469783170402a8fc68be0b4530ac3b10063,e400b47a8c34adc16509def514fccc6e,2019-10-06T22:54:15,"['http://dbpedia.org/resource/Halloween', 'http://dbpedia.org/resource/Halloween_costume']",[]
f132469783170402a8fc68be0b4530ac3b7482,33937d2213b1eccce5584b615d77f051,2019-10-06T21:57:10,['http://dbpedia.org/resource/American_football_positions'],[]
f132469783170402a8fc68be0b4530ac3b32616,750754753eae5f9ecc1e737bdf64c994,2019-10-07T12:20:09,['http://dbpedia.org/resource/Lionel_Messi'],[]
f132469783170402a8fc68be0b4530ac3b16874,1630f4d8dbfff62b02d8b26d5419ef05,2019-10-07T02:04:23,['http://dbpedia.org/resource/Twitter'],[]
f132469783170402a8fc68be0b4530ac3b35247,3e9f934da8a07dc32f88f635c1c8f8ff,2019-10-07T14:02:21,['http://dbpedia.org/resource/Twitter'],[]
f132469783170402a8fc68be0b4530ac3b6389,d5a6a5c528463e85f453c2e05965e66f,2019-10-06T21:26:15,['http://dbpedia.org/resource/West_Virginia'],[]
f132469783170402a8fc68be0b4530ac3b6353,9c0691ee849b6dfa510ff6582b5cf65e,2019-10-06T21:24:25,['http://dbpedia.org/resource/Southeastern_Conference'],[]
f132469783170402a8fc68be0b4530ac3b29983,38a108be1b64febe026b8c544605af76,2019-10-07T10:15:01,['http://dbpedia.org/resource/Impeachment'],[]
f132469783170402a8fc68be0b4530ac3b36558,6d7d4df946229b9300a32d990c6ae07d,2019-10-07T14:41:17,['http://dbpedia.org/resource/Animal_control_service'],[]
f132469783170402a8fc68be0b4530ac3b15861,661836226e28def7fc88e089d3b5e0d7,2019-10-07T01:34:30,['http://dbpedia.org/resource/Twitter'],[]
f132469783170402a8fc68be0b4530ac3b22032,406f4d7cc37f6c645fe3a78df444813a,2019-10-07T04:37:24,['http://dbpedia.org/resource/Racism'],[]
f132469783170402a8fc68be0b4530ac3b13845,2b32eeaa6f41f27ffbc768d10e3adeee,2019-10-07T00:31:40,['http://dbpedia.org/resource/Castilian_Party'],[]
f132469783170402a8fc68be0b4530ac3b7792,d399f59a30a10bf3c8209444febc12fe,2019-10-06T22:06:12,['http://dbpedia.org/resource/Epic_Records'],[]
f132469783170402a8fc68be0b4530ac3b30248,d35264f7ea387c7606294f5cee800a0d,2019-10-07T10:31:17,['http://dbpedia.org/resource/Carbon_footprint'],[]
f132469783170402a8fc68be0b4530ac3b20356,b0ff390b9bb429b6028ff0e2bda2d6ce,2019-10-07T03:50:10,['http://dbpedia.org/resource/Cory_Booker'],[]
f132469783170402a8fc68be0b4530ac3b32633,b529d98707d62978dceecd06fa3d3c0d,2019-10-07T12:20:11,['http://dbpedia.org/resource/India'],[]
f132469783170402a8fc68be0b4530ac3b12644,39b7886f817e33fd9dfcd577701a2d75,2019-10-07T00:00:00,['http://dbpedia.org/resource/Twitter'],[]
f132469783170402a8fc68be0b4530ac3b1616,41d752fd98b7ae9fdb7cfdb1a130be19,2019-10-06T19:18:17,['http://dbpedia.org/resource/CBS'],[]
f132469783170402a8fc68be0b4530ac3b7665,d930a43080d6ccada4e2004010ef6254,2019-10-06T22:03:59,"['http://dbpedia.org/resource/Midfielder', 'http://dbpedia.org/resource/Roller_coaster']",[]
f132469783170402a8fc68be0b4530ac3b25806,853ce05c1d0c64f6369ec7c373a65a01,2019-10-07T06:39:56,['http://dbpedia.org/resource/The_Sydney_Morning_Herald'],[]
f132469783170402a8fc68be0b4530ac3b20787,9a4802f4d3dcb42c382fdbf7fc30328e,2019-10-07T04:02:21,['http://dbpedia.org/resource/Virginia'],[]
f132469783170402a8fc68be0b4530ac3b16286,09a0245d3192d7439eb9ead076612256,2019-10-07T01:47:13,['http://dbpedia.org/resource/Twitter'],[]
f132469783170402a8fc68be0b4530ac3b13406,6b063556e1f18de38fb1e5115d2d37cf,2019-10-07T00:17:34,['http://dbpedia.org/resource/Luis_Severino'],[]
f132469783170402a8fc68be0b4530ac3b34258,d6b37fee1abb5083883854c31deeb2b4,2019-10-07T13:31:50,['http://dbpedia.org/resource/Candy_corn'],[]
f132469783170402a8fc68be0b4530ac3b30333,dfc40741e23c23f8f068f37f46791df2,2019-10-07T10:34:26,['http://dbpedia.org/resource/Bungie'],[]
f132469783170402a8fc68be0b4530ac3b290,e22db0d9e426c4fc0c5fe1bc27f956d0,2019-10-06T18:46:34,['http://dbpedia.org/resource/Sunday_school'],[]
f132469783170402a8fc68be0b4530ac3b13914,28f553103ddc298fef6fe421f44e16fc,2019-10-07T00:34:38,['http://dbpedia.org/resource/Imma'],[]
f132469783170402a8fc68be0b4530ac3b12039,fa0c933d2d881d38d9159d1d1667e05d,2019-10-06T23:43:37,['http://dbpedia.org/resource/Twitter'],[]
f132469783170402a8fc68be0b4530ac3b27625,2b77d221eb43ca2c99358fc909e98691,2019-10-07T08:16:16,['http://dbpedia.org/resource/Sexually_transmitted_infection'],[]
f132469783170402a8fc68be0b4530ac3b14833,fadce76eb4830095c3ff7a44bf0441d1,2019-10-07T01:06:21,['http://dbpedia.org/resource/English_language'],[]
f132469783170402a8fc68be0b4530ac3b12934,4e420812fd55b5d7b5c6424e57784466,2019-10-07T00:08:34,['http://dbpedia.org/resource/Donald_Trump'],[]
f132469783170402a8fc68be0b4530ac3b28651,47d9331ac9924009e47987378ea8bf39,2019-10-07T09:07:58,['http://dbpedia.org/resource/Watt'],[]
f132469783170402a8fc68be0b4530ac3b11939,a1a3b500bbac7ed573cfc5d3003ae4cb,2019-10-06T23:41:35,['http://dbpedia.org/resource/Midfielder'],[]
f132469783170402a8fc68be0b4530ac3b24607,cd168862709f9f4dd105485273cdba8d,2019-10-07T05:55:55,['http://dbpedia.org/resource/WordPress'],[]
f132469783170402a8fc68be0b4530ac3b28377,484e1f94fd0744a7240c7190ff2c27db,2019-10-07T08:54:07,['http://dbpedia.org/resource/Midfielder'],[]
f132469783170402a8fc68be0b4530ac3b32726,18114b6ddd858b1f0822ca68d88d578b,2019-10-07T12:22:50,['http://dbpedia.org/resource/East_Africa_Time'],[]
f132469783170402a8fc68be0b4530ac3b4386,3118bbbeb860b0722031485e693a31fa,2019-10-06T20:26:35,['http://dbpedia.org/resource/Lamar_Jackson'],[]
f132469783170402a8fc68be0b4530ac3b3375,b875adf407e7a7174bf5e8e61abc6d42,2019-10-06T20:04:22,['http://dbpedia.org/resource/East_Africa_Time'],[]
f132469783170402a8fc68be0b4530ac3b29393,b0194eddd00ad4994924a136d763a42f,2019-10-07T09:51:21,['http://dbpedia.org/resource/Blockchain'],[]
f132469783170402a8fc68be0b4530ac3b2138,03422ebd78543d34dce695bd88756a4f,2019-10-06T19:32:31,['http://dbpedia.org/resource/Shahid_Khan'],[]
f132469783170402a8fc68be0b4530ac3b1181,70a84180e7060bf07a422ca7edca7116,2019-10-06T19:05:20,['http://dbpedia.org/resource/Twitter'],[]
f132469783170402a8fc68be0b4530ac3b36051,3fa92da635adb33199a3fd6990fe9a83,2019-10-07T14:28:33,['http://dbpedia.org/resource/Twitter'],[]
f132469783170402a8fc68be0b4530ac3b27234,f796426f919f371454c152d02a22264f,2019-10-07T07:54:34,['http://dbpedia.org/resource/East_Africa_Time'],[]
f132469783170402a8fc68be0b4530ac3b35445,a47962b319c1b97fdfecf27b95736032,2019-10-07T14:08:45,['http://dbpedia.org/resource/Twitter'],[]
f132469783170402a8fc68be0b4530ac3b18729,5fc81f1ab44058a5359f44b9332bee69,2019-10-07T03:04:07,['http://dbpedia.org/resource/Poshmark'],[]
f132469783170402a8fc68be0b4530ac3b12384,c3d99bbbb3c5b2d942bc743849247ac7,2019-10-06T23:53:04,['http://dbpedia.org/resource/Lionel_Messi'],[]
f132469783170402a8fc68be0b4530ac3b23466,a8633b22ff8dafe8828efbf65607556b,2019-10-07T05:18:44,"['http://dbpedia.org/resource/English_language', 'http://dbpedia.org/resource/Twitter']",[]
f132469783170402a8fc68be0b4530ac3b23771,83da2bd912c91799751f61b3fdd4d8a8,2019-10-07T05:25:22,['http://dbpedia.org/resource/Boris_Johnson'],[]
f132469783170402a8fc68be0b4530ac3b9630,398b3b586b4eb53768bc9ebd3c1b5706,2019-10-06T22:43:41,['http://dbpedia.org/resource/Jay_Gruden'],[]
f132469783170402a8fc68be0b4530ac3b1022,8ed6476f371cb84b66157e819f4e1788,2019-10-06T19:00:42,['http://dbpedia.org/resource/Nice'],[]
f132469783170402a8fc68be0b4530ac3b36460,41a1e5fb547b4fac0758241e0926f13d,2019-10-07T14:39:46,['http://dbpedia.org/resource/Twitter'],[]
f132469783170402a8fc68be0b4530ac3b7441,e51ce5a46aa9afee5a562d9d32ec2f18,2019-10-06T21:55:53,['http://dbpedia.org/resource/Will_Smith'],[]
f132469783170402a8fc68be0b4530ac3b12904,0307af20f543e9477fecade9796e7ec5,2019-10-07T00:07:00,['http://dbpedia.org/resource/Patagonia'],[]
f132469783170402a8fc68be0b4530ac3b9931,aea437e5d41bf1b38ecc421cea5eca2b,2019-10-06T22:50:54,['http://dbpedia.org/resource/Lionel_Messi'],[]
f132469783170402a8fc68be0b4530ac3b1197,1e11b5793c20b0f02bb56a15baa8d08a,2019-10-06T19:05:30,['http://dbpedia.org/resource/Thruxton_Circuit'],[]
f132469783170402a8fc68be0b4530ac3b2856,935b6da896172a0bd688e5da7c5d588f,2019-10-06T19:50:58,"['http://dbpedia.org/resource/Nice', 'http://dbpedia.org/resource/Racism']",[]
f132469783170402a8fc68be0b4530ac3b21265,59fbddf79683d823ca8f45284430a837,2019-10-07T04:16:14,['http://dbpedia.org/resource/Instagram'],[]
f132469783170402a8fc68be0b4530ac3b18334,47685031af2401caee88c670199a4a3b,2019-10-07T02:51:52,['http://dbpedia.org/resource/Instagram'],[]
f132469783170402a8fc68be0b4530ac3b17106,d654bcba147e06e4163b05f9b0998286,2019-10-07T02:10:43,['http://dbpedia.org/resource/Instagram'],[]
f132469783170402a8fc68be0b4530ac3b31734,19ee041c6c4a156509e4806b22872644,2019-10-07T11:50:13,"['http://dbpedia.org/resource/Carly_Simon', 'http://dbpedia.org/resource/Scuderia_Ferrari']",[]
f132469783170402a8fc68be0b4530ac3b21613,6116c202c8e21cf331eaee014329b75d,2019-10-07T04:25:07,['http://dbpedia.org/resource/Midfielder'],[]
f132469783170402a8fc68be0b4530ac3b4052,1e7bac0e1c11ea2bb9cee8430ad10abd,2019-10-06T20:18:36,['http://dbpedia.org/resource/Poshmark'],[]
f132469783170402a8fc68be0b4530ac3b27649,1b321993139509988b66f3a1a3dcd838,2019-10-07T08:18:11,['http://dbpedia.org/resource/Syria'],[]
f132469783170402a8fc68be0b4530ac3b153,e005b6f94083b9c36e9b7c41b53e1409,2019-10-06T18:41:58,['http://dbpedia.org/resource/New_York_Giants'],[]
f132469783170402a8fc68be0b4530ac3b6213,a33c93645da4d87410ecaf5c2dac6e72,2019-10-06T21:22:26,"['http://dbpedia.org/resource/Midfielder', 'http://dbpedia.org/resource/Twitter']",[]
f132469783170402a8fc68be0b4530ac3b9418,cdd88d868d4a3048ab3f418291ff88c0,2019-10-06T22:40:07,['http://dbpedia.org/resource/Heart_of_Midlothian_F.C.'],[]
f132469783170402a8fc68be0b4530ac3b27783,56e1ce32215f3864476ee6d69fe2d9a7,2019-10-07T08:24:42,['http://dbpedia.org/resource/Playboy_Playmate'],[]
f132469783170402a8fc68be0b4530ac3b3182,d8cd681415d6020e9bf8267540a5bf7a,2019-10-06T19:59:11,['http://dbpedia.org/resource/Instagram'],[]
f132469783170402a8fc68be0b4530ac3b31052,0fd51ee7857dc4c3d7868490f0f81e20,2019-10-07T11:11:00,['http://dbpedia.org/resource/Midfielder'],[]
f132469783170402a8fc68be0b4530ac3b27276,a519761a236cfb0046d795c571995749,2019-10-07T07:56:41,"['http://dbpedia.org/resource/Kashmir', 'http://dbpedia.org/resource/United_States']",[]
f132469783170402a8fc68be0b4530ac3b27190,3d25abb498e28c3c69488e820c7d44c0,2019-10-07T07:51:01,['http://dbpedia.org/resource/4K_resolution'],[]
f132469783170402a8fc68be0b4530ac3b16758,a04be7580f60988c6ce7d7d881a60bf5,2019-10-07T01:59:31,['http://dbpedia.org/resource/Sexual_assault'],[]
f132469783170402a8fc68be0b4530ac3b1849,2a9145776a3e26099ff74da668836fa4,2019-10-06T19:25:22,['http://dbpedia.org/resource/Quarterback'],[]
f132469783170402a8fc68be0b4530ac3b16615,767cb9e494d6fbbc857c75387b888782,2019-10-07T01:55:18,['http://dbpedia.org/resource/The_Times'],[]
f132469783170402a8fc68be0b4530ac3b6332,a64dc5d6b63160d7b0541e821dcfa5af,2019-10-06T21:24:19,['http://dbpedia.org/resource/Ultimate_Fighting_Championship'],[]
f132469783170402a8fc68be0b4530ac3b33361,8d23e5415e0ab7d45f5c053f0faa688e,2019-10-07T12:48:50,['http://dbpedia.org/resource/Twitter'],[]
f132469783170402a8fc68be0b4530ac3b5777,03f8f198793db151cb20cb0cab4b2a49,2019-10-06T21:05:26,['http://dbpedia.org/resource/Racism'],[]
f132469783170402a8fc68be0b4530ac3b7038,1ae85670912d98d034ed9a529d00aca5,2019-10-06T21:43:28,['http://dbpedia.org/resource/SportsCenter'],[]
f132469783170402a8fc68be0b4530ac3b35884,4666fb88cb8ab43d8fbc238a9f7da68a,2019-10-07T14:21:32,['http://dbpedia.org/resource/Twitter'],[]
f132469783170402a8fc68be0b4530ac3b2587,c047528ac9ad3e340bf35e52081641bc,2019-10-06T19:45:11,['http://dbpedia.org/resource/Nick_Boyle'],[]
f5e34a0fc931142ffb8697e9defae1742b19938,a2ac11c7255fdc716cd82297fd86f219,2019-10-07T23:15:34,['http://dbpedia.org/resource/Live_Nation_Entertainment'],[]
f5e34a0fc931142ffb8697e9defae1742b17655,95cebca9abfe4de2accd7e4c2db9ebce,2019-10-07T22:17:36,"['http://dbpedia.org/resource/American_Express', 'http://dbpedia.org/resource/Italy']",[]
f5e34a0fc931142ffb8697e9defae1742b26493,78bf60efd7a40328de245bd4c4e74d6f,2019-10-08T02:22:04,"['http://dbpedia.org/resource/JJ_Redick', 'http://dbpedia.org/resource/Trae_Young']",[]
f5e34a0fc931142ffb8697e9defae1742b14537,42979fd5bad4dd9eb3971ba18a81fb6b,2019-10-07T20:54:27,['http://dbpedia.org/resource/Pope_Francis'],[]
f5e34a0fc931142ffb8697e9defae1742b36473,e182656cdb2ce91865874a9de10f1d55,2019-10-08T08:08:38,['http://dbpedia.org/resource/Wisconsin'],[]
f5e34a0fc931142ffb8697e9defae1742b22238,9e7dbba07bdf2ae1beb8a07e9b747b49,2019-10-08T00:23:09,['http://dbpedia.org/resource/Golf'],[]
f5e34a0fc931142ffb8697e9defae1742b32334,bcf6baf694f9cb8d4862ee401fd8bd32,2019-10-08T05:12:40,['http://dbpedia.org/resource/Brazil'],[]
f5e34a0fc931142ffb8697e9defae1742b17069,0e57f551e1999b76a3e6b77cd8a9239a,2019-10-07T22:02:02,['http://dbpedia.org/resource/North_America'],[]
f5e34a0fc931142ffb8697e9defae1742b17294,675ffa60d7e3a323dd01f93414f92ad9,2019-10-07T22:08:58,"['http://dbpedia.org/resource/Greece', 'http://dbpedia.org/resource/Pakistan']",[]
f5e34a0fc931142ffb8697e9defae1742b6292,1ac566155ab056d08422b95735e2667e,2019-10-07T17:29:39,['http://dbpedia.org/resource/Kurds'],[]
f5e34a0fc931142ffb8697e9defae1742b7498,0432ae95bb70e84c0d4aae3e9ecda3a1,2019-10-07T18:00:31,['http://dbpedia.org/resource/Chief_executive_officer'],[]
f5e34a0fc931142ffb8697e9defae1742b6501,63e9d94124e511f66802795333057e13,2019-10-07T17:34:12,['http://dbpedia.org/resource/Light-on-dark_color_scheme'],[]
f5e34a0fc931142ffb8697e9defae1742b17320,0b1c39c812d809045a7169bc5fbf2a3b,2019-10-07T22:09:15,['http://dbpedia.org/resource/Twitter'],[]
f5e34a0fc931142ffb8697e9defae1742b34526,0a4287cb5aae6947057a0aa4d66f30ff,2019-10-08T06:35:32,['http://dbpedia.org/resource/Kurds'],[]
f5e34a0fc931142ffb8697e9defae1742b33310,b72547f09616f02e6c0398d65f2a324d,2019-10-08T05:45:35,"['http://dbpedia.org/resource/East_Africa_Time', 'http://dbpedia.org/resource/Venus']",[]
f5e34a0fc931142ffb8697e9defae1742b184,05b3c47ccd97b0ee3f06824422914235,2019-10-07T14:50:00,['http://dbpedia.org/resource/Arctic_Circle'],[]
f5e34a0fc931142ffb8697e9defae1742b418,3d75e5a0886b9b08539c360d8c9728a6,2019-10-07T14:55:56,['http://dbpedia.org/resource/Spinal_cord_injury'],[]
f5e34a0fc931142ffb8697e9defae1742b17624,bebbdb0bb137be3768e44f1256f3f8eb,2019-10-07T22:16:46,"['http://dbpedia.org/resource/Subaru', 'http://dbpedia.org/resource/United_States']",[]
f5e34a0fc931142ffb8697e9defae1742b7112,18e3981b1e539cf33a31f1bfa1fcaf62,2019-10-07T17:51:03,['http://dbpedia.org/resource/PDF'],[]
f5e34a0fc931142ffb8697e9defae1742b31687,37a95a5bb1e63a316d21e81ff65369fd,2019-10-08T04:47:54,['http://dbpedia.org/resource/Nice'],[]
f5e34a0fc931142ffb8697e9defae1742b8980,9c200e87bf34e98ad5574334ba4a9af3,2019-10-07T18:29:22,['http://dbpedia.org/resource/Racism'],[]
f5e34a0fc931142ffb8697e9defae1742b29520,0badd1fc1ab9018944fbf5d12266d741,2019-10-08T03:49:22,['http://dbpedia.org/resource/Philippines'],[]
f5e34a0fc931142ffb8697e9defae1742b26178,30130068501d1fb67f7b1e56fb2ad13b,2019-10-08T02:12:35,['http://dbpedia.org/resource/National_debt_of_the_United_States'],[]
f5e34a0fc931142ffb8697e9defae1742b3902,0728f1223e90e11ac98b049f45ac34e6,2019-10-07T16:29:55,['http://dbpedia.org/resource/Call_of_Duty'],[]
f5e34a0fc931142ffb8697e9defae1742b15452,5ed22d5cca79aa6aad866418cdaa205c,2019-10-07T21:17:30,['http://dbpedia.org/resource/Chelsea_F.C.'],[]
f5e34a0fc931142ffb8697e9defae1742b21204,dd126d07da26e40d3cd8c78f54a691ba,2019-10-07T23:53:29,['http://dbpedia.org/resource/FIFA'],[]
f5e34a0fc931142ffb8697e9defae1742b29546,a68a592916bbe4cdf21d75ac5d2ec366,2019-10-08T03:50:28,"['http://dbpedia.org/resource/Batman', 'http://dbpedia.org/resource/Crowdfunding']",[]
f5e34a0fc931142ffb8697e9defae1742b1976,26d7cc8b4da2ce87c306af0478779b5b,2019-10-07T15:42:20,['http://dbpedia.org/resource/Israel'],[]
f5e34a0fc931142ffb8697e9defae1742b22119,8d31fd369c0f96152aa9385e8589e007,2019-10-08T00:20:03,"['http://dbpedia.org/resource/Apple_Inc.', 'http://dbpedia.org/resource/Nice', 'http://dbpedia.org/resource/Pacific_Time_Zone', 'http://dbpedia.org/resource/Wi-Fi']",[]
f5e34a0fc931142ffb8697e9defae1742b12940,9770afe1d2568ad6d6af797f9691d9a9,2019-10-07T20:18:50,['http://dbpedia.org/resource/Instagram'],[]
f5e34a0fc931142ffb8697e9defae1742b17491,758eb7f082a96750796e2225422e6d34,2019-10-07T22:14:39,['http://dbpedia.org/resource/St._Louis'],[]
f5e34a0fc931142ffb8697e9defae1742b18596,d88d2738fd133d7eb711ac2f60e86c11,2019-10-07T22:40:24,['http://dbpedia.org/resource/YouTube'],[]
f5e34a0fc931142ffb8697e9defae1742b31008,04878d04166a2305a1995515e0f30cd5,2019-10-08T04:29:28,['http://dbpedia.org/resource/Tuna'],[]
f5e34a0fc931142ffb8697e9defae1742b5628,8ee714c16b9cf21440f8e1398e9920ab,2019-10-07T17:15:37,['http://dbpedia.org/resource/Midfielder'],[]
f5e34a0fc931142ffb8697e9defae1742b10294,a33ab2ae40250d7f7729048265d46a13,2019-10-07T19:02:52,"['http://dbpedia.org/resource/CNN', 'http://dbpedia.org/resource/Defensively_equipped_merchant_ship']",[]
f5e34a0fc931142ffb8697e9defae1742b31696,d71a5a8f91bbabfb8e9aa9bce6715c60,2019-10-08T04:48:00,['http://dbpedia.org/resource/Tom_Steyer'],[]
f5e34a0fc931142ffb8697e9defae1742b22927,19a94561e172fe00b48d6530c905ceb9,2019-10-08T00:41:25,['http://dbpedia.org/resource/Northern_California'],[]
f5e34a0fc931142ffb8697e9defae1742b28769,e9727510a2a143227fa9f4a16736ea19,2019-10-08T03:29:34,['http://dbpedia.org/resource/English_language'],[]
f5e34a0fc931142ffb8697e9defae1742b14663,4014ce2688bf20e15af09e95635f380c,2019-10-07T20:56:27,['http://dbpedia.org/resource/Charlie_Brown'],[]
f5e34a0fc931142ffb8697e9defae1742b4313,2a90ae63bd1f582db6847aa30747ff9a,2019-10-07T16:39:51,['http://dbpedia.org/resource/PlayStation_4'],[]
f5e34a0fc931142ffb8697e9defae1742b19225,6741a081c828febe73698ff83bea8356,2019-10-07T22:57:03,['http://dbpedia.org/resource/Donald_Trump'],[]
f5e34a0fc931142ffb8697e9defae1742b26617,1ffb5e0662bcef1e3ddf6754e37ba266,2019-10-08T02:27:44,"['http://dbpedia.org/resource/ESPN', 'http://dbpedia.org/resource/National_Baseball_Hall_of_Fame_and_Museum']",[]
f5e34a0fc931142ffb8697e9defae1742b6397,acccc68f20409cc56ca45a856ca73090,2019-10-07T17:31:45,"['http://dbpedia.org/resource/Midfielder', 'http://dbpedia.org/resource/Twitter']",[]
f5e34a0fc931142ffb8697e9defae1742b5348,7f50aa70c16dce9b76c3a7be9864ef66,2019-10-07T17:08:11,['http://dbpedia.org/resource/New_York_City'],[]
f5e34a0fc931142ffb8697e9defae1742b30900,7d7ff13e910831d8455b242d83d5f53e,2019-10-08T04:26:37,['http://dbpedia.org/resource/Iowa'],[]
f5e34a0fc931142ffb8697e9defae1742b34675,bbdb590fe7975500326c7d4818325b08,2019-10-08T06:42:48,['http://dbpedia.org/resource/NFC_East'],[]
f5e34a0fc931142ffb8697e9defae1742b28603,79693a1a9041584932795b62ff0881c2,2019-10-08T03:24:32,['http://dbpedia.org/resource/Neo-Nazism'],[]
f5e34a0fc931142ffb8697e9defae1742b16759,95ea27c7c2f006131297b80b1a8f9292,2019-10-07T21:52:47,['http://dbpedia.org/resource/Motown'],[]
f5e34a0fc931142ffb8697e9defae1742b2259,15b80ae3cd1fb2600fd11a461dcd0200,2019-10-07T15:52:46,['http://dbpedia.org/resource/Fox_News'],[]
f5e34a0fc931142ffb8697e9defae1742b35042,6992710c5b6387ff4f1becb41e578321,2019-10-08T06:59:34,['http://dbpedia.org/resource/Castilian_Party'],[]
f5e34a0fc931142ffb8697e9defae1742b30318,20e614bd63a96f94db462fcb11114d4e,2019-10-08T04:12:54,['http://dbpedia.org/resource/Quarterback'],[]
f5e34a0fc931142ffb8697e9defae1742b25546,503fc0d4df5025d1e89641fa0c1c7f87,2019-10-08T01:55:36,['http://dbpedia.org/resource/Atlantic_Coast_Conference'],[]
f5e34a0fc931142ffb8697e9defae1742b6900,89a689399f7d9670c3bac9769c180fef,2019-10-07T17:43:25,"['http://dbpedia.org/resource/Jim_Mattis', 'http://dbpedia.org/resource/Susan_Collins']",[]
f5e34a0fc931142ffb8697e9defae1742b3045,dc96c54a7203c2bf0e57adf1ca44d0b5,2019-10-07T16:10:18,['http://dbpedia.org/resource/National_Football_League'],[]
f5e34a0fc931142ffb8697e9defae1742b33217,4ae2a057e5eaad73f30cc451554bac80,2019-10-08T05:42:08,['http://dbpedia.org/resource/Europe'],[]
f5e34a0fc931142ffb8697e9defae1742b13292,9f37a459126c3d82abb482df1ca42515,2019-10-07T20:27:37,['http://dbpedia.org/resource/Ilhan_Omar'],[]
f5e34a0fc931142ffb8697e9defae1742b23783,386502959b3f7191511cbe493beb3dc7,2019-10-08T01:05:59,['http://dbpedia.org/resource/Sexual_attraction'],[]
f5e34a0fc931142ffb8697e9defae1742b8923,1355f3194835fff6efc12ab692f810c2,2019-10-07T18:28:25,['http://dbpedia.org/resource/Nancy_Drew'],[]
f5e34a0fc931142ffb8697e9defae1742b31024,0e2e5fdc9ec5a2260ebfea1a9a157d9c,2019-10-08T04:29:58,['http://dbpedia.org/resource/Froot_Loops'],[]
f5e34a0fc931142ffb8697e9defae1742b16604,d8b2a4edad43c0c76b918225cd4e56c7,2019-10-07T21:48:37,['http://dbpedia.org/resource/BTS'],[]
f5e34a0fc931142ffb8697e9defae1742b7128,89762302372133e6f93ce2f8e54e7f3a,2019-10-07T17:52:10,['http://dbpedia.org/resource/Impeachment'],[]
f5e34a0fc931142ffb8697e9defae1742b13227,08297200b82e47633d2891333fa42116,2019-10-07T20:25:46,"['http://dbpedia.org/resource/Left-wing_politics', 'http://dbpedia.org/resource/Presidency_of_Barack_Obama', 'http://dbpedia.org/resource/President_of_the_United_States']",[]
f5e34a0fc931142ffb8697e9defae1742b1465,25a219416ed602ab64cd6e2ccfd2f6a0,2019-10-07T15:25:34,['http://dbpedia.org/resource/New_York_County_District_Attorney'],[]
f5e34a0fc931142ffb8697e9defae1742b25598,206fae81c500247cff82d07797385ef3,2019-10-08T01:57:28,['http://dbpedia.org/resource/Cheers'],[]
f5e34a0fc931142ffb8697e9defae1742b26897,c2d9aaac50f773743a9311674b2eed88,2019-10-08T02:36:32,['http://dbpedia.org/resource/Twitter'],[]
f5e34a0fc931142ffb8697e9defae1742b33887,70bb9319ef058a7b8111d3b59ba071dd,2019-10-08T06:05:18,['http://dbpedia.org/resource/Susan_Collins'],[]
f5e34a0fc931142ffb8697e9defae1742b1016,c55ca5c58460a02417fa7558edf3d2aa,2019-10-07T15:14:50,['http://dbpedia.org/resource/Twitter'],[]
f5e34a0fc931142ffb8697e9defae1742b27567,b18e6a8dba50b49527832cfc77d10aed,2019-10-08T02:51:53,['http://dbpedia.org/resource/Twitter'],[]
f5e34a0fc931142ffb8697e9defae1742b28911,6c6b9b3b76318933a83cf54d3cb7f7c2,2019-10-08T03:32:58,['http://dbpedia.org/resource/Biology'],[]
f5e34a0fc931142ffb8697e9defae1742b16350,4dafc33a7813bfcb9b4dfc3ccf2c07af,2019-10-07T21:41:49,['http://dbpedia.org/resource/Halloween'],[]
f5e34a0fc931142ffb8697e9defae1742b31985,41f2b2e941488503ad928a941cdfdd86,2019-10-08T05:00:28,['http://dbpedia.org/resource/Reasonable_person'],[]
f5e34a0fc931142ffb8697e9defae1742b36519,450134a546951c387b1e89c2f819653b,2019-10-08T08:11:39,['http://dbpedia.org/resource/Stephen_Curry'],[]
f5e34a0fc931142ffb8697e9defae1742b33956,90d1019339b14405d2c238b2115f2986,2019-10-08T06:09:29,['http://dbpedia.org/resource/Nice'],[]
f5e34a0fc931142ffb8697e9defae1742b23467,c286073e1997649360686b1acda33d20,2019-10-08T00:55:50,['http://dbpedia.org/resource/John_Legend'],[]
f5e34a0fc931142ffb8697e9defae1742b31200,7d8248ac8189aa7ec4ed4e163208e510,2019-10-08T04:34:00,['http://dbpedia.org/resource/Syria'],[]
f5e34a0fc931142ffb8697e9defae1742b28733,aa4ac3158461f0a70dafffd6ff52c751,2019-10-08T03:27:43,['http://dbpedia.org/resource/Poshmark'],[]
f5e34a0fc931142ffb8697e9defae1742b35025,32c1a9825a35cb0ac2de101c632f8e47,2019-10-08T06:59:13,['http://dbpedia.org/resource/GameStop'],[]
f5e34a0fc931142ffb8697e9defae1742b21329,c7ace36bb73c7f9753366f6165517179,2019-10-07T23:57:05,['http://dbpedia.org/resource/BTS'],[]
f5e34a0fc931142ffb8697e9defae1742b9698,fd4a9e2b8330c6caf275de1b1f3148b8,2019-10-07T18:45:45,['http://dbpedia.org/resource/Gothic_architecture'],[]
f5e34a0fc931142ffb8697e9defae1742b15531,0ed18c49686b0be27cab1a06d4da4195,2019-10-07T21:20:02,['http://dbpedia.org/resource/Impeachment'],[]
f5e34a0fc931142ffb8697e9defae1742b29286,e14610b75fa4e13cb1a73829876a4af3,2019-10-08T03:43:00,['http://dbpedia.org/resource/Cleveland'],[]
f5e34a0fc931142ffb8697e9defae1742b14655,501f599792af91b65f6699b9c492acb0,2019-10-07T20:56:27,['http://dbpedia.org/resource/Twitter'],[]
f5e34a0fc931142ffb8697e9defae1742b34231,ebb7e2928369af3d84360ac3c153415c,2019-10-08T06:20:46,"['http://dbpedia.org/resource/Extreme_weather', 'http://dbpedia.org/resource/Northern_California']",[]
f5e34a0fc931142ffb8697e9defae1742b6924,374f7d204ac8e9c18141b112e61bc9d7,2019-10-07T17:44:10,['http://dbpedia.org/resource/Halloween'],[]
f5e34a0fc931142ffb8697e9defae1742b31058,594be577a90f59bf66ed006d889156bb,2019-10-08T04:30:28,['http://dbpedia.org/resource/CNN'],[]
f5e34a0fc931142ffb8697e9defae1742b16160,341bdb40def2c2c89eaa01b9ac5124eb,2019-10-07T21:36:02,['http://dbpedia.org/resource/Eastern_Time_Zone'],[]
f5e34a0fc931142ffb8697e9defae1742b898,ffa15ec3f0186dc899cbe28b7060f484,2019-10-07T15:10:49,"['http://dbpedia.org/resource/Red_carpet', 'http://dbpedia.org/resource/Will_Smith']",[]
f5e34a0fc931142ffb8697e9defae1742b29835,9dceacfbe308d357bae33e9dc2412920,2019-10-08T03:59:04,['http://dbpedia.org/resource/President_of_the_United_States'],[]
f5e34a0fc931142ffb8697e9defae1742b31860,38945181633f570ac9a49bec7ffd0c4f,2019-10-08T04:55:16,['http://dbpedia.org/resource/American_Broadcasting_Company'],[]
f5e34a0fc931142ffb8697e9defae1742b21892,e2bc5d63487c4191c5616bf2c852d3e5,2019-10-08T00:14:47,['http://dbpedia.org/resource/YouTube'],[]
f5e34a0fc931142ffb8697e9defae1742b27853,3f69ec18fc4d12462ed4c01867104d00,2019-10-08T02:59:04,['http://dbpedia.org/resource/Drug_Enforcement_Administration'],[]
f5e34a0fc931142ffb8697e9defae1742b29800,4dd498af9c204ede016f825f368cfdda,2019-10-08T03:57:42,['http://dbpedia.org/resource/Hebrew_language'],[]
f5e34a0fc931142ffb8697e9defae1742b10761,708b14ff59eb66de7d9342a458bd817a,2019-10-07T19:18:10,"['http://dbpedia.org/resource/Jorge_Masvidal', 'http://dbpedia.org/resource/Mixed_martial_arts']",[]
f5e34a0fc931142ffb8697e9defae1742b5897,bcf98132f7ee36f7740319a02a333471,2019-10-07T17:22:12,"['http://dbpedia.org/resource/Firefox', 'http://dbpedia.org/resource/IPad']",[]
f5e34a0fc931142ffb8697e9defae1742b15123,f9b8d43745916bce3952001fc28b19bd,2019-10-07T21:07:35,"['http://dbpedia.org/resource/Fourth_Amendment_to_the_United_States_Constitution', 'http://dbpedia.org/resource/Supreme_Court_of_the_United_States']",[]
f5e34a0fc931142ffb8697e9defae1742b20797,7513717dba8b208fe06799dcc54e59e2,2019-10-07T23:40:00,['http://dbpedia.org/resource/Larry_Kudlow'],[]
f5e34a0fc931142ffb8697e9defae1742b26980,5419657ac00eb62f01686f7c9efba65a,2019-10-08T02:38:13,['http://dbpedia.org/resource/Twitter'],[]
f5e34a0fc931142ffb8697e9defae1742b31796,698fb59fa885070ab679be108553955c,2019-10-08T04:53:16,['http://dbpedia.org/resource/Daisy_Ridley'],[]
f5e34a0fc931142ffb8697e9defae1742b25997,95c6a559e061132a42e9acaeffe4b0c7,2019-10-08T02:08:12,['http://dbpedia.org/resource/Coffee'],[]
f5e34a0fc931142ffb8697e9defae1742b11320,1a568111065c623f71f963f38432d399,2019-10-07T19:36:09,['http://dbpedia.org/resource/Logan_Paul'],[]
f5e34a0fc931142ffb8697e9defae1742b34755,ee79083b9931907b8696424e4ea20ecb,2019-10-08T06:46:21,['http://dbpedia.org/resource/Wi-Fi'],[]
f5e34a0fc931142ffb8697e9defae1742b32488,6ad18f0b50d80de1b0eb65d5d8bab451,2019-10-08T05:15:45,"['http://dbpedia.org/resource/Impeachment', 'http://dbpedia.org/resource/Melania_Trump']",[]
f5e34a0fc931142ffb8697e9defae1742b29486,8c7e72982689fcde4474ce144012a83f,2019-10-08T03:48:41,['http://dbpedia.org/resource/Jimmy_Carter'],[]
f5e34a0fc931142ffb8697e9defae1742b3035,0b15ad61ea013094e48816e44e32acb0,2019-10-07T16:09:58,"['http://dbpedia.org/resource/Middle_East', 'http://dbpedia.org/resource/Syria']",[]
f5e34a0fc931142ffb8697e9defae1742b9475,845e544d7588cface8ba9adec558d819,2019-10-07T18:41:09,['http://dbpedia.org/resource/Helsinki'],[]
f5e34a0fc931142ffb8697e9defae1742b17465,e306503d02d228e3cb3d9d4e530a6436,2019-10-07T22:13:39,['http://dbpedia.org/resource/Tax_evasion'],[]
f5e34a0fc931142ffb8697e9defae1742b2926,e263605bac60e7b7ba72ce485ae8d6ab,2019-10-07T16:08:34,['http://dbpedia.org/resource/Patrick_Mahomes'],[]
f5e34a0fc931142ffb8697e9defae1742b5523,dcf3468ec171132a4139aae28c05de3d,2019-10-07T17:13:15,['http://dbpedia.org/resource/Asian_Tour'],[]
f5e34a0fc931142ffb8697e9defae1742b34565,e7914eddca262b04ded426f39bb0ecbb,2019-10-08T06:37:30,['http://dbpedia.org/resource/East_Africa_Time'],[]
f5e34a0fc931142ffb8697e9defae1742b34223,0c22cf0ff983c50fe521fc64b2ed0cd9,2019-10-08T06:20:16,['http://dbpedia.org/resource/Imma'],[]
f5e34a0fc931142ffb8697e9defae1742b1668,0946b9460b41a27bac8af1193a14e379,2019-10-07T15:33:25,['http://dbpedia.org/resource/Batman'],[]
f5e34a0fc931142ffb8697e9defae1742b29494,5ee378f4562007ba470722f64605fa59,2019-10-08T03:48:45,['http://dbpedia.org/resource/Nick_Bosa'],[]
f5e34a0fc931142ffb8697e9defae1742b30274,db9fbec0a74414662f547bed4bab05d3,2019-10-08T04:11:27,"['http://dbpedia.org/resource/Popeyes', 'http://dbpedia.org/resource/Pumpkin_Spice_Latte']",[]
f5e34a0fc931142ffb8697e9defae1742b9636,315436f6f2f559b58b434c4bababaed5,2019-10-07T18:45:30,['http://dbpedia.org/resource/Baseball'],[]
f5e34a0fc931142ffb8697e9defae1742b35521,0151ac786a9a4bb973ce3f753e9dd4ba,2019-10-08T07:20:05,"['http://dbpedia.org/resource/Chief_executive_officer', 'http://dbpedia.org/resource/Qantas']",[]
f5e34a0fc931142ffb8697e9defae1742b14510,b19a6a117c7e9ccbc7b461f6385b5c68,2019-10-07T20:53:32,['http://dbpedia.org/resource/Twitter'],[]
f5e34a0fc931142ffb8697e9defae1742b35381,703e962fa52e5e4292fe4e4ecda17e1b,2019-10-08T07:12:46,['http://dbpedia.org/resource/YouTube'],[]
f5e34a0fc931142ffb8697e9defae1742b3665,fefe9d2180bbe06dc8bd422a2c74ee95,2019-10-07T16:25:08,['http://dbpedia.org/resource/FC_Barcelona'],[]
f5e34a0fc931142ffb8697e9defae1742b3648,aea9dd35b2ace136b3befd2bf41f5914,2019-10-07T16:24:46,['http://dbpedia.org/resource/Keurig'],[]
f5e34a0fc931142ffb8697e9defae1742b5150,fb3d64d3fefe26dd4d93ae5fddd53e8f,2019-10-07T17:03:33,['http://dbpedia.org/resource/Europe'],[]
f5e34a0fc931142ffb8697e9defae1742b28846,27f9baca443e59e03fbb48f4bf126e01,2019-10-08T03:30:56,"['http://dbpedia.org/resource/Impeachment', 'http://dbpedia.org/resource/YouTube']",[]
f5e34a0fc931142ffb8697e9defae1742b10786,45eb6ea75fb8688e6617b93591b59cd6,2019-10-07T19:18:30,['http://dbpedia.org/resource/Destiny_2'],[]
f5e34a0fc931142ffb8697e9defae1742b24614,b42f67c1351498962b3af93c3d1e4dad,2019-10-08T01:29:55,['http://dbpedia.org/resource/Strikeout'],[]
f5e34a0fc931142ffb8697e9defae1742b28761,5c78c76c62bed6bb9337ed73b478e3d7,2019-10-08T03:29:19,['http://dbpedia.org/resource/Max_Scherzer'],[]
f5e34a0fc931142ffb8697e9defae1742b34077,613e32785bfaebb36d804a1b5b4040aa,2019-10-08T06:13:01,['http://dbpedia.org/resource/Postal_Index_Number'],[]
f5e34a0fc931142ffb8697e9defae1742b20225,68cd1556db4bca798bbba3f67c74135f,2019-10-07T23:23:12,['http://dbpedia.org/resource/TikTok'],[]
f5e34a0fc931142ffb8697e9defae1742b27415,c7199e23ce4d28f3f72a092cf85e5500,2019-10-08T02:47:23,['http://dbpedia.org/resource/Raffle'],[]
f5e34a0fc931142ffb8697e9defae1742b7622,ddca6f3e0bfce2efc75326efcab1762d,2019-10-07T18:01:15,['http://dbpedia.org/resource/Jimmy_Fallon'],[]
f5e34a0fc931142ffb8697e9defae1742b13658,de6bf96f8ff1092cb7a0a19c0058156a,2019-10-07T20:35:01,['http://dbpedia.org/resource/Vacuum_cleaner'],[]
f5e34a0fc931142ffb8697e9defae1742b34905,d46c431856f902ea957a7954989e367e,2019-10-08T06:52:45,"['http://dbpedia.org/resource/Donald_Trump', 'http://dbpedia.org/resource/The_Ellen_DeGeneres_Show']",[]
f5e34a0fc931142ffb8697e9defae1742b30781,feac128c08133c654049f90f73e6a2a0,2019-10-08T04:23:29,['http://dbpedia.org/resource/Kevin_Porter_Jr.'],[]
f5e34a0fc931142ffb8697e9defae1742b15149,2160802f89292a52764d44cb8c00979d,2019-10-07T21:08:31,['http://dbpedia.org/resource/Twitter'],[]
f5e34a0fc931142ffb8697e9defae1742b26014,daf601651d05b123727ff14b3cbb8363,2019-10-08T02:08:47,"['http://dbpedia.org/resource/KHOU', 'http://dbpedia.org/resource/Twitter']",[]
f5e34a0fc931142ffb8697e9defae1742b1258,c978bfb66ae3efbb3a622c5df216b4e3,2019-10-07T15:20:59,['http://dbpedia.org/resource/BTS'],[]
f5e34a0fc931142ffb8697e9defae1742b17943,120011f0ab1b0d99cbccd37c8269c632,2019-10-07T22:25:08,['http://dbpedia.org/resource/BTS'],[]
f5e34a0fc931142ffb8697e9defae1742b16847,f64fc8794dde1a904f0aa6f108e94b4e,2019-10-07T21:55:40,['http://dbpedia.org/resource/Twitter'],[]
f5e34a0fc931142ffb8697e9defae1742b32987,05f7ee7af110537dae7db5a502170d53,2019-10-08T05:35:03,['http://dbpedia.org/resource/Wide_receiver'],[]
f5e34a0fc931142ffb8697e9defae1742b7830,89a689399f7d9670c3bac9769c180fef,2019-10-07T18:05:49,['http://dbpedia.org/resource/Impeachment'],[]
f5e34a0fc931142ffb8697e9defae1742b29294,51c1380fd673f36bce34a79f5c3f7ac7,2019-10-08T03:43:05,['http://dbpedia.org/resource/Nick_Bosa'],[]
f5e34a0fc931142ffb8697e9defae1742b30208,d3d60163c174a51e6ae1a75f4f1f73cf,2019-10-08T04:08:10,['http://dbpedia.org/resource/Syria'],[]
f5e34a0fc931142ffb8697e9defae1742b14770,f1d2e0ba8884dd8c901f8d2ac235a63d,2019-10-07T20:59:03,['http://dbpedia.org/resource/Hungary'],[]
f5e34a0fc931142ffb8697e9defae1742b10582,ea76e94ceda9264547b746b1389ceb02,2019-10-07T19:11:05,['http://dbpedia.org/resource/Castilian_Party'],[]
f5e34a0fc931142ffb8697e9defae1742b26608,e748f3c03f7c4088e90a0ccb2588e0ed,2019-10-08T02:27:09,['http://dbpedia.org/resource/National_Basketball_Association'],[]
f5e34a0fc931142ffb8697e9defae1742b36168,b10a211623962667e4ccb1c8f4289f9c,2019-10-08T07:54:35,['http://dbpedia.org/resource/Heart_of_Midlothian_F.C.'],[]
f5e34a0fc931142ffb8697e9defae1742b34999,425994c1111575bfd6399a4a1313f88c,2019-10-08T06:58:16,"['http://dbpedia.org/resource/Netflix', 'http://dbpedia.org/resource/Unidentified_flying_object']",[]
f5e34a0fc931142ffb8697e9defae1742b23029,0d282504fb48c8507817b1a4960cc0e6,2019-10-08T00:43:52,['http://dbpedia.org/resource/Hockey_East'],[]
f5e34a0fc931142ffb8697e9defae1742b10629,c790ea2281c6fc20b9cea500645a27fd,2019-10-07T19:12:27,['http://dbpedia.org/resource/Castilian_Party'],[]
f5e34a0fc931142ffb8697e9defae1742b31653,bbaaf6df6e505c15d3aee58b03bcc9c7,2019-10-08T04:47:11,['http://dbpedia.org/resource/American_football_positions'],[]
f5e34a0fc931142ffb8697e9defae1742b14994,e1ebe2ac8fddaa71a951cfaffb57056b,2019-10-07T21:03:10,['http://dbpedia.org/resource/Naughty_Dog'],[]
f5e34a0fc931142ffb8697e9defae1742b12096,cd1103434789624163b55215823f5a2e,2019-10-07T20:01:40,['http://dbpedia.org/resource/Nice'],[]
f5e34a0fc931142ffb8697e9defae1742b24121,2febe6e769afcca9ea90d2d68e7aeeda,2019-10-08T01:14:53,['http://dbpedia.org/resource/Donald_Trump'],[]
f5e34a0fc931142ffb8697e9defae1742b32684,23e1632ae2bfadd40d029bdd03f185bd,2019-10-08T05:25:41,['http://dbpedia.org/resource/Florida_Man'],[]
f5e34a0fc931142ffb8697e9defae1742b19788,a22a6c7e5cb2e016ec21bee8e9231c0e,2019-10-07T23:11:56,['http://dbpedia.org/resource/Twitter'],[]
f5e34a0fc931142ffb8697e9defae1742b34302,be7ef38cd22f416cd1a1a856fc85eabf,2019-10-08T06:25:58,['http://dbpedia.org/resource/Child_abuse'],[]
f5e34a0fc931142ffb8697e9defae1742b12909,4be3cd945ee4f4ecba564a909a2b8061,2019-10-07T20:17:42,['http://dbpedia.org/resource/Kashmir'],[]
f5e34a0fc931142ffb8697e9defae1742b18229,6960c7cf80aa0c7f4fca878bc677b083,2019-10-07T22:31:31,['http://dbpedia.org/resource/Twitter'],[]
f5e34a0fc931142ffb8697e9defae1742b9162,ac81ed3f7649958ca1fb385cbc8908fa,2019-10-07T18:34:05,"['http://dbpedia.org/resource/Association_football', 'http://dbpedia.org/resource/Chelsea_F.C.', 'http://dbpedia.org/resource/Juventus_F.C.', 'http://dbpedia.org/resource/Real_Madrid_CF']",[]
f5e34a0fc931142ffb8697e9defae1742b14563,8d450f4e161af5fc1f6fa0bb7bfff3e6,2019-10-07T20:54:36,['http://dbpedia.org/resource/Twitter'],[]
f5e34a0fc931142ffb8697e9defae1742b17896,79cd445cae1639e526d9d17bac851a38,2019-10-07T22:24:07,['http://dbpedia.org/resource/Pacific_Time_Zone'],[]
f5e34a0fc931142ffb8697e9defae1742b16232,6f1398a966a420953c50f01b65570879,2019-10-07T21:37:27,['http://dbpedia.org/resource/Midfielder'],[]
f5e34a0fc931142ffb8697e9defae1742b31410,0c7384f0b933e11f87b5f5c4ead92d18,2019-10-08T04:40:24,['http://dbpedia.org/resource/Henry_Cavill'],[]
f5e34a0fc931142ffb8697e9defae1742b3288,facb7b52a74adceb41da1229d5eb6d1f,2019-10-07T16:17:20,['http://dbpedia.org/resource/John_McCain'],[]
f5e34a0fc931142ffb8697e9defae1742b7574,bbe6c94be66ad28c1d3c0087d1d9ba8c,2019-10-07T18:00:54,['http://dbpedia.org/resource/Twix'],[]
f5e34a0fc931142ffb8697e9defae1742b23750,c64620206cffa8af5a7920dbdbe13936,2019-10-08T01:05:14,['http://dbpedia.org/resource/Twitter'],[]
f5e34a0fc931142ffb8697e9defae1742b19700,c154e1e8946199577e6055d5608b0b10,2019-10-07T23:10:06,['http://dbpedia.org/resource/Middle_East'],[]
f5e34a0fc931142ffb8697e9defae1742b34635,d8aef9c5f695f89cc3476ffb66a428ac,2019-10-08T06:41:16,['http://dbpedia.org/resource/Random_act_of_kindness'],[]
f5e34a0fc931142ffb8697e9defae1742b23568,71baeafa5763d0a5501dbadfb0e8690a,2019-10-08T00:59:48,['http://dbpedia.org/resource/Imma'],[]
f5e34a0fc931142ffb8697e9defae1742b16325,9182896ce0233f3eee3386f54eb2fae2,2019-10-07T21:40:40,"['http://dbpedia.org/resource/Donald_Trump', 'http://dbpedia.org/resource/Nice']",[]
f5e34a0fc931142ffb8697e9defae1742b6197,d7f2b257c92c0dc449bc3d1cfea7f4bd,2019-10-07T17:28:53,"['http://dbpedia.org/resource/Diwali', 'http://dbpedia.org/resource/Flagship']",[]
f5e34a0fc931142ffb8697e9defae1742b22946,805a1d207d65cd1c71eaf9eb3860f2b4,2019-10-08T00:41:30,['http://dbpedia.org/resource/Pop_Warner'],[]
f5e34a0fc931142ffb8697e9defae1742b15050,2b18bcf0c22f70308d994639b97f4d33,2019-10-07T21:05:17,['http://dbpedia.org/resource/Jonas_Brothers'],[]
f5e34a0fc931142ffb8697e9defae1742b29719,121a6dfb2d47914776dcf5eb7473f62c,2019-10-08T03:54:18,"['http://dbpedia.org/resource/Donald_Trump', 'http://dbpedia.org/resource/National_Rifle_Association']",[]
f5e34a0fc931142ffb8697e9defae1742b33128,ffe7d74c3f3ab4f9a5975ba06c2146b0,2019-10-08T05:39:37,['http://dbpedia.org/resource/Imma'],[]
f5e34a0fc931142ffb8697e9defae1742b32618,817c60688b09fdd8e096546e47089d73,2019-10-08T05:22:15,"['http://dbpedia.org/resource/Exhibition_game', 'http://dbpedia.org/resource/Gleyber_Torres']",[]
f5e34a0fc931142ffb8697e9defae1742b12670,3b97747509afb8df94135ff4451149ff,2019-10-07T20:12:51,['http://dbpedia.org/resource/Simone_Biles'],[]
f5e34a0fc931142ffb8697e9defae1742b12890,07c2dc1ba2b4acbd5dc646834c6484a9,2019-10-07T20:17:16,['http://dbpedia.org/resource/National_Basketball_Association'],[]
f5e34a0fc931142ffb8697e9defae1742b27369,5b1b4d055daa43b84bec5f131e3d41ca,2019-10-08T02:46:25,['http://dbpedia.org/resource/Asylum_seeker'],[]
f5e34a0fc931142ffb8697e9defae1742b15775,ba1ce1eca9b03b4ba338c3a157e610c2,2019-10-07T21:27:15,['http://dbpedia.org/resource/Cardi_B'],[]
f5e34a0fc931142ffb8697e9defae1742b23162,83d9d4f394eb46b80cf81c51e50963d6,2019-10-08T00:47:43,['http://dbpedia.org/resource/Edward_Norton'],[]
f5e34a0fc931142ffb8697e9defae1742b15273,4af9f7d33dbdfe0edcfbffcc79df1b53,2019-10-07T21:12:03,['http://dbpedia.org/resource/The_Muppets'],[]
f5e34a0fc931142ffb8697e9defae1742b8475,cb9412da51b778c1617afc6d32957759,2019-10-07T18:18:54,['http://dbpedia.org/resource/Top_40'],[]
f5e34a0fc931142ffb8697e9defae1742b24085,216682f6dbf99e9a4d4153ccca2f0862,2019-10-08T01:13:56,"['http://dbpedia.org/resource/BTS', 'http://dbpedia.org/resource/Jungkook']",[]
f5e34a0fc931142ffb8697e9defae1742b6022,a7695afe0af0dc6968110e13e45c2e06,2019-10-07T17:24:22,['http://dbpedia.org/resource/Amazon_Kindle'],[]
f5e34a0fc931142ffb8697e9defae1742b35739,00b1285d753f34d7fe29e265d8ad3fb5,2019-10-08T07:29:51,['http://dbpedia.org/resource/Twitter'],[]
f5e34a0fc931142ffb8697e9defae1742b5083,8722fc7622dabd56fb7fc41262ddb0b9,2019-10-07T17:00:45,['http://dbpedia.org/resource/Golf'],[]
f5e34a0fc931142ffb8697e9defae1742b13906,b337dd51507aa36756f4a1fe89a1f9aa,2019-10-07T20:41:34,['http://dbpedia.org/resource/Poshmark'],[]
f5e34a0fc931142ffb8697e9defae1742b29014,1d084dacb76c3d864f378044b2b1bbcd,2019-10-08T03:35:05,['http://dbpedia.org/resource/Rapping'],[]
f5e34a0fc931142ffb8697e9defae1742b11604,fabac272e8e462f115dbd2054f1aeb21,2019-10-07T19:45:25,['http://dbpedia.org/resource/Twitter'],[]
f5e34a0fc931142ffb8697e9defae1742b8650,769294a8ac07b6a3ddf00814d8f15a91,2019-10-07T18:23:04,['http://dbpedia.org/resource/Ohio'],[]
f5e34a0fc931142ffb8697e9defae1742b33330,30db2cb15d28242fd581c18476c36469,2019-10-08T05:45:46,['http://dbpedia.org/resource/Twitter'],[]
f5e34a0fc931142ffb8697e9defae1742b19418,fccd4c7120b656b0bd4cda0d836e087c,2019-10-07T23:02:45,['http://dbpedia.org/resource/Midfielder'],[]
f5e34a0fc931142ffb8697e9defae1742b32667,98f7c542302b1ccf3342fb480aeb16ad,2019-10-08T05:24:21,['http://dbpedia.org/resource/The_Sydney_Morning_Herald'],[]
f5e34a0fc931142ffb8697e9defae1742b276,c923ac369fc4284ea4b9a524d9d0a62f,2019-10-07T14:53:06,['http://dbpedia.org/resource/YouTube'],[]
f5e34a0fc931142ffb8697e9defae1742b18486,827173675fae107a8704d9926086d54a,2019-10-07T22:38:44,['http://dbpedia.org/resource/The_Atlantic'],[]
f5e34a0fc931142ffb8697e9defae1742b974,f5a5877dd010fd4a251235d38978bbde,2019-10-07T15:12:33,['http://dbpedia.org/resource/CBS'],[]
f5e34a0fc931142ffb8697e9defae1742b8326,9e5f93f6e718f4707d179d5767ad35a5,2019-10-07T18:16:03,['http://dbpedia.org/resource/Alberta'],[]
f5e34a0fc931142ffb8697e9defae1742b12679,5d7c30aa8a4ba1a32f15aac9032cf16f,2019-10-07T20:12:57,['http://dbpedia.org/resource/Waffle_House'],[]
f5e34a0fc931142ffb8697e9defae1742b21994,1cf80e9c5160e495f89b9c01d6bb514f,2019-10-08T00:17:46,['http://dbpedia.org/resource/Fox_News'],[]
f5e34a0fc931142ffb8697e9defae1742b30054,536eb9c5c5284ed38a807ba937503915,2019-10-08T04:03:28,['http://dbpedia.org/resource/The_Sydney_Morning_Herald'],[]
f5e34a0fc931142ffb8697e9defae1742b32130,42a3d63647d972d5fe9b34c9fafcafdd,2019-10-08T05:04:39,['http://dbpedia.org/resource/Latin'],[]
f5e34a0fc931142ffb8697e9defae1742b6480,239db8d3aeb32e311a819c664211348e,2019-10-07T17:33:43,['http://dbpedia.org/resource/Spotify'],[]
f5e34a0fc931142ffb8697e9defae1742b20337,7cb1270734f5553140c8ac760898b9c4,2019-10-07T23:25:42,['http://dbpedia.org/resource/Hockey_East'],[]
f5e34a0fc931142ffb8697e9defae1742b2890,9449a8e760123629ebcb34bcf1357c9f,2019-10-07T16:08:09,['http://dbpedia.org/resource/Nintendo'],[]
f5e34a0fc931142ffb8697e9defae1742b25437,8673348100b2ed5c01bc379bdeeab7ef,2019-10-08T01:51:25,['http://dbpedia.org/resource/Imma'],[]
f5e34a0fc931142ffb8697e9defae1742b36619,e2b7dba377bd9d09bcb918107f9db45f,2019-10-08T08:15:00,['http://dbpedia.org/resource/Gretchen_Whitmer'],[]
f5e34a0fc931142ffb8697e9defae1742b22998,4abc937f934c473db40e4c0a662940b4,2019-10-08T00:42:50,['http://dbpedia.org/resource/Ho_Chi_Minh_City'],[]
f5e34a0fc931142ffb8697e9defae1742b4680,4a70ec25a2e13517a4b2119b6c218ca4,2019-10-07T16:48:50,['http://dbpedia.org/resource/Bernie_Sanders'],[]
f5e34a0fc931142ffb8697e9defae1742b12687,9e11f568942421947b8c7d31ac12c3b6,2019-10-07T20:13:04,['http://dbpedia.org/resource/GameStop'],[]
f5e34a0fc931142ffb8697e9defae1742b21142,98dc668c577730aecc386496711a3700,2019-10-07T23:51:53,"['http://dbpedia.org/resource/Computer-aided_design', 'http://dbpedia.org/resource/Twitter']",[]
f5e34a0fc931142ffb8697e9defae1742b7316,ecaa0b1f8019fed79ed360e20fa7f7c3,2019-10-07T17:56:39,['http://dbpedia.org/resource/President_of_the_United_States'],[]
f5e34a0fc931142ffb8697e9defae1742b30552,e5d26f54b0b9f0d0228da8a88089b533,2019-10-08T04:19:18,['http://dbpedia.org/resource/Performance-enhancing_substance'],[]
f5e34a0fc931142ffb8697e9defae1742b17398,88bbae4067582260937c5cd016cc3dfc,2019-10-07T22:12:28,['http://dbpedia.org/resource/Social_media'],[]
f5e34a0fc931142ffb8697e9defae1742b14390,d9d7ae13aa02b1b9ad1e807cb8fe71d9,2019-10-07T20:50:38,['http://dbpedia.org/resource/Twitter'],[]
f5e34a0fc931142ffb8697e9defae1742b10966,7b71930df29992d423298f2f45c5e683,2019-10-07T19:26:07,['http://dbpedia.org/resource/Twitter'],[]
f5e34a0fc931142ffb8697e9defae1742b120,3e49e4e6c3b2dbc341e3e7f87b0dbe46,2019-10-07T14:48:31,['http://dbpedia.org/resource/Intel'],[]
f5e34a0fc931142ffb8697e9defae1742b36252,3cca7be9a8814ed6b9aa7cb5be5478d5,2019-10-08T07:56:47,['http://dbpedia.org/resource/Police_officer'],[]
f5e34a0fc931142ffb8697e9defae1742b17807,0f49dc632386ed2fa27c0c2a67e75532,2019-10-07T22:21:20,['http://dbpedia.org/resource/Apple_Inc.'],[]
f5e34a0fc931142ffb8697e9defae1742b32325,5d5aa266287a2f4cb96802601d170750,2019-10-08T05:12:13,"['http://dbpedia.org/resource/Chuck_Todd', 'http://dbpedia.org/resource/Fox_News']",[]
f5e34a0fc931142ffb8697e9defae1742b31577,1069c3e38140d39039237202f7e9aadf,2019-10-08T04:46:15,"['http://dbpedia.org/resource/North_Carolina_Highway_24', 'http://dbpedia.org/resource/Racism']",[]
f5e34a0fc931142ffb8697e9defae1742b32409,6195ee9f5d1381384240fba6b72f4985,2019-10-08T05:14:00,['http://dbpedia.org/resource/Coming_out'],[]
f5e34a0fc931142ffb8697e9defae1742b26005,f9338356a76d90a3243453a7c7f92a43,2019-10-08T02:08:22,['http://dbpedia.org/resource/ESPN'],[]
f5e34a0fc931142ffb8697e9defae1742b31089,e47f3fb8e79d259f54ae60cff712a574,2019-10-08T04:31:18,['http://dbpedia.org/resource/The_WB'],[]
f5e34a0fc931142ffb8697e9defae1742b5443,ab80bf4bc7d6f86f80b189b457f96ac1,2019-10-07T17:11:20,['http://dbpedia.org/resource/Saudi_Arabia'],[]
f5e34a0fc931142ffb8697e9defae1742b15100,f62719c463a2b9ff2081b02bcc0a2f49,2019-10-07T21:06:21,['http://dbpedia.org/resource/Midfielder'],[]
f5e34a0fc931142ffb8697e9defae1742b35788,4ecbf1f07f4b3684c34615f60d6b7332,2019-10-08T07:31:40,['http://dbpedia.org/resource/Social_media'],[]
f5e34a0fc931142ffb8697e9defae1742b2582,abbd5c9036b5db762f48dadd568dcff9,2019-10-07T16:01:10,['http://dbpedia.org/resource/Sweden'],[]
f5e34a0fc931142ffb8697e9defae1742b24326,e2b2f0689a0b75110c6101107293320f,2019-10-08T01:19:18,['http://dbpedia.org/resource/All-America'],[]
f5e34a0fc931142ffb8697e9defae1742b2036,c36dc3dd08834944f7a52d6a6820fd3b,2019-10-07T15:45:37,['http://dbpedia.org/resource/Hulk_Hogan'],[]
f5e34a0fc931142ffb8697e9defae1742b2442,72ef506c3764b54a42a2a3ff48004472,2019-10-07T15:58:18,"['http://dbpedia.org/resource/BTS', 'http://dbpedia.org/resource/Castilian_Party']",[]
f5e34a0fc931142ffb8697e9defae1742b19391,ef1b5d6c1538b8118c00f4bc72f91e02,2019-10-07T23:02:12,['http://dbpedia.org/resource/Impeachment'],[]
f5e34a0fc931142ffb8697e9defae1742b26466,1b149e5e66cf9c62de1b1baa289f501f,2019-10-08T02:20:49,"['http://dbpedia.org/resource/NBC', 'http://dbpedia.org/resource/Perpetual_war']",[]
f5e34a0fc931142ffb8697e9defae1742b35297,97285644164694a483412ed100ce9b23,2019-10-08T07:09:34,['http://dbpedia.org/resource/YouTube'],[]
f5e34a0fc931142ffb8697e9defae1742b18817,e266a73aedf4092c08170f1040b4bc85,2019-10-07T22:46:53,['http://dbpedia.org/resource/Twitter'],[]
f5e34a0fc931142ffb8697e9defae1742b4132,110c46d628c4ea12fa16f5df5fc534b9,2019-10-07T16:34:50,['http://dbpedia.org/resource/Volvo'],[]
f5e34a0fc931142ffb8697e9defae1742b15367,06d09c9fc608d5478c68b74a60f5f564,2019-10-07T21:14:32,['http://dbpedia.org/resource/Trick-or-treating'],[]
f5e34a0fc931142ffb8697e9defae1742b18494,75e71bb950626409ae87dbe30352a4a1,2019-10-07T22:39:03,['http://dbpedia.org/resource/YouTube'],[]
f5e34a0fc931142ffb8697e9defae1742b4730,87169c5ce8f6493967507b1ce45966d6,2019-10-07T16:50:06,['http://dbpedia.org/resource/Google_Maps'],[]
f5e34a0fc931142ffb8697e9defae1742b10900,9f59724aa352d57b4751ddc8c33e489e,2019-10-07T19:22:35,['http://dbpedia.org/resource/YouTube'],[]
f5e34a0fc931142ffb8697e9defae1742b10270,4220469c4b57a581bc38fdaa39a93f2d,2019-10-07T19:01:59,['http://dbpedia.org/resource/North_Wales'],[]
f5e34a0fc931142ffb8697e9defae1742b29606,fa36d2554ad1bf1bf6a9cd059e066099,2019-10-08T03:52:18,"['http://dbpedia.org/resource/Bidens', 'http://dbpedia.org/resource/Defensively_equipped_merchant_ship']",[]
f5e34a0fc931142ffb8697e9defae1742b16697,f6cefffc3cdefc7b80a7f7d40745f463,2019-10-07T21:51:03,['http://dbpedia.org/resource/NFC_South'],[]
f5e34a0fc931142ffb8697e9defae1742b18062,53205d583fa98cd3e88591f72ae1568a,2019-10-07T22:28:25,['http://dbpedia.org/resource/Jennifer_Garner'],[]
f5e34a0fc931142ffb8697e9defae1742b35334,261547248581136835791ed940bdba9d,2019-10-08T07:10:45,['http://dbpedia.org/resource/India'],[]
f5e34a0fc931142ffb8697e9defae1742b10594,fc660acb4d3303639044bbf0cb285ad7,2019-10-07T19:11:50,"['http://dbpedia.org/resource/Meek_Mill', 'http://dbpedia.org/resource/Robert_Kraft']",[]
f5e34a0fc931142ffb8697e9defae1742b34182,551ce3138f036180ab321052eb08c9c7,2019-10-08T06:18:07,['http://dbpedia.org/resource/Jungkook'],[]
f5e34a0fc931142ffb8697e9defae1742b3124,f0847c66e7ce4557c977a62faa4c2207,2019-10-07T16:12:51,['http://dbpedia.org/resource/Colorado_Rockies'],[]
f5e34a0fc931142ffb8697e9defae1742b8948,b21e40d6e7a334ae4f0cbf5ae1bbc973,2019-10-07T18:28:40,['http://dbpedia.org/resource/Walmart'],[]
f5e34a0fc931142ffb8697e9defae1742b10327,8fb1f30803204cc90651c69806d14882,2019-10-07T19:03:18,['http://dbpedia.org/resource/Ireland'],[]
f5e34a0fc931142ffb8697e9defae1742b11805,09fa48ede1ef266ba27f26f68387090c,2019-10-07T19:53:29,['http://dbpedia.org/resource/Twitter'],[]
f5e34a0fc931142ffb8697e9defae1742b22481,6f9a2e8f2cc276208bab4f432da90702,2019-10-08T00:29:41,['http://dbpedia.org/resource/Eating_disorder'],[]
f5e34a0fc931142ffb8697e9defae1742b28344,efb288d03e2d13f1f75d940872b07d97,2019-10-08T03:15:43,['http://dbpedia.org/resource/East_Africa_Time'],[]
f5e34a0fc931142ffb8697e9defae1742b9309,a7dbece09a449409397b02457f29a952,2019-10-07T18:37:51,['http://dbpedia.org/resource/Tim_McGraw'],[]
f5e34a0fc931142ffb8697e9defae1742b21272,4faa1cc0d2c60f553cd99c0329f39405,2019-10-07T23:55:00,"['http://dbpedia.org/resource/Bidens', 'http://dbpedia.org/resource/Rick_Perry']",[]
f5e34a0fc931142ffb8697e9defae1742b36193,068e68374fa8d16b9bcb6880e527a7af,2019-10-08T07:55:25,['http://dbpedia.org/resource/Castilian_Party'],[]
f5e34a0fc931142ffb8697e9defae1742b13708,7c717353fce044274c97b37e177aaf91,2019-10-07T20:36:17,['http://dbpedia.org/resource/Investigative_journalism'],[]
f5e34a0fc931142ffb8697e9defae1742b33481,31bf02ca2c1e529c762a709cd0d87766,2019-10-08T05:50:09,['http://dbpedia.org/resource/President_of_the_United_States'],[]
f5e34a0fc931142ffb8697e9defae1742b5016,37fcf99ecc13867a59c22040b785f324,2019-10-07T16:58:24,['http://dbpedia.org/resource/Major_League_Baseball'],[]
f5e34a0fc931142ffb8697e9defae1742b208,a4a1f1c39d2981d839ca888fe3b833d4,2019-10-07T14:52:21,['http://dbpedia.org/resource/Twitter'],[]
f5e34a0fc931142ffb8697e9defae1742b17414,48ab6a58fd920a4055d77aadb9faeee2,2019-10-07T22:13:12,['http://dbpedia.org/resource/Twitter'],[]
f5e34a0fc931142ffb8697e9defae1742b27543,8ce60120fc8e02b60413abdff489ba50,2019-10-08T02:51:16,"['http://dbpedia.org/resource/Syria', 'http://dbpedia.org/resource/United_States_Navy_SEALs']",[]
f5e34a0fc931142ffb8697e9defae1742b32628,07a856c3f86220241801e70d0368912c,2019-10-08T05:22:44,['http://dbpedia.org/resource/Racism'],[]
f5e34a0fc931142ffb8697e9defae1742b10802,5e0e6aec66a4ede166b45ffb48dc6146,2019-10-07T19:19:02,['http://dbpedia.org/resource/Racism'],[]
f5e34a0fc931142ffb8697e9defae1742b28959,c57730d10a9b23ca6c1c15d170c457c8,2019-10-08T03:34:11,['http://dbpedia.org/resource/Heart_of_Midlothian_F.C.'],[]
f5e34a0fc931142ffb8697e9defae1742b12125,c46666b4a38b025e5939ccbb85fdf858,2019-10-07T20:02:42,['http://dbpedia.org/resource/Pakistan'],[]
f5e34a0fc931142ffb8697e9defae1742b12828,64601eaef9d2bd0c27a8121d0ca6d74c,2019-10-07T20:15:28,['http://dbpedia.org/resource/Filling_station'],[]
f5e34a0fc931142ffb8697e9defae1742b5638,cbb7ef7c18e5019be9a41045d29d9bac,2019-10-07T17:15:38,['http://dbpedia.org/resource/Midfielder'],[]
f5e34a0fc931142ffb8697e9defae1742b16684,c223d98dbccee86aeba407232d36916b,2019-10-07T21:50:53,['http://dbpedia.org/resource/Daily_Mail'],[]
f5e34a0fc931142ffb8697e9defae1742b15202,3fc75ad2641a907fbd1129742e3e3fd9,2019-10-07T21:09:21,['http://dbpedia.org/resource/Candy_corn'],[]
f5e34a0fc931142ffb8697e9defae1742b1735,4c7df302204c060617381f559f909c6e,2019-10-07T15:35:55,['http://dbpedia.org/resource/Gun_violence'],[]
f5e34a0fc931142ffb8697e9defae1742b23475,cb940b7b5e7d28dea1ec59a4807d3a73,2019-10-08T00:56:21,"['http://dbpedia.org/resource/MarketWatch', 'http://dbpedia.org/resource/Personal_finance']",[]
f5e34a0fc931142ffb8697e9defae1742b17702,3963b75dcf5a6e856f24bd3e91d1c268,2019-10-07T22:18:13,['http://dbpedia.org/resource/6ix9ine'],[]
f5e34a0fc931142ffb8697e9defae1742b480,375b9e78e87ad7e1dc6ee185bf5517c7,2019-10-07T14:58:01,['http://dbpedia.org/resource/Grits'],[]
f5e34a0fc931142ffb8697e9defae1742b32359,239917481e436e66e85811609284fcf7,2019-10-08T05:13:08,['http://dbpedia.org/resource/Trump_Tower'],[]
f5e34a0fc931142ffb8697e9defae1742b20140,fb8b7ea32baa734719839917831b54f7,2019-10-07T23:21:11,['http://dbpedia.org/resource/Nice'],[]
f5e34a0fc931142ffb8697e9defae1742b21374,d91a812617d438fbe4711277e32f3912,2019-10-07T23:58:42,['http://dbpedia.org/resource/Coffee'],[]
f5e34a0fc931142ffb8697e9defae1742b15210,d888107d7544802dd0532388c214f85f,2019-10-07T21:09:42,['http://dbpedia.org/resource/Twitter'],[]
f5e34a0fc931142ffb8697e9defae1742b27904,f6c076477b5b26048f8afb71b10856a8,2019-10-08T03:00:53,['http://dbpedia.org/resource/Normani'],[]
f5e34a0fc931142ffb8697e9defae1742b29511,3cde96e9d2801c4bb39dc164ae0c1a05,2019-10-08T03:49:18,['http://dbpedia.org/resource/Urban_Dictionary'],[]
f5e34a0fc931142ffb8697e9defae1742b16920,3c5871207aff1718ecfaa45619589b93,2019-10-07T22:00:02,['http://dbpedia.org/resource/Experian'],[]
f5e34a0fc931142ffb8697e9defae1742b33119,cb831213c46f2a04e1c757ba6d892bb0,2019-10-08T05:39:17,['http://dbpedia.org/resource/Atlantic_Coast_Conference'],[]
f5e34a0fc931142ffb8697e9defae1742b23596,807dd3cc6a7c43be664691445640ae52,2019-10-08T01:00:29,['http://dbpedia.org/resource/Nissan_Altima'],[]
f5e34a0fc931142ffb8697e9defae1742b7631,63e1dfafd9cd56f7c2d4dfe4976cbb96,2019-10-07T18:01:22,"['http://dbpedia.org/resource/Sahara_Reporters', 'http://dbpedia.org/resource/Sexual_harassment']",[]
f5e34a0fc931142ffb8697e9defae1742b31098,4b9287becbd89fc5324fbcc92c85a3ee,2019-10-08T04:31:26,"['http://dbpedia.org/resource/Extinction_Rebellion', 'http://dbpedia.org/resource/YouTube']",[]
f5e34a0fc931142ffb8697e9defae1742b4490,76d2abdb89d467f24210e3f4c0f3aee0,2019-10-07T16:44:11,['http://dbpedia.org/resource/PizzaExpress'],[]
f5e34a0fc931142ffb8697e9defae1742b33939,6b6d0249706a1d809b428018a47d7869,2019-10-08T06:07:39,['http://dbpedia.org/resource/Apple_Inc.'],[]
f5e34a0fc931142ffb8697e9defae1742b3594,b6831653acc327aff8497b98daf4aa6b,2019-10-07T16:24:34,['http://dbpedia.org/resource/Destiny_2'],[]
f5e34a0fc931142ffb8697e9defae1742b35611,ec07bbe4438d7604a461a7735ae9bcdf,2019-10-08T07:22:38,['http://dbpedia.org/resource/Heart_of_Midlothian_F.C.'],[]
f5e34a0fc931142ffb8697e9defae1742b36508,942fb5ef02010f7ac8e33d76edf30fb5,2019-10-08T08:11:29,['http://dbpedia.org/resource/Robert_Lewandowski'],[]
f5e34a0fc931142ffb8697e9defae1742b17114,5c13d912e949b4264cf6eb9d167fcd97,2019-10-07T22:03:09,['http://dbpedia.org/resource/Fox_Broadcasting_Company'],[]
f5e34a0fc931142ffb8697e9defae1742b30945,795811d1e68f04902fd88ea82f49c36b,2019-10-08T04:27:56,"['http://dbpedia.org/resource/Lyon', 'http://dbpedia.org/resource/Peanut_butter']",[]
f5e34a0fc931142ffb8697e9defae1742b31399,32e1c5ee7d640b07105dac34d7df56dc,2019-10-08T04:39:54,['http://dbpedia.org/resource/Global_News'],[]
f5e34a0fc931142ffb8697e9defae1742b714,7b0ed858305dcbbeca81f0ad4935aad6,2019-10-07T15:03:30,"['http://dbpedia.org/resource/BTS', 'http://dbpedia.org/resource/East_Africa_Time']",[]
f5e34a0fc931142ffb8697e9defae1742b10030,0fcb4f7716d736f851ff9cacda5cc0ec,2019-10-07T18:55:31,['http://dbpedia.org/resource/Jimmy_Carter'],[]
f5e34a0fc931142ffb8697e9defae1742b20612,0d608d430ae6cb3832309907a8e98670,2019-10-07T23:32:45,['http://dbpedia.org/resource/Palestinians'],[]
f5e34a0fc931142ffb8697e9defae1742b27808,8598ca20323ee7c8a2742f1c1d81833d,2019-10-08T02:57:39,['http://dbpedia.org/resource/Nice'],[]
f5e34a0fc931142ffb8697e9defae1742b15176,f04f3a61414af9467ed59e53079f2f28,2019-10-07T21:08:55,['http://dbpedia.org/resource/Central_Intelligence_Agency'],[]
f5e34a0fc931142ffb8697e9defae1742b4935,f94d91f4b0cd15b56fc4220c563e5acc,2019-10-07T16:55:55,['http://dbpedia.org/resource/Iron_Man'],[]
f5e34a0fc931142ffb8697e9defae1742b20157,cd904d5c65d27e0eef423eb65e40c0d8,2019-10-07T23:21:31,['http://dbpedia.org/resource/Twitter'],[]
f5e34a0fc931142ffb8697e9defae1742b14812,7c390d8742261f7e1d4a2f4901cb59b5,2019-10-07T21:00:08,['http://dbpedia.org/resource/Spotify'],[]
f5e34a0fc931142ffb8697e9defae1742b728,0d745f0e1759a446e0dd8c9632a19fc5,2019-10-07T15:04:00,"['http://dbpedia.org/resource/MLB_Network', 'http://dbpedia.org/resource/Twitter']",[]
f5e34a0fc931142ffb8697e9defae1742b9249,5f9c1d953427f3dbfb28b0799a056f4c,2019-10-07T18:36:49,['http://dbpedia.org/resource/Imma'],[]
f5e34a0fc931142ffb8697e9defae1742b28531,87408be0c256e8d571fb0b578e9d6549,2019-10-08T03:23:10,['http://dbpedia.org/resource/Jared_Leto'],[]
f5e34a0fc931142ffb8697e9defae1742b14374,835ad7b8ce341ab0bb6b3e4859756cf9,2019-10-07T20:49:55,['http://dbpedia.org/resource/Johnny_Depp'],[]
f5e34a0fc931142ffb8697e9defae1742b86,551b07726ebd1945cb30fbb08070629f,2019-10-07T14:47:07,"['http://dbpedia.org/resource/Impeachment', 'http://dbpedia.org/resource/Kentucky', 'http://dbpedia.org/resource/Moscow']",[]
f5e34a0fc931142ffb8697e9defae1742b29373,8185c25e1a7b1c7d8480aeb3072ad793,2019-10-08T03:45:56,"['http://dbpedia.org/resource/BTS', 'http://dbpedia.org/resource/Twitter']",[]
f5e34a0fc931142ffb8697e9defae1742b5931,7935d85f6341ca5f2a3e7d4a79fcb487,2019-10-07T17:22:44,"['http://dbpedia.org/resource/Chicago', 'http://dbpedia.org/resource/Dallas']",[]
f5e34a0fc931142ffb8697e9defae1742b13995,a3564afcd264e1a012f8078a012ce616,2019-10-07T20:42:32,"['http://dbpedia.org/resource/Social_media', 'http://dbpedia.org/resource/Twitter']",[]
f5e34a0fc931142ffb8697e9defae1742b25494,5415f64ddcb03dd63ed12a5e84f8d7fd,2019-10-08T01:53:26,['http://dbpedia.org/resource/Gwyneth_Paltrow'],[]
f5e34a0fc931142ffb8697e9defae1742b19234,7a62a84ce750a3e61541974c115bd786,2019-10-07T22:57:30,['http://dbpedia.org/resource/Ozzie_Albies'],[]
f5e34a0fc931142ffb8697e9defae1742b23576,befb6d82cea7fb6480576bbaa066327d,2019-10-08T01:00:11,['http://dbpedia.org/resource/YouTube'],[]
f5e34a0fc931142ffb8697e9defae1742b21337,aed415f786c6aacdd561a78e5fc3780b,2019-10-07T23:57:31,['http://dbpedia.org/resource/Snorkeling'],[]
f5e34a0fc931142ffb8697e9defae1742b2196,49197cda4d19a0a5975212efcff2b332,2019-10-07T15:50:13,['http://dbpedia.org/resource/Utah'],[]
f5e34a0fc931142ffb8697e9defae1742b11183,6a8fedb61ba0d40c0dd6fd626f8222ed,2019-10-07T19:32:57,['http://dbpedia.org/resource/Melbourne'],[]
f5e34a0fc931142ffb8697e9defae1742b23084,53a99e1799d38f3637056a8f0a62d3ef,2019-10-08T00:45:32,"['http://dbpedia.org/resource/Gun_control', 'http://dbpedia.org/resource/Second_Amendment_to_the_United_States_Constitution']",[]
f5e34a0fc931142ffb8697e9defae1742b1660,4d321f5f25008cd2dbfa0489961c24ae,2019-10-07T15:33:17,['http://dbpedia.org/resource/Instagram'],[]
f5e34a0fc931142ffb8697e9defae1742b16613,950157940201ff5c3bbc239278e52aaa,2019-10-07T21:49:00,['http://dbpedia.org/resource/Party_leaders_of_the_United_States_Senate'],[]
f5e34a0fc931142ffb8697e9defae1742b31108,7dd889d531f73c84eb0a4685973059fa,2019-10-08T04:31:48,"['http://dbpedia.org/resource/Kurds_in_Syria', 'http://dbpedia.org/resource/Susan_Rice']",[]
f5e34a0fc931142ffb8697e9defae1742b16586,7dda108aef4aa2225c8e4e17528edfdd,2019-10-07T21:48:26,['http://dbpedia.org/resource/Tropical_savanna_climate'],[]
f5e34a0fc931142ffb8697e9defae1742b26112,a79d0db008a29d028c04d52721052016,2019-10-08T02:11:22,['http://dbpedia.org/resource/Nintendo_Entertainment_System'],[]
f5e34a0fc931142ffb8697e9defae1742b17435,a1601f8de25496f10de6ce7b382c614b,2019-10-07T22:13:27,"['http://dbpedia.org/resource/Donald_Trump', 'http://dbpedia.org/resource/First-class_cricket']",[]
f5e34a0fc931142ffb8697e9defae1742b11191,1bdcd56d5ca09e452d993da0e56e3d46,2019-10-07T19:33:00,"['http://dbpedia.org/resource/Manchester_City_F.C.', 'http://dbpedia.org/resource/Manchester_United_F.C.']",[]
f5e34a0fc931142ffb8697e9defae1742b28863,6150ead1f310ddf2e6eea2e9c6b40abe,2019-10-08T03:31:08,['http://dbpedia.org/resource/Marlon_Humphrey'],[]
f5e34a0fc931142ffb8697e9defae1742b12070,b23d201ebae8ed892eff106cd1c91e0f,2019-10-07T20:00:21,"['http://dbpedia.org/resource/Midfielder', 'http://dbpedia.org/resource/PayPal']",[]
f5e34a0fc931142ffb8697e9defae1742b706,e43b5bb602048c81b80ebcbf5fe6a4d1,2019-10-07T15:02:58,['http://dbpedia.org/resource/Jay_Gruden'],[]
f5e34a0fc931142ffb8697e9defae1742b14141,df3ed0b3845171abb074efd5373b3919,2019-10-07T20:45:25,['http://dbpedia.org/resource/Narcissism'],[]
f5e34a0fc931142ffb8697e9defae1742b35663,bcaa5e112b6572bd4d6af69592e8907a,2019-10-08T07:25:11,['http://dbpedia.org/resource/Texas_Roadhouse'],[]
f5e34a0fc931142ffb8697e9defae1742b17694,f1e85aa0143d7ff9c33ca0e111bd17db,2019-10-07T22:18:02,['http://dbpedia.org/resource/KFC'],[]
f5e34a0fc931142ffb8697e9defae1742b25970,7ba38e0c030a8037dcb19e57c1475534,2019-10-08T02:07:56,['http://dbpedia.org/resource/Pakistan'],[]
f5e34a0fc931142ffb8697e9defae1742b14717,73eca90d35d942c2ff66ea8d4474c085,2019-10-07T20:57:41,"['http://dbpedia.org/resource/New_Zealand_national_rugby_union_team', 'http://dbpedia.org/resource/Twitter']",[]
f5e34a0fc931142ffb8697e9defae1742b625,838f7ea963fb903bded4ac0d317075e6,2019-10-07T15:00:54,['http://dbpedia.org/resource/Major_League_Soccer'],[]
f5e34a0fc931142ffb8697e9defae1742b4835,3046e4d66419f3693797c711423faaaa,2019-10-07T16:54:13,['http://dbpedia.org/resource/CNN'],[]
f5e34a0fc931142ffb8697e9defae1742b27575,ac31d3b957f55916b44d13921c976659,2019-10-08T02:51:55,['http://dbpedia.org/resource/Baker_Mayfield'],[]
f5e34a0fc931142ffb8697e9defae1742b29502,882bddb5e068e56936f17a495c9b311c,2019-10-08T03:49:05,['http://dbpedia.org/resource/Jihadism'],[]
f5e34a0fc931142ffb8697e9defae1742b14125,abd70a9b04fdf6be5c19967d8976258b,2019-10-07T20:45:15,['http://dbpedia.org/resource/Chief_executive_officer'],[]
f5e34a0fc931142ffb8697e9defae1742b9935,05563b2678f422df89ac7b244a257e18,2019-10-07T18:52:27,"['http://dbpedia.org/resource/Quarterback', 'http://dbpedia.org/resource/Tony_Award_for_Best_Play']",[]
f5e34a0fc931142ffb8697e9defae1742b16575,86add5141eac89b32b0b25a3668ed1ec,2019-10-07T21:48:01,"['http://dbpedia.org/resource/Atlanta_Braves', 'http://dbpedia.org/resource/Los_Angeles_Dodgers', 'http://dbpedia.org/resource/Major_League_Baseball', 'http://dbpedia.org/resource/St._Louis_Cardinals']",[]
f5e34a0fc931142ffb8697e9defae1742b26129,9bebeb7f63fdb590c2bfb4976c19f3c8,2019-10-08T02:11:43,"['http://dbpedia.org/resource/Broadway_theatre', 'http://dbpedia.org/resource/Netflix']",[]
f5e34a0fc931142ffb8697e9defae1742b32769,17e7bfebe211318201b6afdb595edc2a,2019-10-08T05:28:36,['http://dbpedia.org/resource/Susan_Rice'],[]
f5e34a0fc931142ffb8697e9defae1742b35944,9f1889a2707a62347c44779564ae2b70,2019-10-08T07:41:24,['http://dbpedia.org/resource/Haiti'],[]
f5e34a0fc931142ffb8697e9defae1742b13639,2296a25ea9090ef73aa47a668d06b129,2019-10-07T20:34:54,['http://dbpedia.org/resource/YouTube'],[]
f5e34a0fc931142ffb8697e9defae1742b29100,0c2b51bf8d55ebc82ec3887db293ed1d,2019-10-08T03:37:28,['http://dbpedia.org/resource/Nick_Bosa'],[]
f5e34a0fc931142ffb8697e9defae1742b33320,cd5935106f12333bbe26f51d5b0b9910,2019-10-08T05:45:44,['http://dbpedia.org/resource/Shooting_guard'],[]
f5e34a0fc931142ffb8697e9defae1742b18294,f68734c4970f7fce0afd415bfe2df55e,2019-10-07T22:32:53,['http://dbpedia.org/resource/Soulmate'],[]
f5e34a0fc931142ffb8697e9defae1742b925,086941a35bc9b408b9f5a324bdb09875,2019-10-07T15:11:32,['http://dbpedia.org/resource/Offensive_coordinator'],[]
f5e34a0fc931142ffb8697e9defae1742b9715,107c136c23b35a4581e762676dc8532e,2019-10-07T18:46:03,['http://dbpedia.org/resource/BBC'],[]
f5e34a0fc931142ffb8697e9defae1742b7717,e7505e9f89ca6d2acfe306b109f11fc7,2019-10-07T18:04:22,['http://dbpedia.org/resource/Charles_Barkley'],[]
f5e34a0fc931142ffb8697e9defae1742b10650,fa92a5229bce4f180bcf911db564f08c,2019-10-07T19:12:44,['http://dbpedia.org/resource/American_Broadcasting_Company'],[]
f5e34a0fc931142ffb8697e9defae1742b1310,e9a8f268004ec380fe7e5785f72d5c97,2019-10-07T15:22:06,['http://dbpedia.org/resource/Castilian_Party'],[]
f5e34a0fc931142ffb8697e9defae1742b11108,6e44181a640a326afcac5c1d1b188c76,2019-10-07T19:30:35,['http://dbpedia.org/resource/DNA'],[]
f5e34a0fc931142ffb8697e9defae1742b8665,b5192e5fe9cd7a3f80324586b11fe714,2019-10-07T18:23:21,['http://dbpedia.org/resource/Midfielder'],[]
f5e34a0fc931142ffb8697e9defae1742b19629,a4e9545dfa7fe1a7316970e0eb5c842c,2019-10-07T23:08:24,"['http://dbpedia.org/resource/Apple_Watch', 'http://dbpedia.org/resource/Ben_Roethlisberger', 'http://dbpedia.org/resource/National_Football_League']",[]
f5e34a0fc931142ffb8697e9defae1742b18871,48e9a7158c4e627b1b10a2c6a2586ba9,2019-10-07T22:47:24,['http://dbpedia.org/resource/Santa_Claus'],[]
f5e34a0fc931142ffb8697e9defae1742b8003,e34f6aaae2fea2cd870e84d5e039d25b,2019-10-07T18:09:15,"['http://dbpedia.org/resource/United_Parcel_Service', 'http://dbpedia.org/resource/United_States_Army', 'http://dbpedia.org/resource/United_States_Marine_Corps']",[]
f5e34a0fc931142ffb8697e9defae1742b27708,a240145ffb86ef6521e39b182b7d0905,2019-10-08T02:55:35,['http://dbpedia.org/resource/Astrological_sign'],[]
f5e34a0fc931142ffb8697e9defae1742b15091,d8254383b7f99801da4ae280ff303e0e,2019-10-07T21:06:11,['http://dbpedia.org/resource/Kansas'],[]
f5e34a0fc931142ffb8697e9defae1742b19692,43ce6ee46176d7ee81d39278727e7b0a,2019-10-07T23:09:59,['http://dbpedia.org/resource/Buffalo_wing'],[]
f5e34a0fc931142ffb8697e9defae1742b34802,9513c2626ff4fc7eda783527f6025870,2019-10-08T06:48:37,['http://dbpedia.org/resource/Netflix'],[]
f5e34a0fc931142ffb8697e9defae1742b20123,b42583a05b4477aec64466117adff43c,2019-10-07T23:21:00,['http://dbpedia.org/resource/Twitter'],[]
f5e34a0fc931142ffb8697e9defae1742b4480,c1ba5aa0f96cbf913abf4b44f9347a42,2019-10-07T16:43:52,"['http://dbpedia.org/resource/Dak_Prescott', 'http://dbpedia.org/resource/Quarterback', 'http://dbpedia.org/resource/Tony_Romo']",[]
f5e34a0fc931142ffb8697e9defae1742b4079,7a71f839017c8f3c305654a8096f9b91,2019-10-07T16:33:15,['http://dbpedia.org/resource/Midfielder'],[]
f5e34a0fc931142ffb8697e9defae1742b1835,6643522da97c70ec4e483acf492d8753,2019-10-07T15:39:02,['http://dbpedia.org/resource/Kate_Upton'],[]
f5e34a0fc931142ffb8697e9defae1742b36318,16ab1eba87fbe846a50494da005408f4,2019-10-08T08:00:28,"['http://dbpedia.org/resource/Kashmir', 'http://dbpedia.org/resource/Pakistan']",[]
f5e34a0fc931142ffb8697e9defae1742b32520,316a441f146489dcd53e3d3cf626f0d2,2019-10-08T05:16:43,['http://dbpedia.org/resource/Defensively_equipped_merchant_ship'],[]
f5e34a0fc931142ffb8697e9defae1742b33270,c945a46dc11d277b4bdf378ea8ded144,2019-10-08T05:45:07,"['http://dbpedia.org/resource/Bachelor_of_Science', 'http://dbpedia.org/resource/Presidency_of_Donald_Trump']",[]
f5e34a0fc931142ffb8697e9defae1742b10610,fe3ed6a8628f2eb3e243d7799466f6de,2019-10-07T19:12:13,"['http://dbpedia.org/resource/American_Broadcasting_Company', 'http://dbpedia.org/resource/Brett_Kavanaugh']",[]
f5e34a0fc931142ffb8697e9defae1742b8629,88284c7731a195f8f831895c917fc66a,2019-10-07T18:22:52,['http://dbpedia.org/resource/Xi_Jinping'],[]
f5e34a0fc931142ffb8697e9defae1742b19327,31701911325e2b49683f817c13f6c66e,2019-10-07T23:00:53,"['http://dbpedia.org/resource/Home_run', 'http://dbpedia.org/resource/Ozzie_Albies']",[]
f5e34a0fc931142ffb8697e9defae1742b3787,53227641a8cbe3130bca0f698d5a37b1,2019-10-07T16:28:31,['http://dbpedia.org/resource/Twitter'],[]
f5e34a0fc931142ffb8697e9defae1742b7466,4fd18c55f5ac84c62fd0ef2898166698,2019-10-07T18:00:03,['http://dbpedia.org/resource/Credit_card'],[]
f5e34a0fc931142ffb8697e9defae1742b14280,56ad1071cda51dd096564b5b4b8e6e99,2019-10-07T20:48:21,['http://dbpedia.org/resource/Syria'],[]
f5e34a0fc931142ffb8697e9defae1742b4421,af6c6375d42ed8f205b804eee25b415d,2019-10-07T16:42:15,['http://dbpedia.org/resource/Saudi_Arabia'],[]
f5e34a0fc931142ffb8697e9defae1742b8187,1d3dd77afe725d77b08b25d00e92f344,2019-10-07T18:12:41,['http://dbpedia.org/resource/Chief_executive_officer'],[]
f5e34a0fc931142ffb8697e9defae1742b30530,68ed79436f1a00a396d2026843edeb95,2019-10-08T04:18:30,['http://dbpedia.org/resource/Hamburger'],[]
f5e34a0fc931142ffb8697e9defae1742b31501,393b631ffed7997a0101facee61cf2bb,2019-10-08T04:43:12,['http://dbpedia.org/resource/Tropical_savanna_climate'],[]
f5e34a0fc931142ffb8697e9defae1742b29588,43d6f0e4cee9db9691888fe5c022351c,2019-10-08T03:51:26,['http://dbpedia.org/resource/Florida_Man'],[]
f5e34a0fc931142ffb8697e9defae1742b12788,b3342e79bb7e3fc28d86dfdd8a083298,2019-10-07T20:14:50,['http://dbpedia.org/resource/MacBook'],[]
f5e34a0fc931142ffb8697e9defae1742b19354,c5305cc7fec8063e42fab976807a1857,2019-10-07T23:01:33,['http://dbpedia.org/resource/Veganism'],[]
f5e34a0fc931142ffb8697e9defae1742b27183,a8c50b2d4858ce9f961feabf1f2a18b5,2019-10-08T02:42:56,['http://dbpedia.org/resource/Paris'],[]
f5e34a0fc931142ffb8697e9defae1742b2699,be175cab017453b2c48d3b663a9563f3,2019-10-07T16:03:35,['http://dbpedia.org/resource/Soul_music'],[]
f5e34a0fc931142ffb8697e9defae1742b20329,938bacd805b170c073e7387830ac8196,2019-10-07T23:25:32,['http://dbpedia.org/resource/Utah'],[]
f5e34a0fc931142ffb8697e9defae1742b10542,5c240d61a505871a538fe7a1699ddc8d,2019-10-07T19:10:50,['http://dbpedia.org/resource/The_Pentagon'],[]
f5e34a0fc931142ffb8697e9defae1742b22223,b364dfd6006346bc47defc6dd91d0e9a,2019-10-08T00:22:48,['http://dbpedia.org/resource/East_Africa_Time'],[]
f5e34a0fc931142ffb8697e9defae1742b15935,9a8f63627bffcc02410afcdbc86f7bc0,2019-10-07T21:30:30,['http://dbpedia.org/resource/Instagram'],[]
f5e34a0fc931142ffb8697e9defae1742b20445,3cfab8265d5eee4bd73abc01c6a736bd,2019-10-07T23:29:45,['http://dbpedia.org/resource/Snack'],[]
f5e34a0fc931142ffb8697e9defae1742b8877,73023980a8ea28899048fd246e64d121,2019-10-07T18:27:37,['http://dbpedia.org/resource/Nice'],[]
f5e34a0fc931142ffb8697e9defae1742b33717,cb0d2a7eee9752fa14f973f5a75ff8d8,2019-10-08T05:59:28,['http://dbpedia.org/resource/Tyga'],[]
f5e34a0fc931142ffb8697e9defae1742b15011,9f9e78b6491fd5b031cae558367a7b90,2019-10-07T21:03:27,"['http://dbpedia.org/resource/Fortnite', 'http://dbpedia.org/resource/Guard_of_honour', 'http://dbpedia.org/resource/Midfielder']",[]
f5e34a0fc931142ffb8697e9defae1742b15607,830887c07b405bb82ebf656a5ad9797b,2019-10-07T21:22:31,['http://dbpedia.org/resource/Midfielder'],[]
f5e34a0fc931142ffb8697e9defae1742b2416,2894468bc4a3f2f5c195900617c4ef80,2019-10-07T15:57:36,['http://dbpedia.org/resource/Twitter'],[]
f5e34a0fc931142ffb8697e9defae1742b9852,2581cf774bc737f7ae8ba408390c0568,2019-10-07T18:49:47,['http://dbpedia.org/resource/Birmingham'],[]
f5e34a0fc931142ffb8697e9defae1742b7700,5ac8a899e6bab73949effb90ec5c56e5,2019-10-07T18:03:00,['http://dbpedia.org/resource/Beyonc%C3%A9'],[]
f5e34a0fc931142ffb8697e9defae1742b30809,6b678bb25349c4420db129c0aef81a20,2019-10-08T04:24:03,['http://dbpedia.org/resource/Twitter'],[]
f5e34a0fc931142ffb8697e9defae1742b11256,ed054385417717bd8ca0994b07d8269a,2019-10-07T19:35:01,['http://dbpedia.org/resource/World_War_II'],[]
f5e34a0fc931142ffb8697e9defae1742b22213,ce1c01ee20335b7aa64ef7dc6343c250,2019-10-08T00:22:33,"['http://dbpedia.org/resource/Geneva', 'http://dbpedia.org/resource/Lyon']",[]
f5e34a0fc931142ffb8697e9defae1742b16658,1f7849ed2759467fba3aeef2a00e2f3e,2019-10-07T21:50:11,['http://dbpedia.org/resource/Epic_Records'],[]
f5e34a0fc931142ffb8697e9defae1742b34539,9e0293a7f3fa46bc4f86c6d2557348a9,2019-10-08T06:35:43,"['http://dbpedia.org/resource/Alex_Ferguson', 'http://dbpedia.org/resource/Manchester_United_F.C.']",[]
f5e34a0fc931142ffb8697e9defae1742b21986,406f8f4f2561e44c64a23a81e503c96c,2019-10-08T00:17:43,['http://dbpedia.org/resource/Tropical_savanna_climate'],[]
f2bd7c9ed03d94045a4a7b769be970595b22977,649be16a22381a80c4d9c61ac18c49ee,2019-10-08T20:29:00,"['http://dbpedia.org/resource/Business_Insider', 'http://dbpedia.org/resource/Exhibition_game']",[]
f2bd7c9ed03d94045a4a7b769be970595b12752,e08c3c87186aa061ff1b993148729201,2019-10-08T16:18:00,['http://dbpedia.org/resource/Hip_hop_music'],[]
f2bd7c9ed03d94045a4a7b769be970595b11163,63302f33abd19a853d6b72a1e7fc9d7a,2019-10-08T15:34:35,['http://dbpedia.org/resource/Gospel_music'],[]
f2bd7c9ed03d94045a4a7b769be970595b20670,327f3b12f214ca9946932bd86d061f26,2019-10-08T19:30:57,['http://dbpedia.org/resource/Waymo'],[]
f2bd7c9ed03d94045a4a7b769be970595b10236,8e77f08693a62856428d22dfa1674337,2019-10-08T15:11:07,['http://dbpedia.org/resource/Defamation'],[]
f2bd7c9ed03d94045a4a7b769be970595b28730,19ae2a10bc01994febe4be846f46efff,2019-10-08T22:45:41,['http://dbpedia.org/resource/Justin_Timberlake'],[]
f2bd7c9ed03d94045a4a7b769be970595b25285,f57b6f2343df579f425671b15230df49,2019-10-08T21:22:57,['http://dbpedia.org/resource/Toyota'],[]
f2bd7c9ed03d94045a4a7b769be970595b35677,902fbdd2b1df0c4f70b4a5d23525e932,2019-10-09T02:13:10,['http://dbpedia.org/resource/Maryland'],[]
f2bd7c9ed03d94045a4a7b769be970595b18199,055be4ada60b2e04f13595ae5310a468,2019-10-08T18:32:23,['http://dbpedia.org/resource/Twitter'],[]
f2bd7c9ed03d94045a4a7b769be970595b16496,a5fa7329726945837cb13480ca72ff62,2019-10-08T17:48:42,['http://dbpedia.org/resource/Twitter'],[]
f2bd7c9ed03d94045a4a7b769be970595b24349,7db7c6a8492a3c53edc5b957df161e7e,2019-10-08T21:00:59,['http://dbpedia.org/resource/The_Ellen_DeGeneres_Show'],[]
f2bd7c9ed03d94045a4a7b769be970595b34704,d5b0384c0ea9e77d85b27373352b4137,2019-10-09T01:44:46,['http://dbpedia.org/resource/Narcissism'],[]
f2bd7c9ed03d94045a4a7b769be970595b34421,165256767333f1b9a74cbcdf61c9fba2,2019-10-09T01:35:25,['http://dbpedia.org/resource/Association_football'],[]
f2bd7c9ed03d94045a4a7b769be970595b9454,b58b6b22f0dffbcfd124d16181fdd044,2019-10-08T14:50:30,['http://dbpedia.org/resource/KHOU'],[]
f2bd7c9ed03d94045a4a7b769be970595b24500,089fd4c905e2a0f1fdf86323be52922e,2019-10-08T21:04:46,"['http://dbpedia.org/resource/Halloween', 'http://dbpedia.org/resource/Pacific_Time_Zone']",[]
f2bd7c9ed03d94045a4a7b769be970595b3499,b328993cc6d5bdb1b61c43549d8b2060,2019-10-08T11:09:23,['http://dbpedia.org/resource/Twitter'],[]
f2bd7c9ed03d94045a4a7b769be970595b23399,bc3f0c337919242f07ae88a878000ef2,2019-10-08T20:39:15,['http://dbpedia.org/resource/Dallas'],[]
f2bd7c9ed03d94045a4a7b769be970595b14559,9946b3d41bde9a2946c107b3492a356b,2019-10-08T17:02:24,['http://dbpedia.org/resource/St._Louis'],[]
f2bd7c9ed03d94045a4a7b769be970595b1881,78743182dad0bbe78f52d484f341ae1c,2019-10-08T09:44:53,['http://dbpedia.org/resource/Jacob_Frey'],[]
f2bd7c9ed03d94045a4a7b769be970595b16767,d11f84b17769db624f283b5e3dd7d911,2019-10-08T17:55:48,['http://dbpedia.org/resource/Sustainable_energy'],[]
f2bd7c9ed03d94045a4a7b769be970595b11491,1924da1048884897914440c92ce3f671,2019-10-08T15:44:27,['http://dbpedia.org/resource/Ice_cream'],[]
f2bd7c9ed03d94045a4a7b769be970595b23786,d85362faae75ddbec33d4870191c72e9,2019-10-08T20:48:20,['http://dbpedia.org/resource/Extinction_Rebellion'],[]
f2bd7c9ed03d94045a4a7b769be970595b35880,056b5a8e42039e095940e8b391ba6dad,2019-10-09T02:17:14,"['http://dbpedia.org/resource/Harry_Styles', 'http://dbpedia.org/resource/The_Times']",[]
f2bd7c9ed03d94045a4a7b769be970595b2536,e2c7c64e33c7b9fb0e9b648169b3a539,2019-10-08T10:17:37,['http://dbpedia.org/resource/Syria'],[]
f2bd7c9ed03d94045a4a7b769be970595b34402,94738aad30626573837a0533d7acbd8b,2019-10-09T01:34:36,"['http://dbpedia.org/resource/American_Broadcasting_Company', 'http://dbpedia.org/resource/Coming_out']",[]
f2bd7c9ed03d94045a4a7b769be970595b1036,8a6360fa9b58f42c4eaa014f9670edbf,2019-10-08T09:05:32,['http://dbpedia.org/resource/South_Dakota'],[]
f2bd7c9ed03d94045a4a7b769be970595b25311,054280a7109bba5faf0dc993456ed718,2019-10-08T21:23:18,['http://dbpedia.org/resource/Instagram'],[]
f2bd7c9ed03d94045a4a7b769be970595b4836,028d28e6a65980c56c994223b17ae742,2019-10-08T12:03:29,['http://dbpedia.org/resource/Social_media'],[]
f2bd7c9ed03d94045a4a7b769be970595b10477,9d7bf9e84a8b844571e4ce8788cc4579,2019-10-08T15:18:37,['http://dbpedia.org/resource/Rashida_Tlaib'],[]
f2bd7c9ed03d94045a4a7b769be970595b2791,7f81c5f4ee6aecd227002e5e01477de9,2019-10-08T10:28:01,"['http://dbpedia.org/resource/Penn_State_Nittany_Lions_football', 'http://dbpedia.org/resource/Racism']",[]
f2bd7c9ed03d94045a4a7b769be970595b6437,e07b46f1f72917ac6572ebb4a6970c9b,2019-10-08T13:08:43,['http://dbpedia.org/resource/Meghan_McCain'],[]
f2bd7c9ed03d94045a4a7b769be970595b14704,84621cf9714a5df3cfd53f415f6385b9,2019-10-08T17:06:10,['http://dbpedia.org/resource/San_Diego'],[]
f2bd7c9ed03d94045a4a7b769be970595b33536,7af50f8eeb847716cfea3479a93ed668,2019-10-09T01:04:17,['http://dbpedia.org/resource/Impeachment'],[]
f2bd7c9ed03d94045a4a7b769be970595b17726,bb078bda02a89f033b1616379f0545b9,2019-10-08T18:19:47,"['http://dbpedia.org/resource/East_Africa', 'http://dbpedia.org/resource/Uganda']",[]
f2bd7c9ed03d94045a4a7b769be970595b6981,7e9b4b9e3bebbeb0ef83249701810cd4,2019-10-08T13:29:55,['http://dbpedia.org/resource/Bangkok'],[]
f2bd7c9ed03d94045a4a7b769be970595b10564,ea120c7d2550e900c4ab7568af5229e0,2019-10-08T15:21:00,['http://dbpedia.org/resource/Fortnite'],[]
f2bd7c9ed03d94045a4a7b769be970595b19938,0c141138e5bce171427584175b6f8538,2019-10-08T19:11:14,['http://dbpedia.org/resource/Twitter'],[]
f2bd7c9ed03d94045a4a7b769be970595b31670,3f481e40d1353c7b6be296fc96245128,2019-10-09T00:11:58,['http://dbpedia.org/resource/Defensively_equipped_merchant_ship'],[]
f2bd7c9ed03d94045a4a7b769be970595b19622,136ca3b97fe949eb589aa60bd688a455,2019-10-08T19:02:45,['http://dbpedia.org/resource/Blockchain'],[]
f2bd7c9ed03d94045a4a7b769be970595b23188,f5f6cc5efca0fc33b943763d2e8ea9d1,2019-10-08T20:33:28,['http://dbpedia.org/resource/Apple_Inc.'],[]
f2bd7c9ed03d94045a4a7b769be970595b24300,b7c42398fa7ace0867be69d27d3b1a58,2019-10-08T21:00:12,['http://dbpedia.org/resource/Madrid'],[]
f2bd7c9ed03d94045a4a7b769be970595b26288,0bdb36ee8429bde235fe8c9054703466,2019-10-08T21:46:28,"['http://dbpedia.org/resource/Gannett', 'http://dbpedia.org/resource/GateHouse_Media', 'http://dbpedia.org/resource/The_Arizona_Republic']",[]
f2bd7c9ed03d94045a4a7b769be970595b19083,34e27f68e21b87c37ce3e013395f8e74,2019-10-08T18:50:31,['http://dbpedia.org/resource/Interception'],[]
f2bd7c9ed03d94045a4a7b769be970595b23126,c55682be46451e5b884e63a6e3e1171a,2019-10-08T20:32:32,['http://dbpedia.org/resource/Nice'],[]
f2bd7c9ed03d94045a4a7b769be970595b8644,8b9ab286efadc2c8172fa0618c69792e,2019-10-08T14:28:57,['http://dbpedia.org/resource/Lyft'],[]
f2bd7c9ed03d94045a4a7b769be970595b30337,97d817e0ce34a563171d930d0496e79c,2019-10-08T23:28:30,['http://dbpedia.org/resource/Jungkook'],[]
f2bd7c9ed03d94045a4a7b769be970595b30282,0331436032433d412d20a3b4d0af7021,2019-10-08T23:26:36,['http://dbpedia.org/resource/Gerrit_Cole'],[]
f2bd7c9ed03d94045a4a7b769be970595b28559,d18574df2257caa4ae25abe878426eb4,2019-10-08T22:42:10,"['http://dbpedia.org/resource/Boston', 'http://dbpedia.org/resource/National_Hockey_League']",[]
f2bd7c9ed03d94045a4a7b769be970595b22086,148c9fe417d7df06b8a84c93f7d1314d,2019-10-08T20:07:06,['http://dbpedia.org/resource/Light-on-dark_color_scheme'],[]
f2bd7c9ed03d94045a4a7b769be970595b9619,1e1c6818673fea1a3c9f117a0d9e264f,2019-10-08T14:54:36,['http://dbpedia.org/resource/Arsenal_F.C.'],[]
f2bd7c9ed03d94045a4a7b769be970595b34326,889b409f610d079aa618707919460dbb,2019-10-09T01:31:01,['http://dbpedia.org/resource/President_of_the_United_States'],[]
f2bd7c9ed03d94045a4a7b769be970595b12569,159ff195e7988ca3a0bb92ac94b13d91,2019-10-08T16:14:11,['http://dbpedia.org/resource/Twitter'],[]
f2bd7c9ed03d94045a4a7b769be970595b16022,48afb286e766a1bb12c10f98eacc2f19,2019-10-08T17:38:02,['http://dbpedia.org/resource/Light-on-dark_color_scheme'],[]
f2bd7c9ed03d94045a4a7b769be970595b13191,855b25d8f20cd66098d1a6086ae8e155,2019-10-08T16:29:22,['http://dbpedia.org/resource/Castilian_Party'],[]
f2bd7c9ed03d94045a4a7b769be970595b9040,d5c2a2b0fd46ba6d8d4f1d0fd892b76d,2019-10-08T14:40:44,['http://dbpedia.org/resource/Spider-Man'],[]
f2bd7c9ed03d94045a4a7b769be970595b26073,c8981b2566cd7b9827681d5b592bdd42,2019-10-08T21:40:08,['http://dbpedia.org/resource/Hockey_East'],[]
f2bd7c9ed03d94045a4a7b769be970595b19712,c42b58f7c473e952ccda0db94a71255d,2019-10-08T19:04:59,['http://dbpedia.org/resource/Major_League_Baseball'],[]
f2bd7c9ed03d94045a4a7b769be970595b13945,ce3c6d67d0d9e7e54e8d77ea89162578,2019-10-08T16:48:16,['http://dbpedia.org/resource/Twitter'],[]
f2bd7c9ed03d94045a4a7b769be970595b17026,6cde255797a1662aed95f838d6450f35,2019-10-08T18:02:07,['http://dbpedia.org/resource/Try_This'],[]
f2bd7c9ed03d94045a4a7b769be970595b10071,c8da770b0abf9a7cf25870c9ce13bf47,2019-10-08T15:06:42,['http://dbpedia.org/resource/John_McCain'],[]
f2bd7c9ed03d94045a4a7b769be970595b4335,1c75e6f003df0dd800f25916c0fa6f43,2019-10-08T11:42:35,['http://dbpedia.org/resource/Exhibition_game'],[]
f2bd7c9ed03d94045a4a7b769be970595b28513,c1f152921bb9ad570947e720cf9176f7,2019-10-08T22:40:10,['http://dbpedia.org/resource/Gordon_Sondland'],[]
f2bd7c9ed03d94045a4a7b769be970595b4756,160f6ede2543ea929bed8460e5aafa34,2019-10-08T12:01:35,['http://dbpedia.org/resource/Lego'],[]
f2bd7c9ed03d94045a4a7b769be970595b34430,9164c92bb13ac0bb6479a5fa6f55cdb3,2019-10-09T01:35:29,"['http://dbpedia.org/resource/Federal_Bureau_of_Investigation', 'http://dbpedia.org/resource/Impeachment']",[]
f2bd7c9ed03d94045a4a7b769be970595b23960,47d7261be2df3bc6c86a555edf7531a0,2019-10-08T20:52:30,['http://dbpedia.org/resource/Association_football'],[]
f2bd7c9ed03d94045a4a7b769be970595b32975,b5b24c333256cb5c0683ce46bac60a26,2019-10-09T00:50:50,['http://dbpedia.org/resource/Twitter'],[]
f2bd7c9ed03d94045a4a7b769be970595b27271,ab6b4412447c91a4c5afd536f8685f20,2019-10-08T22:07:48,['http://dbpedia.org/resource/Minneapolis'],[]
f2bd7c9ed03d94045a4a7b769be970595b4543,1a5c7e7164eb3b76d4312326abfa848c,2019-10-08T11:52:39,['http://dbpedia.org/resource/Twitter'],[]
f2bd7c9ed03d94045a4a7b769be970595b11859,7f3e74749450d70c7a4359bfd2e5144c,2019-10-08T15:54:24,['http://dbpedia.org/resource/Mike_Tyson'],[]
f2bd7c9ed03d94045a4a7b769be970595b33764,f9cd00e888d55561b12818e2dc7b17d2,2019-10-09T01:13:36,"['http://dbpedia.org/resource/Bloomberg_L.P.', 'http://dbpedia.org/resource/Impeachment', 'http://dbpedia.org/resource/Trey_Gowdy']",[]
f2bd7c9ed03d94045a4a7b769be970595b28075,d6143e0bdc7377595a02ebadebd3c09c,2019-10-08T22:28:45,['http://dbpedia.org/resource/Pop_music'],[]
f2bd7c9ed03d94045a4a7b769be970595b12653,5ce4ceffa082f40bf75eab4ce7fcb636,2019-10-08T16:15:24,['http://dbpedia.org/resource/Paul_Ryan'],[]
f2bd7c9ed03d94045a4a7b769be970595b8058,412ae0a8fa241baf5e2b689583a0eaa9,2019-10-08T14:07:58,['http://dbpedia.org/resource/No_Doubt'],[]
f2bd7c9ed03d94045a4a7b769be970595b11620,71e057c8ce0cc094108140a024b812c7,2019-10-08T15:47:45,['http://dbpedia.org/resource/Taco_Bell'],[]
f2bd7c9ed03d94045a4a7b769be970595b30393,03a6ab7904692580af97a72c119e9e74,2019-10-08T23:30:14,['http://dbpedia.org/resource/The_Terminator'],[]
f2bd7c9ed03d94045a4a7b769be970595b34791,c79210baa53c695101126fa0b052e6d3,2019-10-09T01:46:07,"['http://dbpedia.org/resource/Michigan', 'http://dbpedia.org/resource/Quarterback']",[]
f2bd7c9ed03d94045a4a7b769be970595b32199,eb61deb723e74658a94586b23e2f2d91,2019-10-09T00:28:23,"['http://dbpedia.org/resource/Andy_Beshear', 'http://dbpedia.org/resource/Kentucky']",[]
f2bd7c9ed03d94045a4a7b769be970595b27294,a2b03e0428f397620cd7d0ee9846a8f9,2019-10-08T22:07:57,['http://dbpedia.org/resource/Instagram'],[]
f2bd7c9ed03d94045a4a7b769be970595b23754,888b9b731e999ee390b1b47fb8efb417,2019-10-08T20:47:52,['http://dbpedia.org/resource/Gmail'],[]
f2bd7c9ed03d94045a4a7b769be970595b817,512e8f4b1b36d218887dd91ec8ed0cb7,2019-10-08T08:54:48,"['http://dbpedia.org/resource/Kotaku', 'http://dbpedia.org/resource/Nintendo']",[]
f2bd7c9ed03d94045a4a7b769be970595b33351,319538eab05a3df3394da4cdbeaa497f,2019-10-09T01:00:02,"['http://dbpedia.org/resource/George_W._Bush', 'http://dbpedia.org/resource/The_Ellen_DeGeneres_Show']",[]
f2bd7c9ed03d94045a4a7b769be970595b11897,f79fcc38fad4486f28f42e0de835121f,2019-10-08T15:56:33,['http://dbpedia.org/resource/New_Jersey'],[]
f2bd7c9ed03d94045a4a7b769be970595b27428,4a71e35b82a047aff9104322ebbb367d,2019-10-08T22:11:01,['http://dbpedia.org/resource/Halloween'],[]
f2bd7c9ed03d94045a4a7b769be970595b32643,ae9f7c81e6b6a84fa0ebc62e25f24f3a,2019-10-09T00:41:31,['http://dbpedia.org/resource/Racism'],[]
f2bd7c9ed03d94045a4a7b769be970595b21108,165ff2d61104472695d1713354b29f82,2019-10-08T19:41:41,['http://dbpedia.org/resource/Hospice'],[]
f2bd7c9ed03d94045a4a7b769be970595b22133,3f20b0480c3ab50e3069baac207a3428,2019-10-08T20:08:41,['http://dbpedia.org/resource/Federalist_Society'],[]
f2bd7c9ed03d94045a4a7b769be970595b34166,6db6fc225fedb9e7e3db09dd2c7c635c,2019-10-09T01:26:03,['http://dbpedia.org/resource/American_Broadcasting_Company'],[]
f2bd7c9ed03d94045a4a7b769be970595b22597,4bfeb03d01f54320949f51725f0e7a8f,2019-10-08T20:22:21,['http://dbpedia.org/resource/Twitter'],[]
f2bd7c9ed03d94045a4a7b769be970595b6679,c7f3bc1dd60a37dac1e86ea9a4f72b83,2019-10-08T13:17:31,['http://dbpedia.org/resource/Iowa'],[]
f2bd7c9ed03d94045a4a7b769be970595b28891,1bc2d468339ecb6d3493db684b17ee2f,2019-10-08T22:50:31,['http://dbpedia.org/resource/Twitter'],[]
f2bd7c9ed03d94045a4a7b769be970595b10592,304d2b4c06a392bdb5af785835863199,2019-10-08T15:21:59,['http://dbpedia.org/resource/Midfielder'],[]
f2bd7c9ed03d94045a4a7b769be970595b10676,bb6e97d1f0314db9284104f8b8144127,2019-10-08T15:23:38,['http://dbpedia.org/resource/Old_Navy'],[]
f2bd7c9ed03d94045a4a7b769be970595b28485,aecbff70f9276511b6d7f6ed1fe3bd67,2019-10-08T22:39:22,['http://dbpedia.org/resource/Los_Angeles'],[]
f2bd7c9ed03d94045a4a7b769be970595b34619,af62ff106b56247187dc65fbb970e42f,2019-10-09T01:42:43,['http://dbpedia.org/resource/Quarterback'],[]
f2bd7c9ed03d94045a4a7b769be970595b4197,5d8be7c06efb51f23d28fa55e7f52d0e,2019-10-08T11:35:45,['http://dbpedia.org/resource/I_Feel_Bad'],[]
f2bd7c9ed03d94045a4a7b769be970595b11528,86ab5cb2db240bafa46af67846f4a056,2019-10-08T15:46:11,['http://dbpedia.org/resource/Yom_Kippur'],[]
f2bd7c9ed03d94045a4a7b769be970595b35578,cd53823de46c520c7399f24db0445723,2019-10-09T02:10:03,['http://dbpedia.org/resource/Tyler_Herro'],[]
f2bd7c9ed03d94045a4a7b769be970595b23328,04a899ecebb8b9a152be50062edc5755,2019-10-08T20:37:15,['http://dbpedia.org/resource/President_of_the_United_States'],[]
f2bd7c9ed03d94045a4a7b769be970595b28521,8fdc6ed41f5d14f9f82192790d05e89c,2019-10-08T22:40:38,['http://dbpedia.org/resource/Chesapeake_Energy'],[]
f2bd7c9ed03d94045a4a7b769be970595b14260,27962460a28d2875ff96a473b563d31a,2019-10-08T16:55:28,['http://dbpedia.org/resource/Homicide'],[]
f2bd7c9ed03d94045a4a7b769be970595b36183,5be21f39ade55a1cc919f0ba5ed3cf82,2019-10-09T02:25:40,['http://dbpedia.org/resource/Racism'],[]
f2bd7c9ed03d94045a4a7b769be970595b11244,32bfa1ad41c066b6db9e994316c6c028,2019-10-08T15:35:56,['http://dbpedia.org/resource/American_Revolution'],[]
f2bd7c9ed03d94045a4a7b769be970595b30821,f8cdb4d8d27fd4f260c1aca73868fcc8,2019-10-08T23:45:10,"['http://dbpedia.org/resource/Dentistry', 'http://dbpedia.org/resource/Exhibition_game']",[]
f2bd7c9ed03d94045a4a7b769be970595b25892,f16d5afe8fd8971c726b756ce66c03c2,2019-10-08T21:37:10,['http://dbpedia.org/resource/Disinformation'],[]
f2bd7c9ed03d94045a4a7b769be970595b843,70d9f22208b2614936a4daf1e83c0f58,2019-10-08T08:55:39,['http://dbpedia.org/resource/New_Zealand_national_rugby_union_team'],[]
f2bd7c9ed03d94045a4a7b769be970595b26370,900261ce9c2d173527dee399463ac0b5,2019-10-08T21:47:59,['http://dbpedia.org/resource/Paula_White'],[]
f2bd7c9ed03d94045a4a7b769be970595b34635,f3040a5207bf8a4e3ac24af0c148f585,2019-10-09T01:43:13,['http://dbpedia.org/resource/Midfielder'],[]
f2bd7c9ed03d94045a4a7b769be970595b29473,28124b67e45cb25c31d4546f7822caf9,2019-10-08T23:03:45,['http://dbpedia.org/resource/United_States_Central_Command'],[]
f2bd7c9ed03d94045a4a7b769be970595b2191,22428cc563d1da4aeedaf79c98de5c53,2019-10-08T10:02:12,"['http://dbpedia.org/resource/Castilian_Party', 'http://dbpedia.org/resource/Midfielder']",[]
f2bd7c9ed03d94045a4a7b769be970595b35634,a1b944b380d1ddff5c177db84441c31d,2019-10-09T02:12:01,"['http://dbpedia.org/resource/ESPN', 'http://dbpedia.org/resource/Stephen_A._Smith']",[]
f2bd7c9ed03d94045a4a7b769be970595b33996,b12478eb43400e821e2fc4040e8da435,2019-10-09T01:20:30,['http://dbpedia.org/resource/CNN'],[]
f2bd7c9ed03d94045a4a7b769be970595b28098,fad1e1ee50be26119124091c3439b2f0,2019-10-08T22:29:41,['http://dbpedia.org/resource/Poshmark'],[]
f2bd7c9ed03d94045a4a7b769be970595b15378,d8c63ab71ca3a850ff47b88bcac5430a,2019-10-08T17:24:47,['http://dbpedia.org/resource/Milan'],[]
f2bd7c9ed03d94045a4a7b769be970595b22630,98a96134c20baf9d2bf4df050c0349f5,2019-10-08T20:22:29,['http://dbpedia.org/resource/Halloween'],[]
f2bd7c9ed03d94045a4a7b769be970595b11889,33eb225102cf0aade0067b3c3e896aa2,2019-10-08T15:56:09,['http://dbpedia.org/resource/Twitter'],[]
f2bd7c9ed03d94045a4a7b769be970595b5853,9a877a03efb74fd4a156fc3b547c76c6,2019-10-08T12:49:29,['http://dbpedia.org/resource/Ilhan_Omar'],[]
f2bd7c9ed03d94045a4a7b769be970595b3857,20ee5e3bb47d3e602b10649bc6a75cdc,2019-10-08T11:22:32,"['http://dbpedia.org/resource/Freedom_of_speech', 'http://dbpedia.org/resource/National_Basketball_Association']",[]
f2bd7c9ed03d94045a4a7b769be970595b26361,b915116cccdf1b0e0cefb3df4535a12f,2019-10-08T21:47:52,['http://dbpedia.org/resource/Nice'],[]
f2bd7c9ed03d94045a4a7b769be970595b19921,63d997b9aa849402deeedec74dff4045,2019-10-08T19:10:58,['http://dbpedia.org/resource/Bernie_Sanders'],[]
f2bd7c9ed03d94045a4a7b769be970595b23500,8b54ff5f3d8417cfb55ef3e708f75d40,2019-10-08T20:41:18,['http://dbpedia.org/resource/Peru'],[]
f2bd7c9ed03d94045a4a7b769be970595b23540,cd378e8e566929747e7156bd3e1c8afd,2019-10-08T20:42:32,['http://dbpedia.org/resource/Oregon'],[]
f2bd7c9ed03d94045a4a7b769be970595b19214,e21c9461950a86d14f911b37c332d724,2019-10-08T18:54:30,['http://dbpedia.org/resource/CNBC'],[]
f2bd7c9ed03d94045a4a7b769be970595b11466,706f3dad6da357db109e00eaf60857c3,2019-10-08T15:43:44,['http://dbpedia.org/resource/Angelina_Jolie'],[]
f2bd7c9ed03d94045a4a7b769be970595b16643,bd0e18ade841ec9d68b3a76a10b44937,2019-10-08T17:51:57,['http://dbpedia.org/resource/International_Space_Station'],[]
f2bd7c9ed03d94045a4a7b769be970595b22557,141e298dc4619908a63380661004dd55,2019-10-08T20:21:26,['http://dbpedia.org/resource/Premier_League'],[]
f2bd7c9ed03d94045a4a7b769be970595b29439,380e00f0356ffbd811d7cef172073da5,2019-10-08T23:02:49,['http://dbpedia.org/resource/Cookie_dough'],[]
f2bd7c9ed03d94045a4a7b769be970595b4440,5b9234a680ae1a32662bb0c19453dd16,2019-10-08T11:47:18,['http://dbpedia.org/resource/Syria'],[]
f2bd7c9ed03d94045a4a7b769be970595b2013,b992409af3a4a09895ff36b33de0970c,2019-10-08T09:51:38,['http://dbpedia.org/resource/Iceland'],[]
f2bd7c9ed03d94045a4a7b769be970595b30053,4248285a824456819c7862b5d79a5fd2,2019-10-08T23:20:44,['http://dbpedia.org/resource/President_of_the_United_States'],[]
f2bd7c9ed03d94045a4a7b769be970595b19148,bed2251e5eec467cd7804f6eb695a234,2019-10-08T18:52:38,['http://dbpedia.org/resource/Extinction_Rebellion'],[]
f2bd7c9ed03d94045a4a7b769be970595b29833,35f4376fbcdf9e2c82061055815360b4,2019-10-08T23:15:53,['http://dbpedia.org/resource/Genetics'],[]
f2bd7c9ed03d94045a4a7b769be970595b24606,a8376843511bbb9ea92041a5aa90cd17,2019-10-08T21:06:44,"['http://dbpedia.org/resource/Email', 'http://dbpedia.org/resource/LinkedIn']",[]
f2bd7c9ed03d94045a4a7b769be970595b8195,93a3c15795f068bf45672b7811501db0,2019-10-08T14:13:57,"['http://dbpedia.org/resource/Minneapolis', 'http://dbpedia.org/resource/Racism']",[]
f2bd7c9ed03d94045a4a7b769be970595b26232,e2bd1e1b330a329c220979375e8c540d,2019-10-08T21:43:59,"['http://dbpedia.org/resource/Hip_hop_music', 'http://dbpedia.org/resource/The_Bronx']",[]
f2bd7c9ed03d94045a4a7b769be970595b27892,2ba0533c91711d089a7c97e2a22fc455,2019-10-08T22:23:11,['http://dbpedia.org/resource/WWE_Raw'],[]
f2bd7c9ed03d94045a4a7b769be970595b9056,70537fcbeef6287a45faa3fde6b7f3b5,2019-10-08T14:41:06,['http://dbpedia.org/resource/Digital_rights_management'],[]
f2bd7c9ed03d94045a4a7b769be970595b35990,09a892592761126874abefeccc7382bb,2019-10-09T02:19:53,['http://dbpedia.org/resource/Midfielder'],[]
f2bd7c9ed03d94045a4a7b769be970595b29161,81970ae64c570dbcb39de41b473611d3,2019-10-08T22:56:51,['http://dbpedia.org/resource/Twitter'],[]
f2bd7c9ed03d94045a4a7b769be970595b27473,7017c698d87090c584dcf62e0dbfb4cc,2019-10-08T22:12:21,['http://dbpedia.org/resource/The_Sydney_Morning_Herald'],[]
f2bd7c9ed03d94045a4a7b769be970595b15172,b1c6a22ea0c84287bbafa36b49912f61,2019-10-08T17:19:46,['http://dbpedia.org/resource/The_Ellen_DeGeneres_Show'],[]
f2bd7c9ed03d94045a4a7b769be970595b32519,ca78207d820bfab875d72c0643b014e3,2019-10-09T00:36:30,['http://dbpedia.org/resource/Quid_pro_quo'],[]
f2bd7c9ed03d94045a4a7b769be970595b32262,4259f299e6e754060b8b9155d96f4f4b,2019-10-09T00:30:01,['http://dbpedia.org/resource/Types_of_restaurants'],[]
f2bd7c9ed03d94045a4a7b769be970595b10928,8ac610d0c5d29a186f39290578b005ab,2019-10-08T15:29:18,"['http://dbpedia.org/resource/Adidas', 'http://dbpedia.org/resource/Poshmark']",[]
f2bd7c9ed03d94045a4a7b769be970595b35036,cd1b1d44d20a26df79353dffe1f58c71,2019-10-09T01:55:28,['http://dbpedia.org/resource/PlayStation_4'],[]
f2bd7c9ed03d94045a4a7b769be970595b10332,b5f769d11313c5d10e169363b1007e5f,2019-10-08T15:13:25,['http://dbpedia.org/resource/Pop_music'],[]
f2bd7c9ed03d94045a4a7b769be970595b4871,304e2433ddaee03d660083aafabc98a0,2019-10-08T12:04:50,['http://dbpedia.org/resource/New_Zealand'],[]
f2bd7c9ed03d94045a4a7b769be970595b31945,a482a27be670f81c2994b2dc1c8ee980,2019-10-09T00:19:17,"['http://dbpedia.org/resource/2020_NFL_Draft', 'http://dbpedia.org/resource/National_Football_League']",[]
f2bd7c9ed03d94045a4a7b769be970595b28182,42304d20cc791c147294edeff00ea25b,2019-10-08T22:31:29,['http://dbpedia.org/resource/Toronto'],[]
f2bd7c9ed03d94045a4a7b769be970595b4432,2137fb1e028898bed8168b3f28ee86cc,2019-10-08T11:47:17,['http://dbpedia.org/resource/Instagram'],[]
f2bd7c9ed03d94045a4a7b769be970595b29534,6ed26edddb95ae004d04324de7d6d4e8,2019-10-08T23:07:08,['http://dbpedia.org/resource/The_Bronx'],[]
f2bd7c9ed03d94045a4a7b769be970595b3012,b887b52a4b4c18fcaf99b9defafc1372,2019-10-08T10:42:55,['http://dbpedia.org/resource/Manchester_United_F.C.'],[]
f2bd7c9ed03d94045a4a7b769be970595b30105,aa304bd17f6678e4cb57f5bfc5f0672e,2019-10-08T23:21:38,['http://dbpedia.org/resource/Arsenal_F.C.'],[]
f2bd7c9ed03d94045a4a7b769be970595b27738,4e1e4a1b099d33d9eb2e78510e78db0c,2019-10-08T22:18:08,['http://dbpedia.org/resource/Rock_music'],[]
f2bd7c9ed03d94045a4a7b769be970595b28781,3532e296caaefd971057740b38db5918,2019-10-08T22:46:15,['http://dbpedia.org/resource/England'],[]
f2bd7c9ed03d94045a4a7b769be970595b28608,d8c83416b966d5c2ec5c2ae1c691cd3b,2019-10-08T22:42:46,['http://dbpedia.org/resource/Twitter'],[]
f2bd7c9ed03d94045a4a7b769be970595b18297,5e33da7db202d95296f9c7ec258b3f6c,2019-10-08T18:35:29,"['http://dbpedia.org/resource/Jacob_Frey', 'http://dbpedia.org/resource/Kamala_Harris', 'http://dbpedia.org/resource/President_of_the_United_States']",[]
f2bd7c9ed03d94045a4a7b769be970595b9555,3102c98c60f11fb9810dafab84f49686,2019-10-08T14:52:58,['http://dbpedia.org/resource/Gwen_Stefani'],[]
f2bd7c9ed03d94045a4a7b769be970595b7598,957d035df62f58b9fb3a577f7fab4253,2019-10-08T13:52:03,['http://dbpedia.org/resource/United_States_Marine_Corps'],[]
f2bd7c9ed03d94045a4a7b769be970595b30506,a712c54f2426aa7bf5bbec7c2df0e5b6,2019-10-08T23:33:10,['http://dbpedia.org/resource/Instagram'],[]
f2bd7c9ed03d94045a4a7b769be970595b25822,4075208def6ea16d9da57a6815aad7e3,2019-10-08T21:35:29,"['http://dbpedia.org/resource/Pop_music', 'http://dbpedia.org/resource/Twitter']",[]
f2bd7c9ed03d94045a4a7b769be970595b25248,6e71a7a6c275f156ff7b4cfa4f6819c2,2019-10-08T21:22:12,['http://dbpedia.org/resource/First_Amendment_to_the_United_States_Constitution'],[]
f2bd7c9ed03d94045a4a7b769be970595b35935,0dc593c0789fc20f6f4656002d7ae700,2019-10-09T02:18:07,['http://dbpedia.org/resource/Jeffrey_Epstein'],[]
f2bd7c9ed03d94045a4a7b769be970595b3670,6083d22b2ab4e79817a35acc0f6108dd,2019-10-08T11:16:58,['http://dbpedia.org/resource/Public_housing'],[]
f2bd7c9ed03d94045a4a7b769be970595b24468,4aef8ade7f180c13d9c18de18dc49d8d,2019-10-08T21:04:14,['http://dbpedia.org/resource/YouTube'],[]
f2bd7c9ed03d94045a4a7b769be970595b22102,6eb0afeb82884f44506c7228cea4d61c,2019-10-08T20:07:28,['http://dbpedia.org/resource/Mike_Posner'],[]
f2bd7c9ed03d94045a4a7b769be970595b6141,8e73631d97b2132f0d73365c6610c6d8,2019-10-08T13:00:00,['http://dbpedia.org/resource/English_language'],[]
f2bd7c9ed03d94045a4a7b769be970595b17939,26e8c92720a2677b09f3516fc4f82437,2019-10-08T18:25:48,['http://dbpedia.org/resource/Twitter'],[]
f2bd7c9ed03d94045a4a7b769be970595b15997,77087dee76ac1ea5562bb3eff54716bf,2019-10-08T17:37:22,"['http://dbpedia.org/resource/Human_rights', 'http://dbpedia.org/resource/Palestinians']",[]
f2bd7c9ed03d94045a4a7b769be970595b36394,dca1504f282fb38abcd554148929e9cd,2019-10-09T02:32:23,['http://dbpedia.org/resource/Bungie'],[]
f2bd7c9ed03d94045a4a7b769be970595b8607,95df477f9b18b84a221397bf18e011c1,2019-10-08T14:27:58,['http://dbpedia.org/resource/Twitter'],[]
f2bd7c9ed03d94045a4a7b769be970595b14206,18ef1d5cf6e8c05f11ca258782469825,2019-10-08T16:55:00,"['http://dbpedia.org/resource/BTS', 'http://dbpedia.org/resource/Castilian_Party']",[]
f2bd7c9ed03d94045a4a7b769be970595b25401,76df50f341884ee187d965c5146849a4,2019-10-08T21:26:46,['http://dbpedia.org/resource/Ram_pickup'],[]
f2bd7c9ed03d94045a4a7b769be970595b26011,a2e057f0d2dea9edd4eea55410a896b8,2019-10-08T21:39:01,['http://dbpedia.org/resource/Imma'],[]
f2bd7c9ed03d94045a4a7b769be970595b2404,2115dd2a644718da0038b00de6575521,2019-10-08T10:11:35,['http://dbpedia.org/resource/Wonder_Woman'],[]
f2bd7c9ed03d94045a4a7b769be970595b9073,2bca81111e97ab60147d972d110ceb8b,2019-10-08T14:41:41,['http://dbpedia.org/resource/Raffle'],[]
f2bd7c9ed03d94045a4a7b769be970595b12317,97b5718969899aab9819902ce0803c28,2019-10-08T16:08:20,['http://dbpedia.org/resource/Zeus'],[]
f2bd7c9ed03d94045a4a7b769be970595b20833,3db70bc1f0a6ca998efe2ed8bd070a82,2019-10-08T19:35:11,['http://dbpedia.org/resource/Impeachment'],[]
f2bd7c9ed03d94045a4a7b769be970595b17797,b72f61ec68ef2640f609edd18e1a028c,2019-10-08T18:21:31,['http://dbpedia.org/resource/LGBT'],[]
f2bd7c9ed03d94045a4a7b769be970595b23716,e53ee11b3f12637db08e3b907a9740a4,2019-10-08T20:47:10,['http://dbpedia.org/resource/Sun-Sentinel'],[]
f2bd7c9ed03d94045a4a7b769be970595b8410,f03eaa5bef31f63f7ecdf8ffa3f0b897,2019-10-08T14:20:48,['http://dbpedia.org/resource/Halloween'],[]
f2bd7c9ed03d94045a4a7b769be970595b33987,40eabe977635d7e03ef87824b6bb89e6,2019-10-09T01:19:49,['http://dbpedia.org/resource/Ultimate_Fighting_Championship'],[]
f2bd7c9ed03d94045a4a7b769be970595b23952,c5ad4c833f507b70cfac6b1d97132723,2019-10-08T20:52:19,['http://dbpedia.org/resource/BTS'],[]
f2bd7c9ed03d94045a4a7b769be970595b23873,a7dd2010792eb196f88ecdcf4d085ce9,2019-10-08T20:50:36,"['http://dbpedia.org/resource/Impeachment', 'http://dbpedia.org/resource/United_States']",[]
f2bd7c9ed03d94045a4a7b769be970595b25356,556dca1d49bbc54df0054b61f2bf1da4,2019-10-08T21:25:35,['http://dbpedia.org/resource/Illegal_drug_trade'],[]
f2bd7c9ed03d94045a4a7b769be970595b21528,351d409bf4dc6b47aabbb326420e1a64,2019-10-08T19:53:31,['http://dbpedia.org/resource/Chemistry'],[]
f2bd7c9ed03d94045a4a7b769be970595b24759,ffd453103d00465ad6ff46f225d0ef48,2019-10-08T21:11:30,['http://dbpedia.org/resource/Imma'],[]
f2bd7c9ed03d94045a4a7b769be970595b29047,b3c1103972b90d3610fc9776bffc2758,2019-10-08T22:54:44,['http://dbpedia.org/resource/Exhibition_game'],[]
f2bd7c9ed03d94045a4a7b769be970595b27824,3220222bc1e9a8885291ca1d0c321e00,2019-10-08T22:21:02,['http://dbpedia.org/resource/Esports'],[]
f2bd7c9ed03d94045a4a7b769be970595b642,5d68e5024e158cb6180213c4ae187c01,2019-10-08T08:47:41,['http://dbpedia.org/resource/Perth'],[]
f2bd7c9ed03d94045a4a7b769be970595b3078,c5bdc8559351bea6199e1e00bf4453fe,2019-10-08T10:49:51,['http://dbpedia.org/resource/Midfielder'],[]
f2bd7c9ed03d94045a4a7b769be970595b18031,63206bb3edcc0be85aef86c10979ddc8,2019-10-08T18:27:57,['http://dbpedia.org/resource/Reuters'],[]
f2bd7c9ed03d94045a4a7b769be970595b32811,109bc85028aa82a54ec6da09f5a2982d,2019-10-09T00:45:10,['http://dbpedia.org/resource/Drake_University'],[]
f2bd7c9ed03d94045a4a7b769be970595b29383,e604196573b5ea3d6be1634d83b66155,2019-10-08T23:01:41,['http://dbpedia.org/resource/Vegetarianism'],[]
f2bd7c9ed03d94045a4a7b769be970595b5361,509ce05911c3a09b379232f3726ca494,2019-10-08T12:31:27,['http://dbpedia.org/resource/Mike_Tomlin'],[]
f2bd7c9ed03d94045a4a7b769be970595b12061,fe5778c82fbd3d68fd833659966d0a76,2019-10-08T16:01:17,['http://dbpedia.org/resource/National_Basketball_Association'],[]
f2bd7c9ed03d94045a4a7b769be970595b12686,7513717dba8b208fe06799dcc54e59e2,2019-10-08T16:16:08,['http://dbpedia.org/resource/South_Park'],[]
f2bd7c9ed03d94045a4a7b769be970595b25756,3945b259c324b7283a4903f287928b95,2019-10-08T21:34:04,['http://dbpedia.org/resource/BET'],[]
f2bd7c9ed03d94045a4a7b769be970595b19886,3ab646ecc85c7f10701f7ff966eb9350,2019-10-08T19:10:08,['http://dbpedia.org/resource/Wisconsin'],[]
f2bd7c9ed03d94045a4a7b769be970595b23692,de01c1d48db6c321c637457113ed80d5,2019-10-08T20:46:29,['http://dbpedia.org/resource/Wi-Fi'],[]
f2bd7c9ed03d94045a4a7b769be970595b34731,8793a96d0bb9016f614f8a5ba39871cb,2019-10-09T01:45:00,"['http://dbpedia.org/resource/Computer-aided_design', 'http://dbpedia.org/resource/Nice']",[]
f2bd7c9ed03d94045a4a7b769be970595b21499,60ab06b4f478f63c6056a5f59517b5a0,2019-10-08T19:53:03,"['http://dbpedia.org/resource/Prescription_drug', 'http://dbpedia.org/resource/Seattle']",[]
f2bd7c9ed03d94045a4a7b769be970595b18217,90d3d862a33d2766f062c583ddae208c,2019-10-08T18:32:37,['http://dbpedia.org/resource/Public_housing'],[]
f2bd7c9ed03d94045a4a7b769be970595b5343,88eaffa3c26e2ed69454fa3a1aeb0764,2019-10-08T12:30:31,['http://dbpedia.org/resource/Midfielder'],[]
f2bd7c9ed03d94045a4a7b769be970595b26956,6dfb067d90057b86165a6bcc53c46cae,2019-10-08T22:00:57,['http://dbpedia.org/resource/Halloween'],[]
f2bd7c9ed03d94045a4a7b769be970595b23218,0f215c69c04c1c27f881cc4dba7e68f1,2019-10-08T20:34:15,['http://dbpedia.org/resource/BET'],[]
f2bd7c9ed03d94045a4a7b769be970595b6713,89b31bbcabc44b3bd97cf34ef5b2b327,2019-10-08T13:17:59,"['http://dbpedia.org/resource/Central_Intelligence_Agency', 'http://dbpedia.org/resource/James_Clapper']",[]
f2bd7c9ed03d94045a4a7b769be970595b32095,d9df432181d487218de3ab3d4f0cdad5,2019-10-09T00:25:00,['http://dbpedia.org/resource/Nice'],[]
f2bd7c9ed03d94045a4a7b769be970595b16939,97a449b4b6d5c6d5250f83ce128f5007,2019-10-08T18:00:00,['http://dbpedia.org/resource/Nail_art'],[]
f2bd7c9ed03d94045a4a7b769be970595b7948,dd769d68bc55da04362600e58f35b579,2019-10-08T14:04:29,['http://dbpedia.org/resource/Hulu'],[]
f2bd7c9ed03d94045a4a7b769be970595b4163,68b1b2fb9260921cec63e72bc3448427,2019-10-08T11:32:32,"['http://dbpedia.org/resource/Blockchain', 'http://dbpedia.org/resource/Economics', 'http://dbpedia.org/resource/YouTube']",[]
f2bd7c9ed03d94045a4a7b769be970595b19313,008d6422c4fa35c0438c1e303564eb4b,2019-10-08T18:57:00,['http://dbpedia.org/resource/Midfielder'],[]
f2bd7c9ed03d94045a4a7b769be970595b12016,40ec0c4528d1a85b6f216b5a96d6dabf,2019-10-08T16:00:16,"['http://dbpedia.org/resource/Arsenal_F.C.', 'http://dbpedia.org/resource/Midfielder']",[]
f2bd7c9ed03d94045a4a7b769be970595b6336,7df60d28630809c8cfd30685db841a62,2019-10-08T13:04:56,"['http://dbpedia.org/resource/India', 'http://dbpedia.org/resource/Kashmir', 'http://dbpedia.org/resource/The_Guardian']",[]
f2bd7c9ed03d94045a4a7b769be970595b22928,7e3fa7dcd3f5e3898d491cd1398e3aee,2019-10-08T20:28:04,['http://dbpedia.org/resource/Light-on-dark_color_scheme'],[]
f2bd7c9ed03d94045a4a7b769be970595b16679,c8f8686eb568fa8501a611220d165324,2019-10-08T17:53:40,['http://dbpedia.org/resource/Midfielder'],[]
f2bd7c9ed03d94045a4a7b769be970595b3661,4d466547196d5395e5a8d289d48c3075,2019-10-08T11:16:56,['http://dbpedia.org/resource/Spotify'],[]
f2bd7c9ed03d94045a4a7b769be970595b20887,6a63be36ba60f500c0e244c9af6a498a,2019-10-08T19:37:21,"['http://dbpedia.org/resource/Midfielder', 'http://dbpedia.org/resource/Snapchat']",[]
f2bd7c9ed03d94045a4a7b769be970595b3689,b9366b78b85004129e15e0cd530ab61f,2019-10-08T11:17:52,['http://dbpedia.org/resource/Soulmate'],[]
f2bd7c9ed03d94045a4a7b769be970595b14154,56e10fc0b4ee9dcbbfd88bf14abfabf6,2019-10-08T16:54:20,['http://dbpedia.org/resource/Netflix'],[]
f2bd7c9ed03d94045a4a7b769be970595b34696,b3f7376f01a1c0e9a7123804ed07bebe,2019-10-09T01:44:45,['http://dbpedia.org/resource/Midfielder'],[]
f2bd7c9ed03d94045a4a7b769be970595b35707,f9b3b4b567b803dc0dee2d53bfc16701,2019-10-09T02:13:22,"['http://dbpedia.org/resource/Justin_Verlander', 'http://dbpedia.org/resource/Playoffs']",[]
f2bd7c9ed03d94045a4a7b769be970595b31919,3d4aba42f46fb9b23df93c019ed0a87e,2019-10-09T00:18:47,['http://dbpedia.org/resource/Jeffrey_Epstein'],[]
f2bd7c9ed03d94045a4a7b769be970595b18081,805bdcfb6e708a46f6d035fb41e31a79,2019-10-08T18:29:46,"['http://dbpedia.org/resource/BET', 'http://dbpedia.org/resource/Federal_Bureau_of_Investigation', 'http://dbpedia.org/resource/Instagram']",[]
f2bd7c9ed03d94045a4a7b769be970595b9244,59d97254b936d3a1a1b396d2748c32b3,2019-10-08T14:45:30,['http://dbpedia.org/resource/Democratic_Senatorial_Campaign_Committee'],[]
f2bd7c9ed03d94045a4a7b769be970595b4242,2aca2057b92d7561e4f3288521168d7f,2019-10-08T11:38:22,['http://dbpedia.org/resource/Midfielder'],[]
f2bd7c9ed03d94045a4a7b769be970595b6535,b47ed0fd540a7b084af4cd5271195596,2019-10-08T13:11:32,['http://dbpedia.org/resource/Pop_music'],[]
f2bd7c9ed03d94045a4a7b769be970595b8806,f7c56f09ac282f6db9a02a22b72e383a,2019-10-08T14:33:42,['http://dbpedia.org/resource/Impeachment'],[]
f2bd7c9ed03d94045a4a7b769be970595b16393,ec44ef6d700e7c11f6996aa5212bb285,2019-10-08T17:46:09,['http://dbpedia.org/resource/BTS'],[]
f2bd7c9ed03d94045a4a7b769be970595b18179,e1d70731f6d7dfc197501bd02196c20b,2019-10-08T18:31:43,['http://dbpedia.org/resource/EBay'],[]
f2bd7c9ed03d94045a4a7b769be970595b20306,89c7ae7e89fc54890f820165112243c8,2019-10-08T19:19:59,['http://dbpedia.org/resource/Daily_Mail'],[]
f2bd7c9ed03d94045a4a7b769be970595b29407,61a8224328650880fd0d9c68eb43fa15,2019-10-08T23:02:15,['http://dbpedia.org/resource/Communism'],[]
f2bd7c9ed03d94045a4a7b769be970595b20059,812d6144a648748dc3b709b4843c9a5d,2019-10-08T19:14:15,['http://dbpedia.org/resource/Twitter'],[]
f2bd7c9ed03d94045a4a7b769be970595b120,0cd6bbddcde50dcdb42bf6dee89df11a,2019-10-08T08:21:46,['http://dbpedia.org/resource/Amazon_Kindle'],[]
f2bd7c9ed03d94045a4a7b769be970595b26438,64a7a6c356319338427ea09bb26dfe9f,2019-10-08T21:49:12,['http://dbpedia.org/resource/South_Africa_national_rugby_union_team'],[]
f2bd7c9ed03d94045a4a7b769be970595b19002,0cb4107088e5e81d4e6fc4d8b764e6d0,2019-10-08T18:48:50,['http://dbpedia.org/resource/Exhibition_game'],[]
f2bd7c9ed03d94045a4a7b769be970595b16449,c65b395b9dc3ade20cb424b1333c8396,2019-10-08T17:47:45,['http://dbpedia.org/resource/Internet_of_things'],[]
f2bd7c9ed03d94045a4a7b769be970595b15644,ddb65b43534b528a5dfb7957e749e3a5,2019-10-08T17:31:05,['http://dbpedia.org/resource/Paramount_Pictures'],[]
f2bd7c9ed03d94045a4a7b769be970595b3187,76e1d2ff7b7c4f0ca2bd183fb25e60af,2019-10-08T10:56:05,['http://dbpedia.org/resource/Music_video'],[]
f2bd7c9ed03d94045a4a7b769be970595b16775,0788569c6986dca2924cb00863aa753c,2019-10-08T17:56:29,['http://dbpedia.org/resource/World_War_II'],[]
f2bd7c9ed03d94045a4a7b769be970595b34896,322a5c9db49e4b2027fbe80fd93a982c,2019-10-09T01:49:26,"['http://dbpedia.org/resource/PayPal', 'http://dbpedia.org/resource/Uber']",[]
f2bd7c9ed03d94045a4a7b769be970595b18234,858e46cd401fd4740e89b8096422c1e4,2019-10-08T18:33:33,['http://dbpedia.org/resource/Nancy_Pelosi'],[]
f2bd7c9ed03d94045a4a7b769be970595b12414,270283354db693cad85168e68286ef19,2019-10-08T16:11:03,"['http://dbpedia.org/resource/Golf', 'http://dbpedia.org/resource/Twitter']",[]
f2bd7c9ed03d94045a4a7b769be970595b8886,635a05b569ba876cc9cc89f8a9f950cc,2019-10-08T14:35:37,['http://dbpedia.org/resource/Twitter'],[]
f2bd7c9ed03d94045a4a7b769be970595b9260,a1c57ce9bed393027789e6f3475e98d7,2019-10-08T14:46:12,['http://dbpedia.org/resource/Ice_cream'],[]
f2bd7c9ed03d94045a4a7b769be970595b20233,afc4a3d1e0af8c6338eeb463d8a7dfca,2019-10-08T19:17:03,"['http://dbpedia.org/resource/Association_football', 'http://dbpedia.org/resource/Fox_News', 'http://dbpedia.org/resource/The_Simpsons']",[]
f2bd7c9ed03d94045a4a7b769be970595b18451,577154691330b35a2aa3982ea9a2828e,2019-10-08T18:39:31,['http://dbpedia.org/resource/Twitter'],[]
f2bd7c9ed03d94045a4a7b769be970595b36332,d450b891842e44f87239dda3e9f9648a,2019-10-09T02:28:51,"['http://dbpedia.org/resource/Make-A-Wish_Foundation', 'http://dbpedia.org/resource/SportsCenter']",[]
f2bd7c9ed03d94045a4a7b769be970595b35699,a159ab16cde434558937b9c7646cc14d,2019-10-09T02:13:22,['http://dbpedia.org/resource/Volleyball'],[]
f2bd7c9ed03d94045a4a7b769be970595b29075,0741acd6d688498eba206a63c9f767fa,2019-10-08T22:55:35,['http://dbpedia.org/resource/Lamborghini'],[]
f2bd7c9ed03d94045a4a7b769be970595b9175,0bac517ae5d9a12bc8387f85407d6b64,2019-10-08T14:44:48,"['http://dbpedia.org/resource/BTS', 'http://dbpedia.org/resource/Jungkook']",[]
f2bd7c9ed03d94045a4a7b769be970595b20543,816155d35d53fe23a57904ff57a8628f,2019-10-08T19:26:53,"['http://dbpedia.org/resource/TikTok', 'http://dbpedia.org/resource/Uber']",[]
f2bd7c9ed03d94045a4a7b769be970595b6018,514addf24d966e95c2b1abace7900dc1,2019-10-08T12:54:56,['http://dbpedia.org/resource/Baghdad'],[]
f2bd7c9ed03d94045a4a7b769be970595b1550,99368f36ff072522cae88577267a988f,2019-10-08T09:29:37,['http://dbpedia.org/resource/No_Doubt'],[]
f2bd7c9ed03d94045a4a7b769be970595b36199,0862dcc8fddde6ed0a9d22b07a7b8f02,2019-10-09T02:27:06,['http://dbpedia.org/resource/Google'],[]
f2bd7c9ed03d94045a4a7b769be970595b32782,bd6857de7394c3f038e7c44cf2508ac0,2019-10-09T00:44:33,['http://dbpedia.org/resource/Historically_black_colleges_and_universities'],[]
f2bd7c9ed03d94045a4a7b769be970595b16170,453256dcb036bbf1c6b82edc1886b004,2019-10-08T17:42:45,['http://dbpedia.org/resource/White_House'],[]
f2bd7c9ed03d94045a4a7b769be970595b5836,f68713b2388fc3f0b6921818268c25ca,2019-10-08T12:49:13,['http://dbpedia.org/resource/Boris_Johnson'],[]
f2bd7c9ed03d94045a4a7b769be970595b34764,daf00e978d8a0565fdfaa90cff33ba37,2019-10-09T01:45:26,"['http://dbpedia.org/resource/CT_scan', 'http://dbpedia.org/resource/Plastic_surgery']",[]
f2bd7c9ed03d94045a4a7b769be970595b13592,ba571fba4d98cc04f432e8b04d855023,2019-10-08T16:39:34,['http://dbpedia.org/resource/The_CW'],[]
f2bd7c9ed03d94045a4a7b769be970595b6518,0b321ff6bc5e85044f242774302a8756,2019-10-08T13:11:18,['http://dbpedia.org/resource/Halloween_costume'],[]
f2bd7c9ed03d94045a4a7b769be970595b5408,96d268c3c37f657c02b8a9dd169a43b7,2019-10-08T12:33:56,['http://dbpedia.org/resource/Squidward_Tentacles'],[]
f2bd7c9ed03d94045a4a7b769be970595b28503,523ba1692c4c89f5264d29f49166926a,2019-10-08T22:39:47,['http://dbpedia.org/resource/Texas'],[]
f2bd7c9ed03d94045a4a7b769be970595b21331,6f36622caec0b9f2fe8b70d1fbc5db55,2019-10-08T19:46:40,['http://dbpedia.org/resource/Fake_news'],[]
f2bd7c9ed03d94045a4a7b769be970595b25031,68461cf833f446e1b8393e57d954d95b,2019-10-08T21:17:15,['http://dbpedia.org/resource/Twitter'],[]
f2bd7c9ed03d94045a4a7b769be970595b11509,ae84544065b5dd08c49bd34a1abf9eb0,2019-10-08T15:45:53,['http://dbpedia.org/resource/Twitter'],[]
f2bd7c9ed03d94045a4a7b769be970595b4361,d1bdc178d07cd729ed56bc8284587bb5,2019-10-08T11:43:57,['http://dbpedia.org/resource/Sydney'],[]
f2bd7c9ed03d94045a4a7b769be970595b19041,c2f73d96f109d95b54be829c84f3c05c,2019-10-08T18:48:58,['http://dbpedia.org/resource/TikTok'],[]
f2bd7c9ed03d94045a4a7b769be970595b36071,7c8d3a7ad830350e853c10966d6ccc90,2019-10-09T02:21:17,['http://dbpedia.org/resource/Ibuprofen'],[]
f2bd7c9ed03d94045a4a7b769be970595b27937,ea121f222afbf5d6e3b1afe8eddfa1e9,2019-10-08T22:25:24,['http://dbpedia.org/resource/Twitter'],[]
f2bd7c9ed03d94045a4a7b769be970595b15809,1447e791114689376fe14a6851e48c13,2019-10-08T17:33:25,['http://dbpedia.org/resource/SD_card'],[]
f2bd7c9ed03d94045a4a7b769be970595b14926,c1838635bdfb93bafa5f49553c7445c4,2019-10-08T17:13:29,['http://dbpedia.org/resource/Twitter'],[]
f2bd7c9ed03d94045a4a7b769be970595b19590,a47e883b357706e35ee9001456479137,2019-10-08T19:02:11,['http://dbpedia.org/resource/Israel'],[]
f2bd7c9ed03d94045a4a7b769be970595b19223,88ea873c64659680d3a3d99049adabb7,2019-10-08T18:54:33,['http://dbpedia.org/resource/Webcam_model'],[]
f2bd7c9ed03d94045a4a7b769be970595b986,6783535cefe25a93dc0781ed8186df5e,2019-10-08T09:04:03,['http://dbpedia.org/resource/East_Africa_Time'],[]
f2bd7c9ed03d94045a4a7b769be970595b5241,f5f3d2ddb59527831b52bdf784b57c8e,2019-10-08T12:24:23,['http://dbpedia.org/resource/WhatsApp'],[]
f2bd7c9ed03d94045a4a7b769be970595b35813,d2477a912526d19807d14864b69ab8e9,2019-10-09T02:15:05,['http://dbpedia.org/resource/Midfielder'],[]
f2bd7c9ed03d94045a4a7b769be970595b7971,2cb35578c6bee4567de9f5fa9c2cd44b,2019-10-08T14:04:35,"['http://dbpedia.org/resource/Israel', 'http://dbpedia.org/resource/Syria']",[]
f2bd7c9ed03d94045a4a7b769be970595b2467,87ce519c59466a65fe94f030767f810c,2019-10-08T10:13:44,['http://dbpedia.org/resource/Mental_disorder'],[]
f2bd7c9ed03d94045a4a7b769be970595b31228,b29c7a5c169294109fbb87dd44ea49b3,2019-10-08T23:55:45,"['http://dbpedia.org/resource/Director_of_the_Federal_Bureau_of_Investigation', 'http://dbpedia.org/resource/Donald_Trump', 'http://dbpedia.org/resource/Robert_Mueller']",[]
f2bd7c9ed03d94045a4a7b769be970595b7107,9cb7e9ce952f76b488e8ffef1692a5cd,2019-10-08T13:34:14,"['http://dbpedia.org/resource/Veganism', 'http://dbpedia.org/resource/Vegetarianism']",[]
f2bd7c9ed03d94045a4a7b769be970595b32147,55b468765e7b32a045f5f34b7de86b0b,2019-10-09T00:27:25,['http://dbpedia.org/resource/Nice'],[]
f2bd7c9ed03d94045a4a7b769be970595b32729,754ab21d9d3c07afd0a290a145fa37f3,2019-10-09T00:43:34,['http://dbpedia.org/resource/YouTube'],[]
f2bd7c9ed03d94045a4a7b769be970595b5007,574f6872730e9c61c92f6a1a97557dab,2019-10-08T12:11:34,"['http://dbpedia.org/resource/Defensively_equipped_merchant_ship', 'http://dbpedia.org/resource/Syria']",[]
f2bd7c9ed03d94045a4a7b769be970595b22399,f88bc238578304d2713f6a69ce358c7b,2019-10-08T20:17:34,"['http://dbpedia.org/resource/Liverpool_F.C.', 'http://dbpedia.org/resource/Yom_Kippur']",[]
f2bd7c9ed03d94045a4a7b769be970595b24945,0b41297ae86f9bbf8f3431a192f57538,2019-10-08T21:15:40,"['http://dbpedia.org/resource/Carson_Wentz', 'http://dbpedia.org/resource/Dak_Prescott', 'http://dbpedia.org/resource/Interception']",[]
f2bd7c9ed03d94045a4a7b769be970595b1563,cde47cfaa87e6eea73ec824fef4e5cea,2019-10-08T09:29:58,['http://dbpedia.org/resource/CBS'],[]
f2bd7c9ed03d94045a4a7b769be970595b13674,5fc418841731e015a97639b7aa28b0d3,2019-10-08T16:41:17,['http://dbpedia.org/resource/Social_media'],[]
f2bd7c9ed03d94045a4a7b769be970595b665,2c4b19a038af5922e92762435418be68,2019-10-08T08:48:17,['http://dbpedia.org/resource/The_New_York_Times'],[]
f2bd7c9ed03d94045a4a7b769be970595b6418,b81c4df09bd63401ff46d7563b315564,2019-10-08T13:07:12,['http://dbpedia.org/resource/India'],[]
f2bd7c9ed03d94045a4a7b769be970595b9689,c6ddf561ddebc3a1ed16a08e402ef61d,2019-10-08T14:57:00,['http://dbpedia.org/resource/George_H._W._Bush'],[]
f2bd7c9ed03d94045a4a7b769be970595b21622,873f7d8c8ec297c85064e817765466cb,2019-10-08T19:54:50,"['http://dbpedia.org/resource/Fortnite', 'http://dbpedia.org/resource/PlayStation_4']",[]
f2bd7c9ed03d94045a4a7b769be970595b23684,b90b7ef881a0348b8ba14e21c532b0c6,2019-10-08T20:46:28,['http://dbpedia.org/resource/Yom_Kippur'],[]
f2bd7c9ed03d94045a4a7b769be970595b21289,e63e6c867082b1b292ae85f1e323bfac,2019-10-08T19:45:46,['http://dbpedia.org/resource/YouTube'],[]
f2bd7c9ed03d94045a4a7b769be970595b25900,e9a5c73b0f1ef26cc2d02f3d8787c188,2019-10-08T21:37:29,['http://dbpedia.org/resource/Twitter'],[]
f2bd7c9ed03d94045a4a7b769be970595b4179,c7029578fe926b4303e560029844812f,2019-10-08T11:34:09,['http://dbpedia.org/resource/National_Basketball_Association'],[]
f2bd7c9ed03d94045a4a7b769be970595b6553,4fb9954e3252d4d1c72e1a86d3d7a898,2019-10-08T13:11:53,['http://dbpedia.org/resource/Nice'],[]
f2bd7c9ed03d94045a4a7b769be970595b3257,412658cdbe9c873d39346f8d35945c25,2019-10-08T11:00:06,['http://dbpedia.org/resource/Chief_executive_officer'],[]
f2bd7c9ed03d94045a4a7b769be970595b31339,17d3d2f33eba02c029fbe5a566899c22,2019-10-08T23:59:41,['http://dbpedia.org/resource/Netflix'],[]
f2bd7c9ed03d94045a4a7b769be970595b21054,79c4229e8cfdbe643102980fe31cf4c1,2019-10-08T19:40:01,['http://dbpedia.org/resource/Eliud_Kipchoge'],[]
f2bd7c9ed03d94045a4a7b769be970595b31079,b0a9ae5d7fdbe9378105fcd8104e227a,2019-10-08T23:52:13,['http://dbpedia.org/resource/President_of_the_United_States'],[]
f2bd7c9ed03d94045a4a7b769be970595b28536,71135b0342df8ebfd83697e5ed8d9b3d,2019-10-08T22:41:03,['http://dbpedia.org/resource/Midfielder'],[]
f2bd7c9ed03d94045a4a7b769be970595b19417,da57efc0cdb9bfebec24221df99e3fec,2019-10-08T18:59:04,['http://dbpedia.org/resource/Carrie_Lam'],[]
f2bd7c9ed03d94045a4a7b769be970595b35095,541c0b3dbffb9a62a9e870ce245afebd,2019-10-09T01:57:20,['http://dbpedia.org/resource/Twitter'],[]
f2bd7c9ed03d94045a4a7b769be970595b17011,b998c28c96cc91f415063cfb71ef4a99,2019-10-08T18:01:15,['http://dbpedia.org/resource/Europe'],[]
f2bd7c9ed03d94045a4a7b769be970595b34290,af8cdf7bb725e390446d035b9b013657,2019-10-09T01:29:45,['http://dbpedia.org/resource/Twitter'],[]
f2bd7c9ed03d94045a4a7b769be970595b5889,81ce3391824c7c786ce0da98e9a1ef7b,2019-10-08T12:50:59,['http://dbpedia.org/resource/Michael_Jackson'],[]
f2bd7c9ed03d94045a4a7b769be970595b8029,c32079c7bf192353412df64e3134f0c5,2019-10-08T14:06:52,['http://dbpedia.org/resource/Defensively_equipped_merchant_ship'],[]
f2bd7c9ed03d94045a4a7b769be970595b2492,0a78da91c1ddcb0e4e5801f20b2d36be,2019-10-08T10:15:51,['http://dbpedia.org/resource/Ciara'],[]
f2bd7c9ed03d94045a4a7b769be970595b14532,23214b4bfd6aa539c2b69ef609f555a5,2019-10-08T17:01:38,['http://dbpedia.org/resource/Solid-state_drive'],[]
f2bd7c9ed03d94045a4a7b769be970595b4416,6d1a856af7accf63ccd56506e4ebf9ae,2019-10-08T11:46:24,['http://dbpedia.org/resource/BTS'],[]
f2bd7c9ed03d94045a4a7b769be970595b5489,434e8c31ec6fda2daa581450f1f019e9,2019-10-08T12:36:08,['http://dbpedia.org/resource/Internal_Revenue_Service'],[]
f2bd7c9ed03d94045a4a7b769be970595b23114,d1d62e4f70a0d50a1c0a58fa31192b80,2019-10-08T20:32:26,['http://dbpedia.org/resource/Twitter'],[]
f2bd7c9ed03d94045a4a7b769be970595b12464,04c9bc1cfa0dd8d077b383d92e46b94f,2019-10-08T16:12:33,['http://dbpedia.org/resource/BTS'],[]
f2bd7c9ed03d94045a4a7b769be970595b10767,d6589ccc4596c4af214d431988dd977b,2019-10-08T15:26:38,['http://dbpedia.org/resource/Angela_Merkel'],[]
f2bd7c9ed03d94045a4a7b769be970595b31445,b7507635874c888dfd4cdf8fc757ce53,2019-10-09T00:04:04,['http://dbpedia.org/resource/James_Clapper'],[]
f2bd7c9ed03d94045a4a7b769be970595b2706,e5537abe5f66b4f9f3018ae055e34ed1,2019-10-08T10:23:50,"['http://dbpedia.org/resource/Instagram', 'http://dbpedia.org/resource/LinkedIn', 'http://dbpedia.org/resource/Pinterest', 'http://dbpedia.org/resource/Twitter']",[]
f2bd7c9ed03d94045a4a7b769be970595b11079,b9348fb9a8d470ed10790511044d8a5b,2019-10-08T15:32:32,['http://dbpedia.org/resource/Bald_eagle'],[]
f2bd7c9ed03d94045a4a7b769be970595b2037,ec0cce5026eb90b1d3d326e0a06b2298,2019-10-08T09:51:49,['http://dbpedia.org/resource/Netflix'],[]
f2bd7c9ed03d94045a4a7b769be970595b16749,9b903376bb414333a84c0fb6a882201d,2019-10-08T17:55:03,['http://dbpedia.org/resource/TC_Energy'],[]
f2bd7c9ed03d94045a4a7b769be970595b13523,a0e2319a2ec6d6bf6645af8c9f6feab6,2019-10-08T16:37:58,['http://dbpedia.org/resource/Midfielder'],[]
f2bd7c9ed03d94045a4a7b769be970595b567,deb907cdbfb6cf558ed599ee76b0362e,2019-10-08T08:43:37,"['http://dbpedia.org/resource/BTS', 'http://dbpedia.org/resource/Viral_video']",[]
f2bd7c9ed03d94045a4a7b769be970595b4066,155ebf331f9c0d6052cb8a89245b84f0,2019-10-08T11:28:25,"['http://dbpedia.org/resource/Diabetes', 'http://dbpedia.org/resource/The_Pentagon']",[]
f2bd7c9ed03d94045a4a7b769be970595b25277,4e931fc03502904512e61b684a89158b,2019-10-08T21:22:37,['http://dbpedia.org/resource/Sweden'],[]
f2bd7c9ed03d94045a4a7b769be970595b9731,faa7018a45bc27c6e43aa885a697e9c8,2019-10-08T14:58:27,['http://dbpedia.org/resource/National_Basketball_Association'],[]
f2bd7c9ed03d94045a4a7b769be970595b11589,e59ff674abc69090b44522e9df9531f4,2019-10-08T15:47:34,['http://dbpedia.org/resource/Chicago'],[]
f2bd7c9ed03d94045a4a7b769be970595b29329,cdb0acb1de1ce5fbfda993f0a90ea89c,2019-10-08T23:00:38,['http://dbpedia.org/resource/KFC'],[]
f2bd7c9ed03d94045a4a7b769be970595b34552,f61735c89d17f3b6391aed9862aedd68,2019-10-09T01:40:51,['http://dbpedia.org/resource/Twitter'],[]
f2bd7c9ed03d94045a4a7b769be970595b5334,23a616de7abb6a6b9d092a30b8c6369e,2019-10-08T12:29:15,"['http://dbpedia.org/resource/Midfielder', 'http://dbpedia.org/resource/Snapchat']",[]
f2bd7c9ed03d94045a4a7b769be970595b12839,883b5a2aca660914bfa792fe3edb7aaf,2019-10-08T16:19:38,"['http://dbpedia.org/resource/Hindi', 'http://dbpedia.org/resource/Urdu']",[]
f2bd7c9ed03d94045a4a7b769be970595b31573,674d868d80b3a629cc1a762eadfca194,2019-10-09T00:07:59,['http://dbpedia.org/resource/Twitter'],[]
f2bd7c9ed03d94045a4a7b769be970595b4523,6e5a88b78c829853a278adebd566b352,2019-10-08T11:51:38,['http://dbpedia.org/resource/Castilian_Party'],[]
f2bd7c9ed03d94045a4a7b769be970595b17142,059144aaa15be5155040cdcee6ed83f2,2019-10-08T18:03:13,['http://dbpedia.org/resource/Association_football'],[]
f2bd7c9ed03d94045a4a7b769be970595b12577,777f304f5e14e4ca56be56797ac5ed57,2019-10-08T16:14:12,['http://dbpedia.org/resource/Twitter'],[]
f2bd7c9ed03d94045a4a7b769be970595b19631,85455e2b7dcb58774b0d85d3f46735c5,2019-10-08T19:03:01,['http://dbpedia.org/resource/Child_sexual_abuse'],[]
f2bd7c9ed03d94045a4a7b769be970595b21905,94e29fe721b8fa1fe6941609e4332afa,2019-10-08T20:03:04,['http://dbpedia.org/resource/Bachelor_of_Science'],[]
f2bd7c9ed03d94045a4a7b769be970595b36321,01be2d48934d28dc8bcff3b980f27474,2019-10-09T02:28:45,"['http://dbpedia.org/resource/Elizabeth_Warren', 'http://dbpedia.org/resource/Sexism']",[]
f2bd7c9ed03d94045a4a7b769be970595b3051,5bf7f048ef5d7af60a6962a68191d29f,2019-10-08T10:47:03,"['http://dbpedia.org/resource/National_Basketball_Association', 'http://dbpedia.org/resource/Tencent']",[]
f2bd7c9ed03d94045a4a7b769be970595b30018,edba209421c03fd1b806e6026b7a4929,2019-10-08T23:20:08,"['http://dbpedia.org/resource/George_W._Bush', 'http://dbpedia.org/resource/The_Ellen_DeGeneres_Show']",[]
f2bd7c9ed03d94045a4a7b769be970595b18680,e96491a757e9482afd0bc14da19b1ccf,2019-10-08T18:43:02,['http://dbpedia.org/resource/Defensively_equipped_merchant_ship'],[]
f2bd7c9ed03d94045a4a7b769be970595b412,1664d1686f6c23bfa2a557781948c7e1,2019-10-08T08:38:00,['http://dbpedia.org/resource/Abraham_Lincoln'],[]
f2bd7c9ed03d94045a4a7b769be970595b7733,d5bc44880114e93ffa2e3869d884a238,2019-10-08T13:56:57,['http://dbpedia.org/resource/Light-on-dark_color_scheme'],[]
f2bd7c9ed03d94045a4a7b769be970595b25849,e5ff86a7ef3a59dfda46961e16ecc497,2019-10-08T21:36:33,['http://dbpedia.org/resource/Evangelicalism'],[]
f2bd7c9ed03d94045a4a7b769be970595b12367,141e8ae16916e3f40add58ebfb8c3252,2019-10-08T16:09:17,['http://dbpedia.org/resource/Public_space'],[]
f2bd7c9ed03d94045a4a7b769be970595b31263,0d54f95f0e414c18ed1a1eb664865c7f,2019-10-08T23:57:32,['http://dbpedia.org/resource/Panda_Express'],[]
f2bd7c9ed03d94045a4a7b769be970595b28045,d12f3f2f23b32ce117ec780b5d8092bf,2019-10-08T22:27:49,['http://dbpedia.org/resource/Greece'],[]
f2bd7c9ed03d94045a4a7b769be970595b14062,74f7264cd2250df2ffc45fa47c104133,2019-10-08T16:50:53,['http://dbpedia.org/resource/Dubai'],[]
f2bd7c9ed03d94045a4a7b769be970595b27130,e26749df390e951930d0f0e01488f68b,2019-10-08T22:04:44,['http://dbpedia.org/resource/BTS'],[]
f2bd7c9ed03d94045a4a7b769be970595b10784,88123f67b305e15477d2c71ad24fa33c,2019-10-08T15:26:54,['http://dbpedia.org/resource/Adobe_Photoshop'],[]
f2bd7c9ed03d94045a4a7b769be970595b16421,227e084343755abea00d64d21c543ed4,2019-10-08T17:46:37,['http://dbpedia.org/resource/Asylum_seeker'],[]
f2bd7c9ed03d94045a4a7b769be970595b29290,1e784fd019a3d1f21534c188ea324312,2019-10-08T23:00:00,"['http://dbpedia.org/resource/President_of_the_United_States', 'http://dbpedia.org/resource/Telephone_call']",[]
f2bd7c9ed03d94045a4a7b769be970595b28834,ea932d915f03635cf2195895f96884cf,2019-10-08T22:48:37,"['http://dbpedia.org/resource/Central_Intelligence_Agency', 'http://dbpedia.org/resource/President_of_the_United_States']",[]
f2bd7c9ed03d94045a4a7b769be970595b20077,efa04910db7025cdb1f6414a48314341,2019-10-08T19:14:32,['http://dbpedia.org/resource/Coffee'],[]
f2bd7c9ed03d94045a4a7b769be970595b15865,c576fc0c7f2cfdd97cd6e121e6b00cae,2019-10-08T17:34:36,"['http://dbpedia.org/resource/Light-on-dark_color_scheme', 'http://dbpedia.org/resource/Snapchat']",[]
f2bd7c9ed03d94045a4a7b769be970595b21600,e1c5ee6b39a86c699e075834bef8c62b,2019-10-08T19:54:49,['http://dbpedia.org/resource/Netflix'],[]
f2bd7c9ed03d94045a4a7b769be970595b11966,99bb5cce13547e83a3e170e9244dca4a,2019-10-08T15:59:40,"['http://dbpedia.org/resource/Evan_Engram', 'http://dbpedia.org/resource/Saquon_Barkley', 'http://dbpedia.org/resource/Sterling_Shepard']",[]
f2bd7c9ed03d94045a4a7b769be970595b16668,94d2e32f69722f59f716cd0e173727e7,2019-10-08T17:53:34,"['http://dbpedia.org/resource/Cottage_cheese', 'http://dbpedia.org/resource/East_Africa_Time']",[]
f2bd7c9ed03d94045a4a7b769be970595b4675,f72fcb33944a7837d9746dcaab76b82b,2019-10-08T11:59:50,"['http://dbpedia.org/resource/Imma', 'http://dbpedia.org/resource/Twitter']",[]
f2bd7c9ed03d94045a4a7b769be970595b13315,d213280dea2f03702516c121d5a565f5,2019-10-08T16:33:13,['http://dbpedia.org/resource/Amazon_Kindle'],[]
f2bd7c9ed03d94045a4a7b769be970595b8761,ccfabe2455e55c6f1c7c719389dddb38,2019-10-08T14:31:50,"['http://dbpedia.org/resource/Siri', 'http://dbpedia.org/resource/Snapchat']",[]
f2bd7c9ed03d94045a4a7b769be970595b27002,421d2989d1f10502ed745b00bcf344d5,2019-10-08T22:01:48,['http://dbpedia.org/resource/WhatsApp'],[]
f2bd7c9ed03d94045a4a7b769be970595b29824,37430a92973d1adca9934f0a5ecc53d2,2019-10-08T23:15:40,['http://dbpedia.org/resource/Devlin_Hodges'],[]
f2bd7c9ed03d94045a4a7b769be970595b9531,e5cba950d7549dcbc5ad7c6b0ea828e4,2019-10-08T14:51:42,['http://dbpedia.org/resource/Impeachment'],[]
f2bd7c9ed03d94045a4a7b769be970595b9445,6c9e57ce31e43120d9e4bcfa6f832112,2019-10-08T14:50:28,['http://dbpedia.org/resource/Computer_science'],[]
f2bd7c9ed03d94045a4a7b769be970595b11628,55112442314b7a4ebf8c322b977e697c,2019-10-08T15:47:54,['http://dbpedia.org/resource/Twitter'],[]
f2bd7c9ed03d94045a4a7b769be970595b29860,5b6e652809d11dff02bf56e1170edeea,2019-10-08T23:16:32,"['http://dbpedia.org/resource/CNN', 'http://dbpedia.org/resource/Ellen_DeGeneres', 'http://dbpedia.org/resource/George_W._Bush', 'http://dbpedia.org/resource/Supreme_Court_of_the_United_States']",[]
f2bd7c9ed03d94045a4a7b769be970595b32270,cbc80be568d157e1f71dba0465a2f96d,2019-10-09T00:30:04,"['http://dbpedia.org/resource/Ryan_Reynolds', 'http://dbpedia.org/resource/Will_Ferrell']",[]
f2bd7c9ed03d94045a4a7b769be970595b22251,2fb58044450f9c18a0bc7f0bca7ec572,2019-10-08T20:12:30,['http://dbpedia.org/resource/Police_car'],[]
f2bd7c9ed03d94045a4a7b769be970595b14127,52ee7bca613cd923010c50c60cecf95d,2019-10-08T16:53:55,['http://dbpedia.org/resource/Twitter'],[]
f2bd7c9ed03d94045a4a7b769be970595b17267,6dfd8725ad2a859a729699bda3e34583,2019-10-08T18:08:06,['http://dbpedia.org/resource/Light-on-dark_color_scheme'],[]
f2bd7c9ed03d94045a4a7b769be970595b20287,4375d86b9f9e6232e215862e498361e9,2019-10-08T19:19:23,['http://dbpedia.org/resource/Defensively_equipped_merchant_ship'],[]
f2bd7c9ed03d94045a4a7b769be970595b7346,edab7254eac2f1957c0b7e0c7848fd71,2019-10-08T13:43:23,['http://dbpedia.org/resource/IMessage'],[]
f2bd7c9ed03d94045a4a7b769be970595b11179,746510082a40db0d14915d3d218a368a,2019-10-08T15:35:00,['http://dbpedia.org/resource/Chicago'],[]
f2bd7c9ed03d94045a4a7b769be970595b6176,5fabc213ea9cc9781ae05b0d72f157d8,2019-10-08T13:00:22,['http://dbpedia.org/resource/Kashmir'],[]
f2bd7c9ed03d94045a4a7b769be970595b473,0854c7e4122e60f9bfacc577cc833823,2019-10-08T08:40:30,['http://dbpedia.org/resource/Twitter'],[]
f2bd7c9ed03d94045a4a7b769be970595b1082,f830195471ab49f727575d7abc29ef57,2019-10-08T09:06:46,['http://dbpedia.org/resource/Manhattan'],[]
f2bd7c9ed03d94045a4a7b769be970595b20879,bba8dad253da350279857f9c4cdbc1f2,2019-10-08T19:36:44,['http://dbpedia.org/resource/Instagram'],[]
f2bd7c9ed03d94045a4a7b769be970595b33783,2710849a5aa65fb9cbadd67002c5f088,2019-10-09T01:14:22,['http://dbpedia.org/resource/Phishing'],[]
f2bd7c9ed03d94045a4a7b769be970595b10976,6e28245efedacb4310ad5e42fe8e45ef,2019-10-08T15:30:00,['http://dbpedia.org/resource/Land_Rover'],[]
f2bd7c9ed03d94045a4a7b769be970595b4534,27ff0de2b1ad4f5abff6c860d5f2af54,2019-10-08T11:51:41,['http://dbpedia.org/resource/Baker_Mayfield'],[]
f2bd7c9ed03d94045a4a7b769be970595b1192,cdcc144ae046b67e4ec12661dcd88f80,2019-10-08T09:10:29,['http://dbpedia.org/resource/Gospel_music'],[]
f2bd7c9ed03d94045a4a7b769be970595b23725,e2da718ca05984e9e6fe1422157d6f43,2019-10-08T20:47:22,['http://dbpedia.org/resource/Chelsea_F.C.'],[]
f2bd7c9ed03d94045a4a7b769be970595b18279,afa77dcba6a717bb32693412303c5334,2019-10-08T18:34:55,['http://dbpedia.org/resource/Pregnancy'],[]
f2bd7c9ed03d94045a4a7b769be970595b23172,8edd7f0b87c0fc8a0af95e6bcb9432d3,2019-10-08T20:33:27,"['http://dbpedia.org/resource/Disneyland', 'http://dbpedia.org/resource/Halloween']",[]
f2bd7c9ed03d94045a4a7b769be970595b21014,e80b3674dafad30d4ec478fff7e519d7,2019-10-08T19:39:25,['http://dbpedia.org/resource/Grand_jury'],[]
f2bd7c9ed03d94045a4a7b769be970595b13817,45d8f9d22559c84ea46c5b359c96a8a1,2019-10-08T16:43:09,['http://dbpedia.org/resource/Birmingham'],[]
f2bd7c9ed03d94045a4a7b769be970595b30271,7e2b7d8a01168fc8772cb006a1be634b,2019-10-08T23:25:16,['http://dbpedia.org/resource/Halloween'],[]
f2bd7c9ed03d94045a4a7b769be970595b11155,07fa8357bc47b203d33a350be0abdf64,2019-10-08T15:34:31,['http://dbpedia.org/resource/Cleveland'],[]
f2bd7c9ed03d94045a4a7b769be970595b26829,6ca25c9322f9a543238ca09d93eaf3eb,2019-10-08T21:58:17,['http://dbpedia.org/resource/Bachelor_of_Science'],[]
